date,F_NA,F_SA,F_SO,F_PO,F_IO,SST_NA,SST_SA,SST_SO,SST_PO,SST_IO,pCO2_air,month_sin,month_cos,year_norm,DISEQ_NA,DISEQ_SA,DISEQ_SO,DISEQ_PO,DISEQ_IO
1987-07-01,0.0562857742799029,0.3314140263246929,-0.0800668196856257,-1.2096768880682802,1.0186615156135723,291.64407838204266,290.3225813192315,272.37430359179774,292.64665970127425,291.53085904666534,340.0835928872889,-0.4999999999999997,-0.8660254037844388,0.0,-0.002337318182623685,-0.0035656836827591062,0.00873132668768947,-0.006865473132056066,-0.004857695738138592
1987-08-01,-0.0824280163758154,0.3783582970066009,-0.0685494562784302,-0.880569428366203,0.7288955579009148,291.64581098478243,290.3224284425192,272.37373285207167,292.64823942730163,291.5311240329667,340.2685940927681,-0.8660254037844384,-0.5000000000000004,0.003097521982410452,-0.002331489689473002,-0.0035589791170183675,0.008744207612630549,-0.006859742782291341,-0.0048513385923849624
1987-09-01,-0.0626066451994768,0.4878466245962825,-0.0768457606212337,-0.9725393078373216,0.7928105532958244,291.64754358752214,290.3222755658069,272.37316211234565,292.649819153329,291.5313890192681,340.4535952982478,-1.0,-1.8369701987210297e-16,0.0061950439648291965,-0.002326511081884527,-0.00355152650758735,0.00875101547747952,-0.0068540012467604595,-0.004845221002644248
1987-10-01,-0.1233402030678843,0.2495379295486767,-0.0614138773220358,-0.4347787905824105,0.1501006053936031,291.6492202998509,290.3221276206014,272.3726097835785,292.6513479204523,291.5316454576243,340.6326287229052,-0.8660254037844386,0.5000000000000001,0.009192645883292262,-0.0023216929182345233,-0.003544317703917199,0.008757616790337205,-0.006848445424856747,-0.004839300821218775
1987-11-01,0.3180860423458414,0.382154280277178,-0.0652114554293023,0.1237487029698289,0.6324223744845092,291.65095290259063,290.3219747438891,272.3720390438525,292.6529276464797,291.5319104439256,340.81762992838446,-0.5000000000000004,0.8660254037844384,0.012290167865702714,-0.002316713989631186,-0.0035368721100858813,0.008764451609636554,-0.006842704928441719,-0.0048331833692310845
1987-12-01,0.0,0.0,0.0,0.0,0.0,291.65262961491936,290.3218267986836,272.3714867150854,292.654456413603,291.5321668822818,340.9966633530424,-2.4492935982947064e-16,1.0,0.01528776978417407,-0.0023119228442507293,-0.003529646294433135,0.008770884276661768,-0.006837149735419304,-0.004827271042851021
1988-01-01,0.6316579806101144,0.3353417088007489,-0.1013644038301904,0.8873112385170844,-0.3929749672002819,291.6543622176591,290.32167392197124,272.37091597535937,292.6560361396304,291.53243186858316,341.1816645585216,0.49999999999999994,0.8660254037844387,0.018385291766584523,-0.0023069163018814287,-0.0035222313495260078,0.008777940198427434,-0.006831410654601031,-0.0048211460073385205
1988-02-01,0.4611556548374538,0.3263187029534065,-0.118623419392528,-0.1624975102637057,0.6069880408898934,291.6560900865116,290.3215214629549,272.3703467950315,292.6576115494664,291.53269613087826,341.3661602962263,0.8660254037844386,0.5000000000000001,0.021474350574179894,-0.0023019528314910456,-0.0035148145299289685,0.008784780041633822,-0.006825687372860052,-0.004815046130481579
1988-03-01,0.7713249069624972,0.0721032668563065,-0.3093824156893193,0.3848605174222287,-0.2592825484387273,291.6577064799542,290.32137884000406,272.3698143360151,292.65908531995825,291.532943343993,341.538753083112,1.0,6.123233995736766e-17,0.024364115265166644,-0.002297336700955714,-0.003507855944032943,0.008790997377612363,-0.00682033343466187,-0.0048093475762743115
1988-04-01,0.4393888362401333,0.3624644698145717,-0.1302647109520556,0.1540637052739047,0.7154558197036609,291.65943434880666,290.32122638098764,272.3692451556872,292.6606607297943,291.5332076062881,341.7232488208167,0.8660254037844387,-0.4999999999999998,0.027453174072762015,-0.002292345690076159,-0.003500469307047121,0.008798056625433238,-0.0068146115451980065,-0.004803240115107134
1988-05-01,0.2034684572130587,0.515033467928723,-0.0921954695389056,-0.1458409891568281,0.7759714245070687,291.6611064799542,290.3210788400041,272.3686943360151,292.66218531995827,291.533463343993,341.90179308311167,0.49999999999999994,-0.8660254037844387,0.03044258582204893,-0.002287569109531644,-0.0034932784158351066,0.008804521314088145,-0.006809073993947201,-0.004797344922668612
1988-06-01,-0.0269536656027027,0.7424484289343375,-0.0766940720492901,0.0803720625739809,1.2440580804479384,291.66283434880665,290.32092638098766,272.3681251556872,292.6637607297943,291.5337276062881,342.0862888208169,1.2246467991473532e-16,-1.0,0.03353164462965259,-0.0022825778616175334,-0.0034858983714790848,0.008811606030619461,-0.00680335313699053,-0.004791237600733696
1988-07-01,0.3156228485465102,0.8437427536543751,-0.0440514344167901,0.6157783197285674,1.0346301057463132,291.6645064799542,290.32077884000404,272.3675743360151,292.66528531995823,291.533983343993,342.26483308311185,-0.4999999999999997,-0.8660254037844388,0.03652105637893951,-0.0022777738018371334,-0.0034787372814734027,0.0088182887293081,-0.006797816960426804,-0.0047853348238938165
1988-08-01,-0.0184106194680659,0.6617982953590686,-0.0577504629913814,0.4339231531135251,0.4548363308941239,291.66623434880665,290.3206263809877,272.36700515568725,292.66686072979434,291.5342476062881,342.44932882081656,-0.8660254037844384,-0.5000000000000004,0.03961011518653488,-0.002272809461229597,-0.0034713409141701804,0.008825207392704794,-0.006792096760958466,-0.00477923535639845
1988-09-01,-0.2464083175491163,0.5162894311984572,-0.0419221160297027,0.9341654361754969,0.4984857846094186,291.6679622176591,290.32047392197126,272.36643597535937,292.6684361396304,291.53451186858314,342.6338245585218,-1.0,-1.8369701987210297e-16,0.04269917399413854,-0.002267844986525158,-0.0034639479629577034,0.00883213924509945,-0.006786377086096708,-0.0047731359588666054
1988-10-01,0.1049296483463062,0.4124132041719014,-0.0305404225439869,0.2726119183707317,0.9393129586509056,291.66963434880665,290.32032638098764,272.36588515568724,292.6699607297943,291.5347676062881,342.81236882081674,-0.8660254037844386,0.5000000000000001,0.04568858574342546,-0.0022630405189795477,-0.003456796792606593,0.008838860217101266,-0.00678084241651491,-0.004767233382197901
1988-11-01,0.3067194455172703,0.3603810607198388,-0.0218006999947053,1.0957562380525985,0.6891728051963566,291.6713622176591,290.3201739219713,272.36531597535935,292.6715361396304,291.53503186858313,342.99686455852145,-0.5000000000000004,0.8660254037844384,0.04877764455102083,-0.002258048709310864,-0.0034494331257630562,0.008846008277404607,-0.006775124147599999,-0.004761126409469142
1988-12-01,0.5384738508874443,0.2753953807837973,-0.0140650378662686,0.4128114981397933,0.9404579285910168,291.67303434880665,290.32002638098766,272.3647651556872,292.6730607297943,291.5352876062881,343.17540882081687,-2.4492935982947064e-16,1.0,0.051767056300316035,-0.002253244003542836,-0.0034422883820141113,0.008852754097898511,-0.006769590476796136,-0.0047552239663048255
1989-01-01,0.6572739961476463,0.4725156136129547,-0.0033759090861472,0.72416004685922,-0.2351618046500578,291.6747622176591,290.31987392197124,272.36419597535934,292.67463613963037,291.5355518685831,343.35990455852163,0.49999999999999994,0.8660254037844387,0.05485611510791141,-0.0022482790054416946,-0.0034349088625615226,0.008859737849287855,-0.006763872866477755,-0.004749124843435301
1989-02-01,0.5076630039575454,0.4535268963150181,-0.0870374405681438,0.3841359011229535,0.3752542457345691,291.67649482039883,290.3197210452589,272.3636252356333,292.6762158656578,291.5358168548845,343.5449057640009,0.8660254037844386,0.5000000000000001,0.05795363709032186,-0.00224329798783072,-0.003427514394595068,0.008866769873938215,-0.006758140149667084,-0.004743008425927736
1989-03-01,0.5206600136897204,0.3589783498688932,-0.1247625283515197,0.9155529913173308,0.5524706313321675,291.67805975190566,290.31958296306715,272.363109728784,292.6776427149729,291.53605619735026,343.7120036270146,1.0,6.123233995736766e-17,0.06075139888089015,-0.002238825863020733,-0.003420816381949049,0.008872944266678116,-0.006752962292766968,-0.004737491688573335
1989-04-01,0.6218299849632186,0.2029309519271535,-0.1571031251334506,0.4005676680728514,0.680408129004693,291.67979235464543,290.3194300863548,272.362538989058,292.67922244100026,291.53632118365164,343.8970048324943,0.8660254037844387,-0.4999999999999998,0.0638489208633089,-0.0022338176269225095,-0.0034134504959787842,0.008880189940206177,-0.006747230951974891,-0.004731367695369186
1989-05-01,0.2838498440126005,0.5424378508500355,-0.1378456445407392,0.111174019429507,0.915028428394122,291.68146906697416,290.31928214114936,272.3619866602909,292.6807512081235,291.5365776220078,344.0760382571517,0.49999999999999994,-0.8660254037844387,0.06684652278177196,-0.0022290238610120448,-0.0034062821956798908,0.008886844196065525,-0.006741684263003242,-0.004725456484639325
1989-06-01,0.2679654182702555,0.7650808665174627,-0.0924512297682836,0.1890518213527395,0.994367965979356,291.6832016697139,290.31912926443704,272.36141592056487,292.6823309341509,291.5368426083092,344.26103946263095,1.2246467991473532e-16,-1.0,0.06994404476418241,-0.002224015437341586,-0.003398922706960815,0.00889411471367195,-0.006735953959031104,-0.004719332631886505
1989-07-01,0.4071918829867809,0.565203461019627,-0.0843048079052879,0.3083971633327792,0.9541946177470346,291.68487838204265,290.3189813192315,272.36086359179774,292.68385970127423,291.53709904666533,344.44007288728886,-0.4999999999999997,-0.8660254037844388,0.07294164668265377,-0.0022191945157147078,-0.003391782689950029,0.008900981551550852,-0.00673040864559738,-0.004713413848158741
1989-08-01,0.3663797485139162,0.723779100719014,-0.0276736579465269,0.5742227958957917,1.1812991164846516,291.6866109847824,290.3188284425192,272.36029285207167,292.6854394273016,291.5373640329667,344.6250740927681,-0.8660254037844384,-0.5000000000000004,0.07603916866506423,-0.002214212777002589,-0.0033844079963906183,0.008908090167278322,-0.0067246790068739605,-0.004707297840752878
1989-09-01,-0.0386638264792156,0.4402438533038082,-0.0405338823782936,0.8222098562480921,0.9341799697188288,291.6883435875221,290.31867556580687,272.35972211234565,292.687019153329,291.5376290192681,344.81007529824785,-1.0,-1.8369701987210297e-16,0.07913669064748297,-0.0022092309299991553,-0.0033770366174763564,0.008915211648438351,-0.006718949894943468,-0.004701181904015217
1989-10-01,0.1148708077966418,0.3620564965181809,-0.0456756628628233,0.2199621217522096,0.6897347411098506,291.6900202998509,290.3185276206014,272.3591697835785,292.6885479204523,291.53788545762427,344.98910872290526,-0.8660254037844386,0.5000000000000001,0.08213429256594604,-0.0022044096753973206,-0.003369906225656017,0.008922115819743805,-0.006713406094767862,-0.004695263322398764
1989-11-01,0.1663652234340827,0.2525566535718071,-0.0002046381876414,0.1883006482150399,0.5374493033490987,291.6917529025906,290.3183747438891,272.3585990438525,292.6901276464797,291.53815044392564,345.1741099283845,-0.5000000000000004,0.8660254037844384,0.08523181454835649,-0.002199427598133791,-0.0033625414529677156,0.008929262931688685,-0.00670767801964192,-0.00468914752371896
1989-12-01,0.152831667719788,0.2721942746240395,-0.0118690366628133,1.0155923370118307,0.2400061491187313,291.6934296149194,290.3182267986836,272.3580467150854,292.69165641360297,291.5384068822818,345.35314335304236,-2.4492935982947064e-16,1.0,0.08822941646682785,-0.0021946329011043354,-0.0033553963003963173,0.008936006793604852,-0.006702134852814571,-0.004683236776928968
1990-01-01,0.469719502748104,0.3784676159626947,-0.0155768964311567,0.4265163392960379,0.3684065045988323,291.6951622176591,290.3180739219713,272.35747597535936,292.69323613963036,291.53867186858315,345.5381445585216,0.49999999999999994,0.8660254037844387,0.0913269384492383,-0.0021896238469406165,-0.003348059130074082,0.00894336409371995,-0.00669640818389158,-0.004677113415395397
1990-02-01,0.459753737903888,0.3808300295081275,-0.0402230636746048,0.4528652631271464,0.1657213659151263,291.6968948203988,290.3179210452589,272.35690523563335,292.6948158656578,291.5389368548845,345.72314576400083,0.8660254037844386,0.5000000000000001,0.09442446043164875,-0.0021846414482629348,-0.0033407042026284747,0.008950549455861321,-0.006690681671954227,-0.004670997824729545
1990-03-01,0.56320174257667,0.3459694832799911,-0.1013818319756948,-0.1809452094202767,0.3757929835200665,291.6984597519057,290.31778296306715,272.356389728784,292.69624271497287,291.5391761973503,345.89024362701457,1.0,6.123233995736766e-17,0.09722222222221703,-0.0021801945383760624,-0.0033340222936266897,0.008956682885685635,-0.00668550905325991,-0.004665489522877153
1990-04-01,0.4408146171323256,0.6200333387699752,-0.1342077515109684,0.4762944049902884,0.5325658880675674,291.7001923546454,290.3176300863548,272.355818989058,292.69782244100026,291.53944118365166,346.0752448324943,0.8660254037844387,-0.4999999999999998,0.10031974420463578,-0.0021751585423151858,-0.0033267151739642033,0.008964260065487147,-0.006679784281321615,-0.00465935866879991
1990-05-01,0.0971953398735068,0.6356271086393068,-0.0999780690079512,0.5673048922933034,0.8802946358457067,291.7018690669742,290.31748214114936,272.35526666029085,292.6993512081235,291.5396976220078,346.2542782571517,0.49999999999999994,-0.8660254037844387,0.10331734612309885,-0.0021703365827908765,-0.0033196066841320784,0.008971249364395265,-0.006674243966690153,-0.004653440551409982
1990-06-01,0.1892610748793945,0.7965464868364827,-0.0757474019656099,-0.5134590059827429,1.3309333156757797,291.7036016697139,290.31732926443703,272.35469592056484,292.7009309341509,291.53996260830917,346.43927946263096,1.2246467991473532e-16,-1.0,0.1064148681055093,-0.0021653271580738213,-0.0033122849210469093,0.008978666752089543,-0.006668519860938285,-0.004647317536789883
1990-07-01,0.2708462978551645,0.6876492242037138,-0.0420069310110721,0.1976936410227457,1.3479901294865242,291.70527838204265,290.31718131923157,272.3541435917977,292.7024597012742,291.54021904666536,346.6183128872889,-0.4999999999999997,-0.8660254037844388,0.10941247002398066,-0.0021605050320883095,-0.0033051825593933253,0.008985679937989299,-0.006662980548392646,-0.004641399554338767
1990-08-01,0.1904876971270616,0.5912180760697692,-0.0287641264024817,-0.5846166120657584,1.4386263332874685,291.7070109847824,290.3170284425192,272.3535728520717,292.7040394273016,291.54048403296673,346.8033140927681,-0.8660254037844384,-0.5000000000000004,0.11250999200639111,-0.0021555220704226937,-0.0032978466783370255,0.008992939460206103,-0.006657257109833744,-0.004635284375046431
1990-09-01,0.1671165279858235,0.5393211329663781,-0.0027417766108036,0.587774701308151,1.2075862824487726,291.7087435875221,290.31687556580687,272.3530021123457,292.705619153329,291.5407490192681,346.9883152982478,-1.0,-1.8369701987210297e-16,0.11560751398880985,-0.0021505390219714055,-0.0032905140141043874,0.009000211528723186,-0.00665153419730256,-0.004629169266547767
1990-10-01,0.1239462088429752,0.449782432669191,-0.0249202415702299,1.0281333292457118,0.6042361050643623,291.7104202998509,290.3167276206014,272.35244978357855,292.7071479204523,291.54100545762424,347.1673487229052,-0.8660254037844386,0.5000000000000001,0.11860511590727292,-0.0021457166255885243,-0.0032834209935291916,0.009007261121445556,-0.0066459963958073465,-0.004623251486560568
1990-11-01,0.317594596455434,0.1670703512301709,-0.0120629598484017,-0.0628194778685618,0.7208573819943465,291.7121529025906,290.3165747438891,272.35187904385253,292.7087276464797,291.5412704439256,347.35234992838446,-0.5000000000000004,0.8660254037844384,0.12170263788968337,-0.0021407333900185822,-0.003276094740095853,0.009014558184728615,-0.0066402745186573235,-0.004617136516265568
1990-12-01,0.2675755241288684,0.4078039227659768,-0.0102013553897756,0.6205364298229034,0.4377788751499304,291.7138296149194,290.3164267986836,272.3513267150854,292.71025641360296,291.5415268822818,347.5313833530424,-2.4492935982947064e-16,1.0,0.12470023980815473,-0.0021359373326183106,-0.003268988032013559,0.009021451462833584,-0.006634737352667149,-0.004611226561015544
1991-01-01,0.4415998249861894,0.3514838432427351,-0.0025153078877238,0.6994428330437661,0.2232196305205398,291.7155622176591,290.3162739219713,272.3507559753594,292.7118361396304,291.5417918685832,347.7163845585216,0.49999999999999994,0.8660254037844387,0.12779776179056518,-0.0021309274227108484,-0.003261687927004816,0.009028953483835358,-0.006629016877015045,-0.004605104038219444
1991-02-01,0.4553868749032307,0.3954423672381479,-0.0937310720687769,0.1260649359706661,0.2962047768414431,291.7172948203988,290.3161210452589,272.3501852356333,292.7134158656578,291.54205685488455,347.90138576400085,0.8660254037844386,0.5000000000000001,0.13089528377297563,-0.002125943930076946,-0.0032543712270032277,0.009036287849407977,-0.006623296561050549,-0.004598989276162504
1991-03-01,0.5290719226300363,0.1806639133005057,-0.1767729431611938,-0.5778121842240826,0.4907183451628034,291.7188597519057,290.31598296306714,272.349669728784,292.71484271497286,291.54229619735025,348.0684836270146,1.0,6.123233995736766e-17,0.13369304556354392,-0.002121495534665655,-0.0032477262662937434,0.00904256474095756,-0.006618129544950993,-0.00459348170245857
1991-04-01,0.3341940750136901,0.4723634334996904,-0.1287114263574331,0.6574848037447231,0.3357568227211375,291.7205923546454,290.3158300863548,272.349098989058,292.71642244100025,291.5425611836516,348.25348483249434,0.8660254037844387,-0.4999999999999998,0.13679056754596267,-0.00211645900118361,-0.0032404546850698553,0.009050281174118636,-0.0066124109609850545,-0.004587351697552141
1991-05-01,0.113558601820513,0.4784566197632561,-0.1590871591826445,-0.1070003846853973,0.5246418601960026,291.7222690669742,290.31568214114935,272.3485466602909,292.7179512081235,291.5428176220078,348.43251825715174,0.49999999999999994,-0.8660254037844387,0.13978816946442574,-0.002111636042965005,-0.0032333829170333103,0.009057413786092747,-0.006606876640705335,-0.004581434382338545
1991-06-01,-0.0958624764477858,0.6951320576293392,-0.0924390957851608,-0.8048336701481056,0.9385320983681266,291.7240016697139,290.31552926443703,272.34797592056486,292.71953093415095,291.5430826083092,348.617519462631,1.2246467991473532e-16,-1.0,0.1428856914468362,-0.002106652239142172,-0.0032260785687338017,0.009064796455156258,-0.006601158360481812,-0.004575319892357217
1991-07-01,-0.0348475438311178,0.7476201886249155,-0.0714743999664115,-0.0360184915689453,1.1365427827222336,291.7256783820427,290.31538131923156,272.34742359179774,292.7210597012742,291.5433390466653,348.79655288728884,-0.4999999999999997,-0.8660254037844388,0.14588329336530753,-0.0021018554955942893,-0.0032189937240388287,0.009071775031329965,-0.006595624676911703,-0.004569410396199831
1991-08-01,0.0120178840771538,0.5015222231736286,-0.0837272906996261,-1.1088278406772318,0.8993072530920478,291.7274109847824,290.3152284425192,272.3468528520717,292.7226394273016,291.5436040329667,348.9815540927681,-0.8660254037844384,-0.5000000000000004,0.148980815347718,-0.002096845188100171,-0.0032117146982122806,0.009079359674694141,-0.006589907795207765,-0.004563288360136067
1991-09-01,0.1398579475972457,0.2636700182823464,-0.0648353689414414,-1.4785964515720753,0.5931343824097536,291.7291435875221,290.31507556580686,272.34628211234565,292.72421915332905,291.5438690192681,349.16655529824783,-1.0,-1.8369701987210297e-16,0.15207833733013673,-0.002091861162265854,-0.0032044197391908735,0.00908677910585739,-0.006584191074624955,-0.0045571740792671265
1991-10-01,-0.0095772362568943,0.3578154579871103,-0.0497258149644896,-0.4458031350612373,0.4618712178308241,291.7308202998509,290.3149276206014,272.3457297835785,292.7257479204523,291.54412545762426,349.34558872290523,-0.8660254037844386,0.5000000000000001,0.1550759392485998,-0.0020870641458805694,-0.0031973442657009486,0.00909379431045399,-0.0065786589009682525,-0.004551264782861981
1991-11-01,0.2752644294896041,0.2580764307428357,-0.0583811399542542,0.1735934624118966,0.5143820919004334,291.7325529025906,290.3147747438891,272.3451590438525,292.7273276464797,291.54439044392564,349.5305899283845,-0.5000000000000004,0.8660254037844384,0.15817346123101025,-0.0020820536904885556,-0.003190074274078884,0.009101414433493804,-0.006572943577631718,-0.004545142958203506
1991-12-01,0.3763182988466754,0.17904897365759,-0.0390979308933806,0.0601064093668299,0.3790255135483861,291.7342296149194,290.3146267986836,272.3446067150854,292.728856413603,291.54464688228177,349.7096233530424,-2.4492935982947064e-16,1.0,0.16117106314948162,-0.0020772302453328072,-0.0031830235874279623,0.009108629625605812,-0.006567412768013994,-0.004539226113149133
1992-01-01,0.3263618372011194,0.1694510966436806,-0.1010454580250998,-0.435094502833013,0.330413580418026,291.7359622176591,290.3144739219713,272.34403597535936,292.7304361396304,291.54491186858314,349.8946245585216,0.49999999999999994,0.8660254037844387,0.16426858513189208,-0.0020722459507347846,-0.0031757409677187053,0.009116097446770827,-0.0065616981150542295,-0.004533112108889108
1992-02-01,0.288361283486011,0.1869026091742176,-0.1415761468399384,0.1312343656218376,0.048559898119653,291.7376900865116,290.31432146295487,272.3434667950315,292.73201154946645,291.54517613087825,350.07912029622634,0.8660254037844386,0.5000000000000001,0.16735764393948743,-0.0020672774381069025,-0.0031684797563111024,0.009123542096367341,-0.006555999568296113,-0.004527015530198913
1992-03-01,0.5062645662606385,0.2407277251349347,-0.2173533781137374,-0.3304323624547804,0.2949128213574177,291.7393064799542,290.31417884000405,272.3429343360151,292.7334853199583,291.545423343993,350.251713083112,1.0,6.123233995736766e-17,0.1702474086304742,-0.0020626556043051095,-0.0031616715435531326,0.009130342888316878,-0.006550668780689236,-0.004521320020220106
1992-04-01,0.1280678016830929,0.3716323966568956,-0.2206268151084048,-0.3411664420289671,0.2542174304138556,291.74103434880664,290.3140263809877,272.3423651556872,292.7350607297943,291.5456876062881,350.4362088208167,0.8660254037844387,-0.4999999999999998,0.17333646743806955,-0.002057660771649936,-0.0031544346522104603,0.009137985860204893,-0.006544971607400576,-0.004515215898365628
1992-05-01,-0.1802880556744341,0.4460529388426971,-0.1770716055602084,-0.0899221142975033,0.5693085415324807,291.7427064799542,290.31387884000407,272.3418143360151,292.73658531995824,291.545943343993,350.6147530831117,0.49999999999999994,-0.8660254037844387,0.17632587918735648,-0.002052852350725014,-0.0031474164473620694,0.009145224826755543,-0.006539458360896004,-0.004509316180615753
1992-06-01,-0.1309493688411741,0.65582911062604,-0.1073994045982193,-0.8430456261211661,0.7267762542979386,291.74443434880664,290.31372638098765,272.3412451556872,292.73816072979434,291.5462076062881,350.7992488208169,1.2246467991473532e-16,-1.0,0.17941493799496014,-0.002047857458657841,-0.003140185335062747,0.009152890593380767,-0.00653376221468174,-0.004503212198876344
1992-07-01,0.1408179354856518,0.7431108083308662,-0.0913774110329501,-0.0592240991412953,0.760857517516415,291.7461064799542,290.313578840004,272.3406943360151,292.73968531995826,291.54646334399297,350.97779308311186,-0.4999999999999997,-0.8660254037844388,0.18240434974424705,-0.0020430489438873108,-0.0031331728993848843,0.009160152270699577,-0.006528249962426574,-0.004497312615133779
1992-08-01,0.3852669404590804,0.7064937841572809,-0.05759605746628,-0.6220498826077386,0.9434225273597876,291.74783434880663,290.31342638098766,272.34012515568725,292.7412607297943,291.5467276062881,351.16228882081657,-0.8660254037844384,-0.5000000000000004,0.18549340855184243,-0.002038080085384763,-0.0031259297529397136,0.009167667947715737,-0.006522554482100819,-0.004491216447241247
1992-09-01,0.2140624888483313,0.5961406900450419,-0.0743464294651621,-0.3636458309315606,0.8027064184567755,291.7495622176591,290.31327392197124,272.33955597535936,292.7428361396304,291.5469918685832,351.3467845585218,-1.0,-1.8369701987210297e-16,0.1885824673594461,-0.0020331111782449507,-0.003118689634757527,0.009175195552729195,-0.00651685952366138,-0.004485120349553224
1992-10-01,0.2878360824057039,0.3582909101498801,-0.0654420518574904,-0.359119485756578,0.5370949780937709,291.75123434880663,290.3131263809877,272.33900515568723,292.7443607297943,291.54724760628807,351.52532882081675,-0.8660254037844386,0.5000000000000001,0.191571879108733,-0.002028302503958678,-0.003111685992807719,0.009182491841760575,-0.006511348770534909,-0.004479220966608844
1992-11-01,0.2037798917162827,0.3079356309953061,-0.0907294758387585,0.0319976551012233,0.2869995686722493,291.7529622176591,290.31297392197126,272.33843597535935,292.7459361396304,291.5475118685832,351.70982455852146,-0.5000000000000004,0.8660254037844384,0.19466093791632838,-0.0020233334860286934,-0.003104451909643884,0.009190043208878469,-0.006505654839194368,-0.004473125006150417
1992-12-01,0.4059754200579005,0.1495818763105332,-0.0376063439740011,0.263519835702775,0.368408853542064,291.75463434880663,290.31282638098764,272.3378851556872,292.74746072979434,291.54776760628806,351.8883688208169,-2.4492935982947064e-16,1.0,0.1976503496656236,-0.0020185507274709386,-0.0030974366389936777,0.009197190877512,-0.006500144720369236,-0.0044672334267515275
1993-01-01,0.2623339969091822,0.2691152815212795,-0.0794729236375412,0.7407211391765798,-0.1369655225900279,291.7563622176591,290.3126739219713,272.3373159753594,292.7490361396304,291.54803186858317,352.0728645585216,0.49999999999999994,0.8660254037844387,0.20073940847321894,-0.0020135556065331746,-0.0030902259143976915,0.009204937111887222,-0.0064944521755834345,-0.004461129933254938
1993-02-01,0.3526855665097755,0.490968120735011,-0.1336968778960554,0.2616430081033199,0.6661642810835644,291.75809482039887,290.31252104525896,272.3367452356333,292.7506158656578,291.54829685488454,352.2578657640008,0.8660254037844386,0.5000000000000001,0.2038369304556294,-0.002008544659167005,-0.003082999687210982,0.00921272984777063,-0.006488744587795399,-0.00445500915920987
1993-03-01,0.4083481968161442,0.3372915068204117,-0.2059432814358351,0.0636285087163142,0.6271636597746025,291.7596597519057,290.31238296306714,272.336229728784,292.75204271497284,291.5485361973503,352.42496362701456,1.0,6.123233995736766e-17,0.2066346922461977,-0.002004068035185439,-0.0030764425948637125,0.009219453804838308,-0.006483589114942685,-0.004449495374050743
1993-04-01,0.4420423726434975,0.4991920267242645,-0.2359257942815492,0.3094629816656868,0.4341549282244423,291.7613923546454,290.3122300863548,272.335658989058,292.75362244100023,291.5488011836517,352.6099648324943,0.8660254037844387,-0.4999999999999998,0.20973221422861643,-0.0019990570415658604,-0.0030692219414338775,0.009227268598905033,-0.006477882525255604,-0.004443374735386587
1993-05-01,-0.0853822721758951,0.5696678615638439,-0.2003963759873904,0.3092902540333961,0.5065329589734175,291.7630690669742,290.31208214114935,272.3351066602909,292.75515120812355,291.5490576220078,352.7889982571517,0.49999999999999994,-0.8660254037844387,0.2127298161470795,-0.001994258691443023,-0.0030622035280528995,0.00923450795445536,-0.006472359813218184,-0.00443746669117597
1993-06-01,-0.006576000795283,0.7063237868545681,-0.0930225374354548,-0.6437429459965266,0.7619041141703742,291.7648016697139,290.311929264437,272.33453592056486,292.75673093415094,291.5493226083092,352.97399946263096,1.2246467991473532e-16,-1.0,0.21582733812948995,-0.001989247669298127,-0.0030549885439512623,0.009242345223769198,-0.006466654255133757,-0.004431346193315094
1993-07-01,0.1394402024530248,0.5775885897922103,-0.0734702146015486,-0.2390879632858827,0.9041463758362795,291.7664783820427,290.31178131923156,272.33398359179773,292.7582597012742,291.5495790466654,353.1530328872889,-0.4999999999999997,-0.8660254037844388,0.21882494004796132,-0.0019844233345845067,-0.0030479927641198033,0.009249776770090215,-0.006461132899990271,-0.004425430616986116
1993-08-01,0.201314738124082,0.6043371832663054,-0.0723172111164173,-0.6489117855803546,1.182089746466751,291.7682109847824,290.31162844251924,272.3334128520717,292.75983942730164,291.5498440329667,353.3380340927681,-0.8660254037844384,-0.5000000000000004,0.22192246203037178,-0.0019794381517951997,-0.0030407667376650595,0.009257467686428511,-0.00645542801547444,-0.004419317923990588
1993-09-01,0.3181951237770652,0.3448946041517641,-0.0733786693635987,0.1468987733113529,0.8932940983961335,291.7699435875221,290.31147556580686,272.33284211234565,292.76141915332903,291.55010901926806,353.5230352982478,-1.0,-1.8369701987210297e-16,0.22501998401279052,-0.0019744529432850298,-0.003033543648669928,0.00926517023973529,-0.00644972365501695,-0.004413205301830354
1993-10-01,0.2111729726725083,0.3292126602473565,-0.0525581697015294,-0.1503652233514706,0.6140820317567973,291.7716202998509,290.3113276206014,272.3322897835785,292.7629479204523,291.55036545762425,353.7020687229052,-0.8660254037844386,0.5000000000000001,0.22801758593125357,-0.0019696285156342447,-0.003026556398712958,0.009272635552928543,-0.0064442038053001294,-0.004407289928066353
1993-11-01,0.1359610491716891,0.3532320952541377,-0.0881691573434938,0.6976334765069618,0.1359926343886402,291.7733529025906,290.31117474388907,272.3317190438525,292.7645276464797,291.5506304439256,353.88706992838445,-0.5000000000000004,0.8660254037844384,0.23111510791366402,-0.001964643242085366,-0.003019339163344804,0.009280361288773664,-0.006438500476346495,-0.004401177444342432
1993-12-01,0.3285755606045022,0.3674242010911545,-0.0580922723171576,-0.0442027877253546,0.2339368180037402,291.7750296149194,290.3110267986836,272.3311667150854,292.766056413603,291.55088688228176,354.06610335304237,-2.4492935982947064e-16,1.0,0.2341127098321354,-0.0019598445384250707,-0.003012341264395523,0.0092876816794427,-0.006432981268575978,-0.004395269865116909
1994-01-01,0.4817384627807611,0.3398097315579667,-0.0763419478504806,0.4047413576264952,0.0249311340675578,291.7767622176591,290.3108739219713,272.33059597535936,292.7676361396304,291.55115186858313,354.2511045585216,0.49999999999999994,0.8660254037844387,0.23721023181454584,-0.0019548334420788887,-0.003005146055876819,0.009295597455825972,-0.006427279327043159,-0.004389149859522367
1994-02-01,0.5969345458386373,0.345358475109679,-0.1306864038933056,0.3752314690487296,-0.0738079410181074,291.77849482039886,290.31072104525896,272.33002523563334,292.76921586565777,291.5514168548845,354.43610576400084,0.8660254037844386,0.5000000000000001,0.2403077537969563,-0.001949848092717546,-0.00299793754345932,0.0093033577908488,-0.0064215775534457505,-0.004383037584391621
1994-03-01,0.5813163175155508,0.2595651211562126,-0.2250641969897587,0.426198572263504,0.4339576319536684,291.7800597519057,290.31058296306713,272.32950972878405,292.77064271497284,291.55165619735027,354.6032036270146,1.0,6.123233995736766e-17,0.24310551558752458,-0.0019453966203019386,-0.002991397156360827,0.009310044747945723,-0.006416427304104206,-0.004377532196209498
1994-04-01,0.5541524090641353,0.2142555384273262,-0.1902259772850003,0.4188896257026822,0.513954229107803,291.7817923546454,290.3104300863548,272.328938989058,292.7722224410002,291.55192118365164,354.78820483249433,0.8660254037844387,-0.4999999999999998,0.24620303756994333,-0.0019403597970670365,-0.00298422614166788,0.009318159343340607,-0.006410727238420507,-0.004371404739298625
1994-05-01,0.2000264611716066,0.5796953557346675,-0.1323534726906186,-0.1709064882846542,1.0236102835221728,291.7834690669742,290.31028214114934,272.32838666029085,292.77375120812354,291.55217762200783,354.96723825715173,0.49999999999999994,-0.8660254037844387,0.2492006394884064,-0.0019355352113742275,-0.002977258295401051,0.009325701662284802,-0.0064052108571028814,-0.004365489831221281
1994-06-01,0.3645089620245954,0.7040279860874038,-0.1034305461587141,-0.0483276932034917,0.9605984016502074,291.7852016697139,290.310129264437,272.32781592056483,292.77533093415093,291.5524426083092,355.152239462631,1.2246467991473532e-16,-1.0,0.25229816147081685,-0.0019305497856792649,-0.002970061059031562,0.009333506804595848,-0.00639951111187188,-0.004359377828870902
1994-07-01,0.421957733268095,0.7546133161296542,-0.0737679472894534,-0.7555354784967047,1.1802147101751024,291.7868783820427,290.30998131923155,272.3272635917977,292.77685970127425,291.55269904666534,355.3312728872889,-0.4999999999999997,-0.8660254037844388,0.2552957633892882,-0.0019257508116591812,-0.0029630831214763603,0.009340906308190278,-0.0063939953737750695,-0.004353470709897332
1994-08-01,0.3375616873728845,0.724402149749824,-0.0649253922734395,-0.0550935301669716,1.1245904130344937,291.7886109847824,290.30982844251923,272.3266928520717,292.77843942730163,291.5529640329667,355.51627409276807,-0.8660254037844384,-0.5000000000000004,0.25839328537169864,-0.001920739718374304,-0.002955907155381205,0.009348898735106758,-0.006388297012946296,-0.004347351192172388
1994-09-01,0.1968676444956567,0.5497403830559859,-0.0506704405107049,-1.0778137441887754,1.0584440800445396,291.79034358752216,290.30967556580686,272.3261221123457,292.780019153329,291.5532290192681,355.7012752982478,-1.0,-1.8369701987210297e-16,0.2614908073541174,-0.0019157542494476869,-0.002948718490185128,0.00935673797842716,-0.006382598821493663,-0.004341239399408033
1994-10-01,-0.039513873599389,0.404419761327169,-0.0372410646858242,0.3585709820720285,0.6300978335064772,291.7920202998509,290.3095276206014,272.32556978357854,292.7815479204523,291.5534854576243,355.8803087229052,-0.8660254037844386,0.5000000000000001,0.26448840927258044,-0.001910955180932105,-0.0029417491077895295,0.009364171455276418,-0.006377084587637003,-0.0043353324806862815
1994-11-01,0.2598807571598593,0.2378695348102728,-0.0542055346094538,1.0151561509477285,0.0322438875721377,291.7937529025906,290.30937474388907,272.32499904385253,292.7831276464797,291.5537504439256,356.06530992838447,-0.5000000000000004,0.8660254037844384,0.2675859312549909,-0.0019059441109696654,-0.0029345813883243123,0.009372196798699368,-0.006371387779330752,-0.004329213174917379
1994-12-01,0.3765324081575181,0.1078615809899196,-0.059732273523305,-0.7232633228511195,0.3021443541712242,291.7954296149194,290.3092267986836,272.3244467150854,292.784656413603,291.5540068822818,356.2443433530424,-2.4492935982947064e-16,1.0,0.2705835331734623,-0.0019011194388023032,-0.0029276327865562224,0.009379815721805797,-0.006365874895616085,-0.0043232987381826345
1995-01-01,0.6187224882444645,0.1305526476698097,-0.0940687861635586,0.2549863819738716,-0.2046989522718214,291.7971622176591,290.3090739219713,272.3238759753594,292.7862361396304,291.55427186858316,356.4293445585216,0.49999999999999994,0.8660254037844387,0.2736810551558727,-0.0018961339349026426,-0.0029204553850920925,0.009387699853924224,-0.006360178764165097,-0.0043171872225735
1995-02-01,0.8332402684886347,0.1287663935273583,-0.1160432039010889,0.6812025293550643,0.1631903563931238,291.79889482039886,290.30892104525896,272.3233052356333,292.78781586565776,291.55453685488453,356.61434576400086,0.8660254037844386,0.5000000000000001,0.2767785771382832,-0.001891148432832064,-0.0029132807956959317,0.009395595216585836,-0.006354483155991917,-0.004311075777538559
1995-03-01,0.5068514710936968,0.2842733715866857,-0.2278548637381563,0.7739801725039396,0.4807967102847294,291.8004597519057,290.30878296306713,272.322789728784,292.78924271497283,291.5547761973503,356.7814436270146,1.0,6.123233995736766e-17,0.2795763389288515,-0.0018866708869954944,-0.0029067881006633236,0.009402574270319146,-0.006349338833752537,-0.004305563470846471
1995-04-01,0.3852170169997726,0.0923676494891986,-0.2458076732965435,0.3802485766068004,0.5321986285813362,291.8021923546454,290.3086300863548,272.322218989058,292.7908224410003,291.55504118365167,356.96644483249435,0.8660254037844387,-0.4999999999999998,0.2826738609112702,-0.0018816598810726427,-0.0028996338049524714,0.009410653306196356,-0.0063436445738051465,-0.004299444511641335
1995-05-01,0.1868261223378657,0.2996664434791996,-0.1876596008578186,-0.0178337683834411,0.3657034353940991,291.8038690669742,290.30848214114934,272.3216666602909,292.79235120812353,291.5552976220078,357.14547825715175,0.49999999999999994,-0.8660254037844387,0.28567146282973327,-0.001876860651383273,-0.002892683881838852,0.009418164260708777,-0.0063381338061332775,-0.0042935380530262825
1995-06-01,-0.140503525721623,0.643971277303513,-0.0956561700767478,-0.2870915250603805,0.4351100248599459,291.8056016697139,290.308329264437,272.32109592056486,292.7939309341509,291.5555626083092,357.33047946263093,1.2246467991473532e-16,-1.0,0.28876898481214375,-0.0018718496900561495,-0.002885534918706271,0.009426264677504256,-0.006332440575364261,-0.004287419234775963
1995-07-01,0.047455386375061,0.6950211001002339,-0.077290299765145,0.6526265171459745,0.715032607597941,291.8072783820427,290.30818131923155,272.32054359179773,292.79545970127424,291.55581904666536,357.50951288728885,-0.4999999999999997,-0.8660254037844388,0.29176658673061506,-0.0018670250075254469,-0.002878605039724945,0.00943395839292096,-0.006326931155302569,-0.004281505264315508
1995-08-01,-0.4966710835877249,0.4723885911896783,-0.0610230864480545,0.6574722286765915,0.6992685842431319,291.8090109847824,290.30802844251923,272.3199728520717,292.7970394273016,291.55608403296674,357.6945140927681,-0.8660254037844384,-0.5000000000000004,0.29486410871302554,-0.001862039503001369,-0.0028714469362699554,0.009441919648562799,-0.0063212386024846905,-0.004275394230721074
1995-09-01,-0.2622739709296945,0.4856767659869355,-0.0586399744318388,-0.2703215563827338,0.9804552461846572,291.81074358752215,290.30787556580685,272.31940211234564,292.798619153329,291.5563490192681,357.87951529824784,-1.0,-1.8369701987210297e-16,0.2979616306954443,-0.0018570540101185608,-0.0028642915961771334,0.009449891973931037,-0.006315546572549896,-0.004269283267928484
1995-10-01,-0.0693837640655658,0.3183464830226868,-0.0735135905858981,0.7257464079633558,0.4812085995822909,291.8124202998509,290.3077276206014,272.3188497835785,292.80014792045233,291.55660545762424,358.05854872290524,-0.8660254037844386,0.5000000000000001,0.30095923261390733,-0.0018522293431713285,-0.002857369741936384,0.009457617808628992,-0.006310038654385978,-0.004263369500002504
1995-11-01,0.43159584630541,0.3366028875131145,-0.068728499964242,0.6655729631118549,0.2841814671676407,291.8141529025906,290.30757474388906,272.3182790438525,292.8017276464797,291.5568704439256,358.2435499283845,-0.5000000000000004,0.8660254037844384,0.3040567545963178,-0.0018472185192356487,-0.0028502340252269213,0.009465771402268947,-0.006304348002921508,-0.004257251034845288
1995-12-01,0.4310391471762015,0.0862229645785477,-0.0783192079822408,0.5007742458013188,0.5456800484488773,291.8158296149194,290.3074267986836,272.31772671508537,292.803256413603,291.5571268822818,358.4225833530424,-2.4492935982947064e-16,1.0,0.3070543565147892,-0.001842393888460983,-0.0028433173684690415,0.009473518093901335,-0.006298841080167266,-0.004251337401954356
1996-01-01,0.5658382386498844,0.1731002771729186,-0.1089545648066618,0.5336299671657931,0.1878830448366295,291.8175622176591,290.3072739219713,272.31715597535936,292.80483613963037,291.5573918685832,358.6075845585216,0.49999999999999994,0.8660254037844387,0.3101518784971996,-0.0018374084456673906,-0.0028361728918289177,0.009481533977430371,-0.006293151107787123,-0.004245226717132421
1996-02-01,0.6414876129543363,0.4363956821760678,-0.1845140486170883,0.6929271181100354,0.1345069627425645,291.81929008651156,290.30712146295485,272.31658679503147,292.8064115494665,291.55765613087823,358.79208029622635,0.8660254037844386,0.5000000000000001,0.31324093730479496,-0.0018324387862411647,-0.002829049477406975,0.009489525464206207,-0.0062874771728323765,-0.004239133445604972
1996-03-01,0.4747945011051706,0.1735285089467633,-0.2798815119658898,0.5364303552486642,0.3062174625707664,291.8209064799542,290.30697884000404,272.3160543360151,292.80788531995825,291.557903343993,358.964673083112,1.0,6.123233995736766e-17,0.31613070199578175,-0.001827815029692979,-0.0028223743661338774,0.009496853467554517,-0.006282169420591859,-0.004233440989221697
1996-04-01,0.5732648141494886,0.1059581840589718,-0.2352349537630296,0.3639770785731134,0.4238140419309252,291.8226343488067,290.3068263809877,272.3154851556872,292.8094607297943,291.55816760628807,359.1491688208167,0.8660254037844387,-0.4999999999999998,0.3192197608033771,-0.001822820120689168,-0.0028152700607789113,0.009505024314780291,-0.006276496840498382,-0.004227340215361796
1996-05-01,0.082218158533431,0.4361995511973829,-0.2062283785059787,-0.5055234310425305,1.0072588844095185,291.8243064799542,290.30667884000405,272.3149343360151,292.81098531995826,291.558423343993,359.3277130831117,0.49999999999999994,-0.8660254037844387,0.322209172552664,-0.0018180108086074745,-0.0028083842001419557,0.009512789200349434,-0.006271007404806111,-0.004221443698751623
1996-06-01,0.1406753124882083,0.7775911774595524,-0.1452980561164958,0.3119176053393716,0.26238956121452,291.8260343488067,290.30652638098763,272.31436515568726,292.8125607297943,291.55868760628806,359.5122088208169,1.2246467991473532e-16,-1.0,0.3252982313602677,-0.0018130411993422628,-0.002801271511878242,0.009520823768965755,-0.006265335499385752,-0.004215350700533036
1996-07-01,0.0629708979571463,0.8496975795484156,-0.0894497468190843,-0.0982434525282301,0.8628051870140332,291.8277064799542,290.3063788400041,272.3138143360151,292.8140853199583,291.558943343993,359.6907530831118,-0.4999999999999997,-0.8660254037844388,0.3282876431095546,-0.0018082571226795009,-0.0027943774068318397,0.009528452842216976,-0.006259846706073897,-0.004209461952036083
1996-08-01,0.1267126450518219,0.5734443138825343,-0.0689437213113781,0.2459349556811281,0.8321873678785304,291.82943434880667,290.30622638098765,272.31324515568724,292.81566072979433,291.55920760628806,359.8752488208166,-0.8660254037844384,-0.5000000000000004,0.33137670191714996,-0.0018032623524824754,-0.0027872834790509064,0.009536665513342037,-0.006254176170164227,-0.004203361457555465
1996-09-01,0.0579096604296639,0.5871483523279258,-0.0429051696796965,-0.3707330221511873,0.7968654664140679,291.83116221765914,290.3060739219713,272.31267597535935,292.8172361396304,291.55947186858316,360.0597445585218,-1.0,-1.8369701987210297e-16,0.33446576072475365,-0.0017982676383423192,-0.0027801920854393716,0.00954488843328957,-0.0062485061531033954,-0.004197261034838995
1996-10-01,0.1014548348241836,0.2958225265470888,-0.0596829235917799,0.6593001518990729,0.5163936194465863,291.83283434880667,290.30592638098767,272.3121251556872,292.81876072979435,291.55972760628805,360.2382888208167,-0.8660254037844386,0.5000000000000001,0.33745517247404055,-0.0017934584351042386,-0.002773319114633554,0.009552705191312816,-0.006243019198562058,-0.004191364853910567
1996-11-01,0.5130107971924579,0.2839832281905696,-0.0534116127361811,0.0034331916204669,0.4980939115891169,291.83456221765914,290.30577392197125,272.31155597535934,292.8203361396304,291.55999186858315,360.42278455852147,-0.5000000000000004,0.8660254037844384,0.3405442312816359,-0.0017884889453824073,-0.002766219712029302,0.009560793247414094,-0.006237349856570288,-0.0041852722023448165
1996-12-01,0.5519881043535727,0.2012136833853187,-0.0496562534746101,0.0160825041652599,0.4011792887015363,291.83623434880667,290.30562638098763,272.3110051556872,292.8218607297943,291.5602476062881,360.6013288208169,-2.4492935982947064e-16,1.0,0.34353364303093115,-0.001783704903616826,-0.0027593388673626436,0.00956847560401595,-0.006231863545196245,-0.004179383784962822
1997-01-01,0.439399688407907,0.334378514683315,-0.0842530848019906,0.7355514698168214,0.170355107554351,291.83796221765914,290.30547392197127,272.3104359753594,292.82343613963036,291.56051186858315,360.7858245585216,0.49999999999999994,0.8660254037844387,0.3466227018385265,-0.0017787103567443747,-0.00275225771946052,0.009576739911379712,-0.006226195570878728,-0.004173283641046608
1997-02-01,0.6276496430268057,0.553814082369215,-0.1825661975408541,0.5712830977124749,0.2927608454185938,291.83969482039885,290.30532104525895,272.3098652356333,292.8250158656578,291.5607768548845,360.97082576400084,0.8660254037844386,0.5000000000000001,0.3497202238209369,-0.0017737252026722976,-0.0027451479379323636,0.009584895431772784,-0.006220512271907081,-0.004167173857620329
1997-03-01,0.4544163209982725,0.4006977823003867,-0.2234688001837035,-0.6431817215820429,1.0181987550996383,291.8412597519057,290.3051829630672,272.309349728784,292.82644271497287,291.5610161973503,361.1379236270146,1.0,6.123233995736766e-17,0.35251798561150527,-0.001769272639504568,-0.002738702993547568,0.009591962726426923,-0.006215378728318807,-0.00416167065985654
1997-04-01,0.1940785506534824,0.3733004040972429,-0.209706266119074,0.4308052287207306,0.3963885062467044,291.8429923546454,290.3050300863548,272.308778989058,292.82802244100026,291.56128118365166,361.3229248324943,0.8660254037844387,-0.4999999999999998,0.35561550759392396,-0.0017642374300570075,-0.002731623739091414,0.009600446813367683,-0.006209697112782976,-0.004155545755557266
1997-05-01,0.2817615905804721,0.6522056242426105,-0.1672015230190278,-0.4384030342191488,0.5039195168267487,291.8446690669742,290.30488214114933,272.30822666029087,292.8295512081235,291.5615376220078,361.5019582571517,0.49999999999999994,-0.8660254037844387,0.35861310951238706,-0.001759413186560579,-0.002724750725471549,0.009608369239397311,-0.006204198604460021,-0.004149633259514998
1997-06-01,-0.0763762070112569,0.4857154761530017,-0.102643945585457,-0.0402439834872632,1.0065552259906676,291.8464016697139,290.304729264437,272.30765592056486,292.8311309341509,291.56180260830916,361.68695946263097,1.2246467991473532e-16,-1.0,0.3617106314947975,-0.001754428168546077,-0.0027176512308881035,0.009616566335343456,-0.006198517326018459,-0.004143523749652517
1997-07-01,0.2166272846484701,0.7384126791084442,-0.0762908699108895,-0.7809344715614179,0.9386798465559298,291.8480783820427,290.30458131923154,272.3071035917977,292.8326597012742,291.56205904666535,361.8659928872889,-0.4999999999999997,-0.8660254037844388,0.36470823341326886,-0.0017496289908453463,-0.0027107708520731078,0.009624356312794837,-0.006193019467472334,-0.004137619012661197
1997-08-01,0.1212646242381587,0.6073269459919728,-0.0652974899862005,-1.687708599122849,1.2451023589339485,291.8498109847824,290.3044284425192,272.3065328520717,292.8342394273016,291.5623240329667,362.0509940927681,-0.8660254037844384,-0.5000000000000004,0.36780575539567933,-0.0017446190618358726,-0.0027036889199607804,0.009632727119597586,-0.006187339559259052,-0.0041315020177328625
1997-09-01,-0.1058644825476644,0.2661045044047135,-0.0379835464995625,-0.3536282443798532,1.0245997037464336,291.85154358752214,290.3042755658069,272.30596211234564,292.835819153329,291.5625890192681,362.2359952982478,-1.0,-1.8369701987210297e-16,0.3709032773780981,-0.001739634162176545,-0.0026965972438505806,0.00964095585687129,-0.006181659828685371,-0.004125392717703052
1997-10-01,0.038606856439512,0.1255095470933638,-0.0453793727940932,0.2935204054185396,0.8313910482637223,291.8532202998509,290.3041276206014,272.30540978357857,292.8373479204523,291.56284545762423,362.4150287229052,-0.8660254037844386,0.5000000000000001,0.37390087929656113,-0.0017348350514066885,-0.0026897246692256863,0.009648777353272008,-0.006176163468634744,-0.00411948818127684
1997-11-01,0.287103573528157,0.1968220042468111,-0.0504638794707308,0.9090484501603718,0.4650809239723437,291.85495290259064,290.30397474388906,272.3048390438525,292.8389276464797,291.5631104439256,362.60002992838446,-0.5000000000000004,0.8660254037844384,0.37699840127897155,-0.0017298253013094764,-0.002682650258195458,0.009657178707524203,-0.006170485107092061,-0.00411337139865527
1997-12-01,0.4866328433679851,0.17734862113022,-0.0383539204156036,0.3545572008844002,0.3173495815228868,291.85662961491937,290.3038267986836,272.30428671508537,292.84045641360296,291.5633668822818,362.7790633530424,-2.4492935982947064e-16,1.0,0.3799960031974429,-0.0017250013345652161,-0.0026757947976552305,0.009665172214522292,-0.006164990083227399,-0.0041074593747266915
1998-01-01,0.639451542634747,0.227582867946663,-0.097348659554154,-0.8433914077179868,0.2559792388847478,291.85836221765913,290.30367392197127,272.30371597535935,292.8420361396304,291.5636318685832,362.9640645585216,0.49999999999999994,0.8660254037844387,0.3830935251798534,-0.0017200166128958083,-0.002668713393760744,0.009673442606584514,-0.0061593124050571615,-0.004101350352546459
1998-02-01,0.4317945953897589,0.3931449972173087,-0.1323941088154536,-0.1524231372341234,-0.4946020942644488,291.86009482039884,290.30352104525895,272.30314523563334,292.8436158656578,291.56389685488455,363.14906576400085,0.8660254037844386,0.5000000000000001,0.3861910471622638,-0.001715031946102086,-0.0026616345543592455,0.009681723420494366,-0.006153635248157943,-0.004095241401139944
1998-03-01,0.5871580065034352,0.1957859366707697,-0.236340919452468,-0.2951318867736079,-0.234277831853345,291.8616597519057,290.3033829630672,272.30262972878404,292.84504271497286,291.56413619735025,363.3161636270146,1.0,6.123233995736766e-17,0.3889888089528321,-0.0017105545651256299,-0.0026552312748718294,0.009689061659736707,-0.006148507600073837,-0.0040897313167616006
1998-04-01,0.1916786255639474,0.3598410288912659,-0.2532949931834068,0.4374427927246316,-0.3602695374672977,291.86339235464544,290.3032300863548,272.30205898905797,292.84662244100025,291.5644011836516,363.50116483249434,0.8660254037844387,-0.4999999999999998,0.39208633093525086,-0.0017055451320136077,-0.0026481691056341114,0.009697512842500798,-0.006142831777015032,-0.004083614881362279
1998-05-01,-0.1472754788266396,0.6831868599040651,-0.1345685169370097,-0.0977281085932792,-0.3399947825648622,291.8650690669742,290.30308214114933,272.3015066602909,292.8481512081235,291.5646576220078,363.68019825715174,0.49999999999999994,-0.8660254037844387,0.39508393285371396,-0.001700746227477342,-0.0026413142788908276,0.009705406222451592,-0.006137338869853626,-0.004077710805786993
1998-06-01,-0.0095454355921564,0.8071043901932182,-0.0868454591701052,-0.003471515699255,0.6773016086915825,291.8668016697139,290.302929264437,272.3009359205648,292.84973093415095,291.5649226083092,363.865199462631,1.2246467991473532e-16,-1.0,0.3981814548361244,-0.0016957369389861005,-0.0026342569727751276,0.00971387724668525,-0.006131664071897518,-0.004071594511100075
1998-07-01,0.1209887022151042,1.0086194895004044,-0.0943974035904247,0.6899287432813869,0.5821206566716106,291.86847838204267,290.30278131923154,272.3003835917977,292.8512597012742,291.5651790466653,364.04423288728884,-0.4999999999999997,-0.8660254037844388,0.40117905675459575,-0.0016909133140858186,-0.00262741858795411,0.009721940153006807,-0.006126172498072305,-0.004065682953683073
1998-08-01,-0.0199335567283204,0.7509246954617657,-0.0623577279415045,0.7856450977004376,0.7038006972481943,291.8702109847824,290.3026284425192,272.2998128520717,292.8528394273016,291.5654440329667,364.2292340927681,-0.8660254037844384,-0.5000000000000004,0.4042765787370062,-0.0016859041855644408,-0.0026203660671980846,0.009730430731469111,-0.00612049872442475,-0.004059566800399126
1998-09-01,-0.1849727114292821,0.5721719569185887,-0.0449302818787374,0.6626690088050919,0.7901757521521771,291.87194358752214,290.3024755658069,272.29924211234567,292.854419153329,291.56570901926807,364.41423529824783,-1.0,-1.8369701987210297e-16,0.4073741007194249,-0.0016809199011159574,-0.002613304727369729,0.00973878274879223,-0.006114825131391938,-0.004053458331921677
1998-10-01,0.1773018074616527,0.4347454367277701,-0.0516636109298871,0.4649243767639061,0.4427622286600747,291.87362029985087,290.3023276206014,272.29868978357854,292.8559479204523,291.56596545762426,364.59326872290524,-0.8660254037844386,0.5000000000000001,0.410371702637888,-0.001676121200979569,-0.0026064624330809655,0.009746727048891997,-0.006109334713868226,-0.004047554590142589
1998-11-01,0.3758914828044708,0.3680203147021765,-0.076735666654639,0.8159184543760328,0.5815672200061509,291.87535290259063,290.30217474388905,272.2981190438525,292.8575276464797,291.56623044392563,364.7782699283845,-0.5000000000000004,0.8660254037844384,0.41346922462029845,-0.00167111229925479,-0.00259941720485107,0.009755247428990269,-0.0061036624853079025,-0.004041438648988472
1998-12-01,0.3856344614080033,0.3358153904989201,-0.0578791148798546,0.512149522723198,0.5480692250165777,291.87702961491937,290.3020267986836,272.2975667150854,292.859056413603,291.56648688228177,364.9573033530424,-2.4492935982947064e-16,1.0,0.4164668265387698,-0.0016662889754872554,-0.002592590875977168,0.009763359499334674,-0.006098173399243982,-0.004035527429717564
1999-01-01,0.7182791172422894,0.4020266243497896,-0.0827225888091199,0.8628195007231213,0.4000814147309275,291.87876221765913,290.30187392197126,272.2969959753594,292.8606361396304,291.56675186858314,365.14230455852163,0.49999999999999994,0.8660254037844387,0.4195643485211803,-0.0016613049347168982,-0.0025855394968097647,0.009771752151453155,-0.006092501856138124,-0.004029419239143199
1999-02-01,0.6771269812355115,0.3054684433203572,-0.2059454291488337,0.4592077366751893,0.7582540653523575,291.88049482039884,290.30172104525894,272.29642523563336,292.8622158656578,291.5670168548845,365.32730576400087,0.8660254037844386,0.5000000000000001,0.4226618705035907,-0.0016563209652535361,-0.002578490604117061,0.00978015497111943,-0.006086830833723425,-0.004023311119452616
1999-03-01,0.8405284405570508,0.3792191932680813,-0.2104301006803436,1.4239244834802438,0.5616620123960114,291.8820597519057,290.3015829630672,272.295909728784,292.86364271497285,291.5672561973503,365.4944036270146,1.0,6.123233995736766e-17,0.425459632294159,-0.0016518440308715288,-0.0025721152905775896,0.009787606893898433,-0.006081708729479787,-0.004017801776556831
1999-04-01,0.4941614512532211,0.4140962064134193,-0.2715573256862492,0.0662450615523945,1.0320122762640884,291.88379235464544,290.3014300863548,272.295338989058,292.86522244100024,291.56752118365165,365.6794048324943,0.8660254037844387,-0.4999999999999998,0.42855715427657776,-0.0016468355250057257,-0.0025650819312368345,0.009796175889019562,-0.006076039036505755,-0.004011686183497782
1999-05-01,0.3119500205304924,0.5095562213836404,-0.2079774031881586,0.4622521281883084,1.011160571038149,291.88546906697417,290.30128214114933,272.29478666029087,292.86675120812356,291.56777762200784,365.8584382571517,0.49999999999999994,-0.8660254037844387,0.4315547561950408,-0.0016420371456003346,-0.00255825684520224,0.009804190315245152,-0.006070552067885161,-0.004005782903787312
1999-06-01,0.0849014840816142,0.6627495752879042,-0.0839187408594735,0.4833027877729924,1.325561429689477,291.88720166971393,290.301129264437,272.29421592056485,292.86833093415095,291.56804260830916,366.04343946263094,1.2246467991473532e-16,-1.0,0.4346522781774513,-0.0016370288161319455,-0.0025512282002410312,0.009812778670790771,-0.006064883398826748,-0.003999667452239883
1999-07-01,0.1525608713059573,0.8778921874569263,-0.0689079547017766,0.3667824637899853,1.297957061686546,291.88887838204266,290.30098131923154,272.2936635917977,292.8698597012742,291.56829904666535,366.22247288728886,-0.4999999999999997,-0.8660254037844388,0.43764988009592265,-0.0016322059451371433,-0.0025444184258686265,0.009820958451740854,-0.006059397759038606,-0.003993756701472858
1999-08-01,-0.0548666443948998,0.7982599487281934,-0.0610082745773849,0.503514452985991,1.226630210660895,291.8906109847824,290.3008284425192,272.2930928520717,292.8714394273016,291.5685640329667,366.4074740927681,-0.8660254037844384,-0.5000000000000004,0.4407474020783331,-0.0016272223811833655,-0.0025373841092510997,0.00982942092594271,-0.006053729776575407,-0.003987648995259961
1999-09-01,0.0125264262380093,0.6076310778238504,-0.041481978551488,1.1634494264638038,0.8598532484951775,291.89234358752213,290.3006755658069,272.29252211234564,292.87301915332904,291.5688290192681,366.59247529824785,-1.0,-1.8369701987210297e-16,0.4438449240607518,-0.0016222388972555943,-0.002530352235694094,0.009837893422327661,-0.006048062314261854,-0.0039815413601655535
1999-10-01,0.2267794665497378,0.5263672577831415,-0.0476090609674648,1.3732809059799405,0.4942875675685818,291.8940202998509,290.30052762060143,272.29196978357857,292.8745479204523,291.5690854576242,366.77150872290525,-0.8660254037844386,0.5000000000000001,0.4468425259792149,-0.001617416240586136,-0.002523549555626557,0.009846102282184483,-0.006042578168720213,-0.00397563081279872
1999-11-01,0.3210516230720197,0.2418040344696335,-0.0683728606896847,0.6888157632245251,0.6413377403259781,291.89575290259063,290.30037474388905,272.2913990438525,292.8761276464797,291.5693504439256,366.9565099283845,-0.5000000000000004,0.8660254037844384,0.44994004796162534,-0.001612432902289655,-0.002516522550220881,0.009854594741763903,-0.0060369117302804375,-0.003969523316559731
1999-12-01,0.5877953035775797,0.4521994605048963,-0.064941898704264,0.5383446491995918,0.4599350322795019,291.8974296149194,290.3002267986836,272.29084671508537,292.877656413603,291.5696068822818,367.13554335304235,-2.4492935982947064e-16,1.0,0.4529376498800967,-0.0016076349100682431,-0.0025097145268794235,0.009862678935074825,-0.006031428239979441,-0.003963620504033748
2000-01-01,0.5928680703777295,0.382622390381634,-0.0992074747012854,1.128298670191454,0.0171220399935322,291.8991622176591,290.30007392197126,272.29027597535935,292.8792361396304,291.56987186858316,367.3205445585216,0.49999999999999994,0.8660254037844387,0.45603517186250714,-0.0016026272190476764,-0.0025027023247050258,0.009871334917999497,-0.006025763160625645,-0.00395750554678579
2000-02-01,0.8751648304853228,0.4633816151471298,-0.1801819355496042,1.1465383153113058,0.2794580734313194,291.9008900865116,290.2999214629549,272.2897067950315,292.88081154946644,291.5701361308782,367.5050402962263,0.8660254037844386,0.5000000000000001,0.45912423067010255,-0.0015976598083646525,-0.00249570091405198,0.009879821748707657,-0.006020113714779252,-0.003951415590215987
2000-03-01,0.7166769302285835,0.50787904617937,-0.2397726254331104,1.058544849138341,0.7042942063163024,291.9025064799542,290.299778840004,272.2891743360151,292.88228531995827,291.570383343993,367.677633083112,1.0,6.123233995736766e-17,0.4620139953610893,-0.0015930374215731048,-0.002489143604051747,0.009887627043767869,-0.006014828882962548,-0.0039457261956131005
2000-04-01,0.6738456929700953,0.459210436926913,-0.2432149719233194,1.0417199889238458,0.8184377352344157,291.90423434880665,290.29962638098766,272.2886051556872,292.8838607297943,291.57064760628805,367.86212882081674,0.8660254037844387,-0.4999999999999998,0.46510305416868464,-0.0015880456996137243,-0.0024821566705773325,0.00989627615373922,-0.0060091807731334854,-0.003939628777095644
2000-05-01,0.1502752638374747,0.6775270269707944,-0.1681873506349107,-0.0827946586510903,1.0590391894737263,291.9059064799542,290.29947884000404,272.2880543360151,292.88538531995823,291.570903343993,368.0406730831117,0.49999999999999994,-0.8660254037844387,0.46809246591797155,-0.0015832387661687715,-0.002475387923470131,0.009904517255665385,-0.006003715028970475,-0.003933735469652812
2000-06-01,0.2350287074612624,0.6976156396272813,-0.0928254000202966,0.7040998455315968,1.0829389456809395,291.90763434880665,290.2993263809877,272.28748515568725,292.88696072979434,291.5711676062881,368.2251688208169,1.2246467991473532e-16,-1.0,0.47118152472557523,-0.0015782472550417148,-0.002468405508845523,0.0099131850502104,-0.005998067936067702,-0.003927638192142395
2000-07-01,0.4607385562062793,0.5896330662044158,-0.0560305321872899,0.2233497972907944,1.2172144357084391,291.9093064799542,290.29917884000406,272.2869343360151,292.88848531995825,291.571423343993,368.4037130831118,-0.4999999999999997,-0.8660254037844388,0.47417093647486214,-0.0015734648985744355,-0.0024616318319860084,0.009921303084172724,-0.00599260284286162,-0.003921752613813603
2000-08-01,0.2826460705028629,0.812669382575055,-0.0460458061982173,0.1403355523733591,1.1482332639644155,291.91103434880665,290.29902638098764,272.28636515568724,292.8900607297943,291.5716876062881,368.58820882081653,-0.8660254037844384,-0.5000000000000004,0.4772599952824575,-0.001568473592365418,-0.0024546539653779106,0.009929989678686482,-0.005986956766514156,-0.003915655476643829
2000-09-01,0.086339655421204,0.6015502036494687,-0.0325409457518248,0.7607132390862205,0.8914987441022457,291.9127622176591,290.2988739219713,272.28579597535935,292.8916361396304,291.57195186858314,368.77270455852175,-1.0,-1.8369701987210297e-16,0.4803490540900612,-0.0015635067745713507,-0.0024476690521643488,0.009938544471999359,-0.005981310873563683,-0.003909566004036949
2000-10-01,0.3530504844858435,0.4208998723931499,-0.0473439711141217,0.4812305534733893,0.9044331336868292,291.91443434880665,290.29872638098766,272.2852451556872,292.8931607297943,291.5722076062881,368.9512488208167,-0.8660254037844386,0.5000000000000001,0.4833384658393481,-0.0015587246230581355,-0.002440902487222521,0.009946691751839223,-0.005975847265539664,-0.003903680625090219
2000-11-01,0.5449113626887151,0.2713210571748234,-0.0544679508563653,1.0240217228306123,0.3771615689464246,291.9161622176591,290.29857392197124,272.2846759753594,292.89473613963037,291.57247186858314,369.1357445585214,-0.5000000000000004,0.8660254037844384,0.48642752464694344,-0.0015537336276664968,-0.002433931473739869,0.009955406697933102,-0.005970202721994536,-0.0038975836989353866
2000-12-01,0.8551453447276931,0.1717910934061859,-0.0438785649943525,-0.1681931382124709,0.6693509102956777,291.91783434880665,290.2984263809877,272.2841251556872,292.89626072979434,291.5727276062881,369.3142888208169,-2.4492935982947064e-16,1.0,0.4894169363962387,-0.0015489272905246584,-0.002427178670898353,0.009963713566994697,-0.005964740430703894,-0.003891690861621033
2001-01-01,0.9126299040397432,0.5194364651404693,-0.0689929194554477,1.3024471256857644,-0.359796112779305,291.9195622176591,290.29827392197126,272.2835559753594,292.8978361396304,291.57299186858313,369.4987845585216,0.49999999999999994,0.8660254037844387,0.49250599520383403,-0.0015439608315452324,-0.0024202031181506933,0.009972307014607986,-0.005959096571483568,-0.0038856016652585312
2001-02-01,0.8957640572141113,0.3976895037388526,-0.1469006148108792,0.3592270132450024,0.5839219221999722,291.9212948203988,290.29812104525894,272.28298523563336,292.8994158656578,291.5732568548845,369.68378576400085,0.8660254037844386,0.5000000000000001,0.4956035171862445,-0.0015389788028398257,-0.0024132115571577784,0.009980945579328509,-0.0059534377964791454,-0.003879495212277078
2001-03-01,0.7821779961336308,0.4728479550521545,-0.2368583545604501,0.6636457232113914,0.8288958900906729,291.92285975190566,290.29798296306717,272.282469728784,292.90084271497284,291.57349619735027,369.8508836270146,1.0,6.123233995736766e-17,0.4984012789768128,-0.001534503272019299,-0.002406889785102985,0.00998861714795518,-0.005948326760185963,-0.0038739873548282264
2001-04-01,0.6684860468408972,0.394628881219196,-0.2197523467276303,0.9487207691948244,0.6444210752614727,291.9245923546454,290.29783008635485,272.281898989058,292.9024224410002,291.57376118365164,370.03588483249433,0.8660254037844387,-0.4999999999999998,0.5014988009592315,-0.0015294728817820732,-0.0023999203296526193,0.009997552847540432,-0.005942669635875501,-0.0038678658615126527
2001-05-01,0.1589748862994344,0.7020110686263241,-0.1439308576517398,-0.1743697676082774,1.060500015000406,291.92626906697416,290.2976821411493,272.28134666029086,292.90395120812354,291.57401762200783,370.21491825715174,0.49999999999999994,-0.8660254037844387,0.5044964028776946,-0.0015246518566922225,-0.0023931608064725884,0.010005939712788516,-0.005937194853031012,-0.0038619565894264084
2001-06-01,0.4092592172969824,0.7397608689561942,-0.1053653201340184,0.4477935297177941,1.1801966616935184,291.9280016697139,290.297529264437,272.28077592056485,292.90553093415093,291.5742826083092,370.399919462631,1.2246467991473532e-16,-1.0,0.507593924860105,-0.001519670229124838,-0.0023861782796719792,0.01001461572947732,-0.005931538088357566,-0.003855850411244522
2001-07-01,0.282024584978807,0.8266437114314744,-0.0329947566724973,0.1591099292279939,1.1118205542773594,291.92967838204265,290.29738131923153,272.2802235917977,292.90705970127425,291.57453904666534,370.57895288728884,-0.4999999999999997,-0.8660254037844388,0.5105915267785764,-0.0015148736236228252,-0.002379414655208651,0.010022882750661802,-0.0059260639641128335,-0.003849948858860015
2001-08-01,0.1319717064236331,0.9689793685056532,-0.0891439752651453,-0.7086105873530475,1.3669182961772612,291.9314109847824,290.2972284425192,272.2796528520717,292.90863942730164,291.5748040329667,370.7639540927681,-0.8660254037844384,-0.5000000000000004,0.5136890487609869,-0.0015098679831072812,-0.0023724452368638453,0.010031715979437285,-0.0059204085507214566,-0.0038438352358503656
2001-09-01,0.1833510489846128,0.5624348185281792,-0.0700016560662394,0.5830088390414622,0.6873107415075006,291.9331435875221,290.2970755658069,272.2790821123457,292.910219153329,291.5750690192681,370.9489552982478,-1.0,-1.8369701987210297e-16,0.5167865707434056,-0.0015048866667587753,-0.0023654696160596827,0.01004042065105768,-0.0059147533262064594,-0.003837729268093117
2001-10-01,0.2792855030050166,0.2944095342503252,-0.0851087473486684,0.028450583743469,0.5706020938264091,291.9348202998509,290.2969276206014,272.27852978357856,292.9117479204523,291.5753254576243,371.12798872290523,-0.8660254037844386,0.5000000000000001,0.5197841726618687,-0.0015000903206835378,-0.0023587128854892347,0.010048716211425284,-0.005909280693058728,-0.0038318279167907573
2001-11-01,0.3449929038194596,0.3713183146382034,-0.0834271877687768,0.493227106313175,0.3749069006195532,291.9365529025906,290.29677474388905,272.2779590438525,292.9133276464797,291.57559044392565,371.31298992838447,-0.5000000000000004,0.8660254037844384,0.5228816946442791,-0.001495085044165118,-0.0023517501094278224,0.010057577110245207,-0.005903626818656513,-0.00382571450652169
2001-12-01,0.4943947252142932,0.3106853820731023,-0.0427780387355239,-0.1538080032724034,0.6062583289769766,291.9382296149194,290.2966267986836,272.27740671508536,292.914856413603,291.5758468822818,371.4920233530424,-2.4492935982947064e-16,1.0,0.5258792965627505,-0.0014902647287871398,-0.0023450060901302593,0.010066028347525995,-0.005898155502830987,-0.0038198057078005533
2002-01-01,0.5934044171758522,0.1837705583305621,-0.1158208769868491,0.6506827483383402,-0.2204650837314113,291.9399622176591,290.29647392197126,272.27683597535935,292.9164361396304,291.57611186858315,371.6770245585216,0.49999999999999994,0.8660254037844387,0.5289768185451609,-0.0014852838435407186,-0.0023380395417947376,0.010074770742285551,-0.005892502320297938,-0.0038137000185579292
2002-02-01,0.5328842690847758,0.2743451492769146,-0.2140478972005752,0.0559846770422462,0.593264412811487,291.9416948203988,290.29632104525894,272.27626523563333,292.91801586565776,291.57637685488453,371.86202576400086,0.8660254037844386,0.5000000000000001,0.5320743405275714,-0.0014803030763305882,-0.0023310752579056154,0.01008352257640834,-0.005886849656463581,-0.0038075944002580204
2002-03-01,0.7754176888777774,0.2169251346639612,-0.2637296147228198,0.3913916777960473,0.2235957118970232,291.9432597519057,290.29618296306717,272.27574972878404,292.91944271497283,291.5766161973503,372.0291236270146,1.0,6.123233995736766e-17,0.5348721023181396,-0.0014758285192705,-0.0023247789604121088,0.010091299671809032,-0.005881744142851012,-0.003802087286948138
2002-04-01,0.5245155507729721,0.108914457233093,-0.2676971542122079,1.098604741254175,0.600640309514638,291.9449923546454,290.29603008635485,272.275178989058,292.9210224410003,291.57688118365166,372.2141248324943,0.8660254037844387,-0.4999999999999998,0.5379696243005584,-0.001470823861332701,-0.002317826993222369,0.010100205708549283,-0.005876092794298855,-0.0037959742251481524
2002-05-01,0.2359640984147629,0.7191847553681653,-0.1547001979294972,-0.2718041260784675,0.6285701905720383,291.9466690669742,290.2958821411493,272.2746266602909,292.92255120812354,291.5771376220078,372.3931582571517,0.49999999999999994,-0.8660254037844387,0.5409672262190215,-0.0014660281597957663,-0.0023110859358454854,0.010108566361981196,-0.005870623596954104,-0.003790073336506817
2002-06-01,0.0894403925880871,0.9147244491543576,-0.0947144081984136,0.1875019600961847,0.958779494857912,291.9484016697139,290.295729264437,272.2740559205648,292.9241309341509,291.57740260830917,372.57815946263094,1.2246467991473532e-16,-1.0,0.5440647482014319,-0.0014610237667542249,-0.0023041382611096606,0.01011749037600285,-0.0058649732685083136,-0.003783960416201151
2002-07-01,0.2423060746106123,0.7280667202887842,-0.0760850929162542,-1.039528312025141,1.5599790363633563,291.9500783820427,290.29558131923153,272.2735035917977,292.92565970127424,291.57765904666536,372.75719288728885,-0.4999999999999997,-0.8660254037844388,0.5470623501199033,-0.0014562042148438606,-0.0022974093182570633,0.01012600447285984,-0.005859505385723114,-0.0037780520862065476
2002-08-01,0.2319028104905614,0.793669440474701,-0.0260077359388857,-0.9385991122021023,1.4321184498544188,291.9518109847824,290.2954284425192,272.2729328520717,292.92723942730163,291.57792403296673,372.9421940927681,-0.8660254037844384,-0.5000000000000004,0.5501598721023138,-0.001451224126563339,-0.0022904583088465356,0.010134811687970785,-0.005853855750108732,-0.003771946881559095
2002-09-01,-0.0019804952964296,0.4269442581378595,-0.0251724244578236,0.0801522533648901,1.2843081678930337,291.9535435875221,290.2952755658069,272.27236211234566,292.928819153329,291.5781890192681,373.12719529824784,-1.0,-1.8369701987210297e-16,0.5532573940847325,-0.0014462441642839764,-0.002283509524183564,0.010143628207824084,-0.005848206632509458,-0.003765841748182761
2002-10-01,0.3661092948094883,0.3248201923631629,-0.0476978594016057,0.3000086610047026,0.7549352867929704,291.9552202998509,290.2951276206014,272.27180978357853,292.9303479204523,291.57844545762424,373.30622872290525,-0.8660254037844386,0.5000000000000001,0.5562549960031955,-0.0014414249600471253,-0.002276787041910552,0.010152169300920543,-0.005842740237895239,-0.0037599336219930057
2002-11-01,0.6333011526413902,0.3790330044361128,-0.0419709515519848,0.4683204877714063,0.2006377074563441,291.9569529025906,290.2949747438891,272.2712390438525,292.9319276464797,291.5787104439256,373.4912299283845,-0.5000000000000004,0.8660254037844384,0.559352517985606,-0.0014364452350102887,-0.0022698426900800133,0.010161004354409598,-0.005837092140051483,-0.00375382862783674
2002-12-01,0.7742381159129899,0.203553087372789,-0.0621876858553191,0.2497588269070906,0.0712572076342742,291.9586296149194,290.2948267986836,272.2706867150854,292.933456413603,291.5789668822818,373.67026335304234,-2.4492935982947064e-16,1.0,0.5623501199040774,-0.001431650241414669,-0.002263117171897302,0.010169429768944114,-0.005831626407113072,-0.0037479282070416835
2003-01-01,0.8646558725426481,0.1593264132357323,-0.0968856869319258,0.0975980403272637,0.1785848207928853,291.9603622176591,290.29467392197125,272.2701159753594,292.93503613963037,291.5792318685832,373.8552645585216,0.49999999999999994,0.8660254037844387,0.5654476418864878,-0.0014266467954724468,-0.002256184468838348,0.010178416576950665,-0.005825979654011406,-0.0037418157816869173
2003-02-01,0.7212980897595874,0.3189221980773631,-0.1387893277417996,0.7618783631702903,0.176338209194534,291.9620948203988,290.29452104525893,272.26954523563336,292.93661586565776,291.57949685488455,374.0402657640008,0.8660254037844386,0.5000000000000001,0.5685451638688983,-0.001421667446250035,-0.002249246719109057,0.01018727929563075,-0.005820333093998136,-0.003735710997322927
2003-03-01,0.6217606780734236,0.3623216070149072,-0.1932658085282596,0.7632266436309766,0.4346471585927663,291.9636597519057,290.29438296306716,272.269029728784,292.9380427149728,291.57973619735026,374.2073636270146,1.0,6.123233995736766e-17,0.5713429256594665,-0.0014172179449674221,-0.0022429681055631517,0.01019502694263792,-0.005815232771989417,-0.003730212195708389
2003-04-01,0.4138895800406739,0.544637067757241,-0.192972488112496,0.6319841744419933,0.4364393325565738,291.9653923546454,290.29423008635484,272.268458989058,292.93962244100027,291.58000118365163,374.3923648324943,0.8660254037844387,-0.4999999999999998,0.5744404476418853,-0.0014121909850798222,-0.0022360486875086863,0.010204172548519127,-0.005809587846611329,-0.0037240924101241135
2003-05-01,0.261485356838448,0.6933113734298141,-0.1718747811860357,-0.5422444488875872,0.7585605679659901,291.9670690669742,290.2940821411494,272.26790666029086,292.94115120812353,291.5802576220078,374.5713982571517,0.49999999999999994,-0.8660254037844387,0.5774380495603484,-0.0014073726260401646,-0.002229340891308147,0.01021277521742109,-0.005804124881245244,-0.003718184752316332
2003-06-01,0.0821489832454818,0.6607450313233677,-0.1020140219774391,0.4387632323116666,1.088994912958374,291.9688016697139,290.293929264437,272.26733592056485,292.9427309341509,291.5805226083092,374.75639946263095,1.2246467991473532e-16,-1.0,0.5805355715427588,-0.0014023937826345353,-0.0022224116751331964,0.010221673768087643,-0.005798480326611805,-0.0037120802422333735
2003-07-01,0.2810671207643664,0.8657168402566684,-0.0941168700696656,0.4525744133041373,0.862003227214248,291.9704783820427,290.2937813192315,272.2667835917977,292.94425970127423,291.5807790466653,374.93543288728887,-0.4999999999999997,-0.8660254037844388,0.5835331734612301,-0.0013975995510216305,-0.0022157012665925038,0.010230162421133709,-0.0057930180241740035,-0.003706180284376231
2003-08-01,0.2665463205654406,0.8925859242800528,-0.0667943426450076,0.0924807534213361,0.949251453312146,291.9722109847824,290.2936284425192,272.2662128520717,292.9458394273016,291.5810440329667,375.1204340927681,-0.8660254037844384,-0.5000000000000004,0.5866306954436407,-0.0013925971007129247,-0.0022087831219230157,0.01023921055348102,-0.005787374811371636,-0.0037000683493596254
2003-09-01,0.0716566253371134,0.6185920162966447,-0.0753167404407815,0.4915701787625423,1.3264023645212433,291.9739435875221,290.2934755658069,272.2656421123457,292.947419153329,291.5813090192681,375.30543529824786,-1.0,-1.8369701987210297e-16,0.5897282174260594,-0.0013876186559760601,-0.0022018603910678274,0.0102481363779044,-0.005781731793121962,-0.003693964049813302
2003-10-01,0.1936015016810632,0.6534995939037297,-0.0624147397984344,0.3854519499362434,0.6903816120380015,291.9756202998509,290.2933276206014,272.26508978357856,292.9489479204523,291.58156545762427,375.48446872290526,-0.8660254037844386,0.5000000000000001,0.5927258193445224,-0.0013828247712380243,-0.0021951564564996473,0.010256652192554675,-0.005776270978188454,-0.0036880642932121555
2003-11-01,0.3250710160343041,0.3739242287776982,-0.0784289651248867,0.6903706589968109,0.3255268551910453,291.9773529025906,290.2931747438891,272.2645190438525,292.9505276464797,291.58183044392564,375.66946992838444,-0.5000000000000004,0.8660254037844384,0.5958233413269329,-0.0013778227689078566,-0.0021882445489204115,0.010265726664967867,-0.005770629300572249,-0.0036819525711959417
2003-12-01,0.5085456895035192,0.2851860131677826,-0.0509858584941901,0.555235915783762,0.2863338575623683,291.9790296149194,290.29302679868357,272.2639667150854,292.952056413603,291.58208688228177,375.84850335304236,-2.4492935982947064e-16,1.0,0.5988209432454042,-0.0013730053155894296,-0.0021815513125222844,0.0102743906032863,-0.005765169793498566,-0.0036760453871946368
2004-01-01,0.7190821341468784,0.2627341671705565,-0.0840998091952555,0.7735674407862078,0.3003879812555961,291.9807622176591,290.29287392197125,272.26339597535934,292.95363613963036,291.58235186858315,376.0335045585216,0.49999999999999994,0.8660254037844387,0.6019184652278147,-0.0013680036301692584,-0.0021746434427986887,0.01028348218441103,-0.005759529133437382,-0.0036699338069307585
2004-02-01,0.8289931510776729,0.3939202420400706,-0.1379125432068665,0.4266223618560963,0.1476638656904536,291.9824900865116,290.2927214629549,272.2628267950315,292.95521154946647,291.58261613087825,376.2180002962263,0.8660254037844386,0.5000000000000001,0.60500752403541,-0.0013630415011889208,-0.002167749660454979,0.010292417216552859,-0.005753904052484727,-0.003663847175473958
2004-03-01,0.924784300658897,0.5242355217959355,-0.2284954117603539,0.0057251583338256,0.5166969104582239,291.9841064799542,290.29257884000407,272.2622943360151,292.95668531995824,291.582863343993,376.390593083112,1.0,6.123233995736766e-17,0.6078972887263968,-0.0013584234047719756,-0.0021612963298668093,0.010300654495659324,-0.005748642025008395,-0.003658160852050004
2004-04-01,0.446163475468262,0.482445330437853,-0.2028487719704258,0.3276040266966031,0.5606644765942181,291.98583434880663,290.29242638098765,272.26172515568726,292.95826072979435,291.5831276062881,376.57508882081675,0.8660254037844387,-0.4999999999999998,0.6109863475339922,-0.001353437784232166,-0.0021544129200604233,0.010309736446763312,-0.0057430182610284895,-0.003652066798443704
2004-05-01,0.2347334621871807,0.7360282334293106,-0.1713105984785636,0.3532167895248886,0.6681479415284333,291.9875064799542,290.29227884000403,272.2611743360151,292.95978531995826,291.583383343993,376.75363308311165,0.49999999999999994,-0.8660254037844387,0.6139757592832791,-0.0013486598617129756,-0.002147741461346119,0.010318279864667605,-0.005737575767927137,-0.0036461842654885324
2004-06-01,0.3041982810276615,0.8500840832524562,-0.0934844663642448,-0.3621096884351135,1.3438851922100474,291.98923434880663,290.29212638098767,272.26060515568724,292.9613607297943,291.5836476062881,376.93812882081687,1.2246467991473532e-16,-1.0,0.6170648180908828,-0.0013436745538101206,-0.002140862082962349,0.010327378922205444,-0.005731953015746976,-0.0036400903524399716
2004-07-01,0.4323367969295819,0.8230991974249864,-0.1027794342676254,0.7685319807455101,1.1671420011665776,291.9909064799542,290.29197884000405,272.2600543360151,292.9628853199583,291.583903343993,377.11667308311183,-0.4999999999999997,-0.8660254037844388,0.6200542298401697,-0.0013388731681229765,-0.002134200761029343,0.010336068338875055,-0.005726511822473867,-0.0036342003970712567
2004-08-01,0.3067934418829032,0.7787169249379777,-0.0918212619072363,-0.6745969696535905,1.3719136239846668,291.99263434880663,290.29182638098763,272.25948515568723,292.9644607297943,291.5841676062881,377.30116882081654,-0.8660254037844384,-0.5000000000000004,0.623143288647765,-0.0013339118768833126,-0.0021273194902064335,0.010345056266839507,-0.00572088976208858,-0.003628114179104646
2004-09-01,-0.0781702720779489,0.7173125599248027,-0.0767678135712565,1.284042326680785,0.7296218651907002,291.9943622176591,290.29167392197127,272.25891597535934,292.9660361396304,291.5844318685832,377.48566455852176,-1.0,-1.8369701987210297e-16,0.6262323474553687,-0.001328950736699589,-0.00212044030804987,0.010354053049864418,-0.005715268215782266,-0.0036220280319451455
2004-10-01,0.3196194925032903,0.4523969415353954,-0.0737014011072475,0.8146112204357892,0.5918059815048178,291.99603434880663,290.29152638098765,272.2583651556872,292.96756072979434,291.58468760628807,377.6642088208167,-0.8660254037844386,0.5000000000000001,0.6292217592046556,-0.00132414977149551,-0.0021137850519142454,0.010362768156770135,-0.005709828499271806,-0.0036161382790713056
2004-11-01,0.4533307942847714,0.2288406843378363,-0.0657923744295563,1.0805814156461184,0.2725431558020814,291.9977622176591,290.2913739219713,272.2577959753594,292.9691361396304,291.5849518685832,377.84870455852143,-0.5000000000000004,0.8660254037844384,0.632310818012251,-0.001319165267549608,-0.002106915683570269,0.010371909769198044,-0.0057042082833100045,-0.0036100447187788175
2004-12-01,0.3349801109960643,0.3706372761635343,-0.0522809581213703,0.2622504934726209,0.3150093745953201,291.99943434880663,290.29122638098767,272.25724515568726,292.9706607297943,291.58520760628807,378.0272488208169,-2.4492935982947064e-16,1.0,0.6353002297615462,-0.0013143646002166491,-0.0021002643542738352,0.01038064156288768,-0.005698769545737843,-0.003604155100653669
2005-01-01,0.5889514107878198,0.3829086163672009,-0.0832151222849369,0.4117153300023102,0.1870195130057136,292.0011622176591,290.29107392197125,272.25667597535937,292.9722361396304,291.58547186858317,378.2117445585216,0.49999999999999994,0.8660254037844387,0.6383892885691416,-0.0013094040573063664,-0.002093393380840825,0.010389673189361875,-0.0056931500228091445,-0.00359806923091726
2005-02-01,0.5307777054371873,0.4517262398050335,-0.0972707250543273,-0.2754859691202715,0.4765270452255428,292.00289482039886,290.2909210452589,272.25610523563336,292.9738158656578,291.58573685488454,378.39674576400085,0.8660254037844386,0.5000000000000001,0.641486810551552,-0.0013044280760729273,-0.0020865061154911775,0.010398749099795122,-0.005687515646957398,-0.0035919661172482287
2005-03-01,0.6047995997017297,0.4557131713612125,-0.2249028767943702,0.5744911091165879,0.1979516426573211,292.0044597519057,290.29078296306716,272.255589728784,292.97524271497286,291.5859761973503,378.5638436270146,1.0,6.123233995736766e-17,0.6442845723421203,-0.0012999573766338379,-0.0020802817498702317,0.010406828087795139,-0.00568242666006279,-0.0035864612366763964
2005-04-01,0.4375528114153791,0.6106858849405562,-0.267721186278522,0.2950321058274655,0.2810770210104639,292.0061923546454,290.29063008635484,272.255018989058,292.97682244100025,291.5862411836516,378.74884483249434,0.8660254037844387,-0.4999999999999998,0.6473820943245391,-0.0012949580878882164,-0.002073403863165931,0.01041604713749173,-0.00567679358514552,-0.0035803507092000385
2005-05-01,0.1358115663949726,0.5720031942131,-0.1887169268503926,0.4997301987709967,0.8359964220568343,292.0078690669742,290.29048214114937,272.25446666029086,292.9783512081235,291.5864976220078,378.92787825715175,0.49999999999999994,-0.8660254037844387,0.6503796962430022,-0.0012901666372465252,-0.002066739297167516,0.010424729239488978,-0.00567134209030367,-0.0035744522149715706
2005-06-01,-0.0721660902879254,0.7995598607002382,-0.0655706287223424,0.4899367136238144,1.212603869889456,292.0096016697139,290.290329264437,272.25389592056484,292.97993093415096,291.5867626083092,379.112879462631,1.2246467991473532e-16,-1.0,0.6534772182254126,-0.001285167692951946,-0.0020598653156190146,0.010433964988737976,-0.005665710031441609,-0.0035683418291557172
2005-07-01,0.0753188671037427,0.7857367900331047,-0.0503926748469814,0.4909601291810127,1.2589396709240954,292.0112783820427,290.2901813192315,272.2533435917977,292.9814597012742,291.5870190466654,379.29191288728885,-0.4999999999999997,-0.8660254037844388,0.6564748201438839,-0.001280352971397048,-0.0020532099429647274,0.010442789531173186,-0.00566025983713667,-0.003562435923439562
2005-08-01,0.0502429121918479,0.8131647460398432,-0.07883407750241,0.1766948518027875,1.375434120555999,292.0130109847824,290.2900284425192,272.2527728520717,292.9830394273016,291.5872840329667,379.4769140927681,-0.8660254037844384,-0.5000000000000004,0.6595723421262945,-0.0012753779160417002,-0.0020463347542913363,0.010451916877176462,-0.0056546284777862135,-0.003556333223959887
2005-09-01,0.2067160113264587,0.5807457531157807,-0.0308562182049503,0.4046260817945013,0.961655697771126,292.0147435875221,290.2898755658069,272.2522021123457,292.984619153329,291.58754901926807,379.66191529824783,-1.0,-1.8369701987210297e-16,0.6626698641087132,-0.001270403028042516,-0.0020394615889839374,0.010461052866979416,-0.005648997634649164,-0.0035502305958295313
2005-10-01,-0.0921610286662357,0.3723725976850869,-0.0642975365279476,1.5652357644238604,0.617740535834619,292.0164202998509,290.2897276206014,272.25164978357856,292.9861479204523,291.58780545762426,379.84094872290524,-0.8660254037844386,0.5000000000000001,0.6656674660271762,-0.0012655887744396702,-0.0020328120923645155,0.010469902485987595,-0.005643548923214441,-0.00354432489416843
2005-11-01,0.4583461211989273,0.3420853155605746,-0.0410467121605061,0.601478831626231,0.6109665448697102,292.0181529025906,290.2895747438891,272.25107904385254,292.9877276464797,291.58807044392563,380.0259499283845,-0.5000000000000004,0.8660254037844384,0.6687649880095866,-0.0012606142062132463,-0.0020259429587561207,0.01047905569102706,-0.005637919096135561,-0.003538222405437408
2005-12-01,0.648091623054983,0.5179945463004523,-0.0644622244316137,0.8991764128964345,0.5997278127857693,292.0198296149194,290.28942679868356,272.2505267150854,292.989256413603,291.58832688228176,380.2049833530424,-2.4492935982947064e-16,1.0,0.671762589928058,-0.0012558237529852797,-0.0020192925275955027,0.010487797939110631,-0.005632471053163687,-0.0035323243798734
2006-01-01,0.6141342635150964,0.5106192606456599,-0.0513096014863989,1.1735301351675738,0.6757644766947747,292.0215622176591,290.28927392197124,272.24995597535934,292.9908361396304,291.58859186858314,380.38998455852163,0.49999999999999994,0.8660254037844387,0.6748601119104685,-0.001250826034042118,-0.0020124321616575708,0.010497092027279293,-0.005626842556697908,-0.0035262144898964426
2006-02-01,0.6671072946985568,0.4344420865228975,-0.1236936128919788,0.7207276315606193,0.41468497775209,292.02329482039886,290.2891210452589,272.2493852356333,292.9924158656578,291.5888568548845,380.57498576400087,0.8660254037844386,0.5000000000000001,0.6779576338928789,-0.0012458519640264586,-0.002005569032660689,0.01050627093165966,-0.005621214261722313,-0.0035201122116105717
2006-03-01,0.974204408189563,0.5552752022438415,-0.2359796238550019,1.0573338428864236,0.5363989949896254,292.0248597519057,290.28898296306716,272.24886972878403,292.99384271497286,291.5890961973503,380.7420836270146,1.0,6.123233995736766e-17,0.6807553956834472,-0.0012414062957331658,-0.0019993625823628933,0.010514322624103888,-0.005616130456192817,-0.003514615614687402
2006-04-01,0.7055879754651845,0.5370116829674906,-0.2697664001849754,1.1104405067065848,1.0497259121391456,292.0265923546454,290.28883008635484,272.248298989058,292.99542244100024,291.58936118365165,380.9270848324943,0.8660254037844387,-0.4999999999999998,0.683852917665866,-0.0012363856631107412,-0.0019925124711536023,0.010523764145825383,-0.0056105037713478825,-0.0035084983945547887
2006-05-01,0.3297953044101783,0.8262705085281397,-0.1900258029560074,0.6173365261538352,1.0828067905303107,292.0282690669742,290.28868214114937,272.2477466602909,292.99695120812356,291.58961762200784,381.1061182571517,0.49999999999999994,-0.8660254037844387,0.6868505195843291,-0.0012315725276383152,-0.001985876330555641,0.010532670965319681,-0.0056050584763624265,-0.0035025931625747766
2006-06-01,0.0346449466391658,0.9961865710068886,-0.0878710551421962,0.8463827300812077,1.0447437378227105,292.0300016697139,290.28852926443705,272.24717592056487,292.99853093415095,291.5898826083092,381.29111946263095,1.2246467991473532e-16,-1.0,0.6899480415667395,-0.0012265991225049871,-0.001979020961154142,0.010541883157486656,-0.0055994321793005584,-0.0034964911594474457
2006-07-01,0.3060224384016346,0.8133943849598025,-0.0673056405292455,-0.3593370231816131,1.5070235857854346,292.0316783820427,290.2883813192315,272.24662359179774,293.0000597012742,291.59013904666534,381.47015288728886,-0.4999999999999997,-0.8660254037844388,0.6929456434852108,-0.001221809712557335,-0.0019723842714723643,0.010550684143684728,-0.00559398755401542,-0.003490593598339817
2006-08-01,0.2282862949483165,0.8087753200392722,-0.0403819649510201,-0.2678560060731023,1.393576867938913,292.0334109847824,290.2882284425192,272.24605285207167,293.0016394273016,291.5904040329667,381.6551540927681,-0.8660254037844384,-0.5000000000000004,0.6960431654676212,-0.0012168132597453907,-0.001965537143036475,0.010560035210272014,-0.005588362584503789,-0.0034844842000624973
2006-09-01,0.1817103527090104,0.651684541356588,-0.0552620562605487,0.4138145224435656,1.0640753886252603,292.03514358752216,290.2880755658069,272.24548211234566,293.00321915332904,291.5906690192681,381.84015529824785,-1.0,-1.8369701987210297e-16,0.69914068745004,-0.0012118403739315043,-0.0019586876708557934,0.010569272738582084,-0.00558273781788274,-0.003478382407997164
2006-10-01,0.2212068150616245,0.4764139090444448,-0.0475852886954817,-0.2352672648677517,0.8897942338345912,292.0368202998509,290.2879276206014,272.2449297835785,293.0047479204523,291.5909254576242,382.01918872290526,-0.8660254037844386,0.5000000000000001,0.7021382893685031,-0.0012070280787483158,-0.0019520609993997004,0.010578220253422544,-0.0055772949861002535,-0.00347247751600749
2006-11-01,0.4156032963923049,0.4045969779038216,-0.0433427693550205,1.3013078519385055,0.3885725143374152,292.0385529025906,290.2877747438891,272.2443590438525,293.0063276464797,291.5911904439256,382.2041899283845,-0.5000000000000004,0.8660254037844384,0.7052358113509135,-0.0012020321983915137,-0.001945219498906147,0.010587595627975403,-0.005571671545622162,-0.00346636833165956
2006-12-01,0.7951711491727307,0.4052988616699073,-0.0488150714455633,1.0297363155668169,0.0689779997581289,292.0402296149194,290.2876267986836,272.2438067150854,293.007856413603,291.5914468822818,382.38322335304235,-2.4492935982947064e-16,1.0,0.7082334132693849,-0.00119724358462759,-0.0019385925073342521,0.010596438227968819,-0.005566229384113214,-0.0034604711066617867
2007-01-01,0.8193246702469211,0.4320504121768523,-0.0710668127139138,0.0648197058199421,0.5084220765589614,292.0419622176591,290.28747392197124,272.24323597535937,293.0094361396304,291.59171186858316,382.5682245585216,0.49999999999999994,0.8660254037844387,0.7113309352517954,-0.001192248088167664,-0.0019317547189515692,0.010605829664666446,-0.005560606957550394,-0.003454362063736425
2007-02-01,0.6945148337490576,0.5424499118571193,-0.1147657560617243,0.8091662085354413,-0.0730093090552475,292.04369482039885,290.2873210452589,272.24266523563335,293.0110158656578,291.59197685488454,382.75322576400083,0.8660254037844386,0.5000000000000001,0.7144284572342058,-0.0011872761018621673,-0.001924914880976434,0.010615108727363418,-0.0055549847352433426,-0.0034482606227037565
2007-03-01,0.7356356941772321,0.4999128161583785,-0.1690652812727422,0.740291688606028,0.6280078651298907,292.0452597519057,290.28718296306715,272.242149728784,293.01244271497285,291.5922161973503,382.92032362701457,1.0,6.123233995736766e-17,0.7172262190247741,-0.0011828320253044061,-0.0019187309570454902,0.010623256710089827,-0.005549906420981819,-0.0034427647624585365
2007-04-01,0.3609460332878734,0.487725425186563,-0.2254211319354144,1.211586819119844,0.6728039365455415,292.0469923546454,290.28703008635483,272.241578989058,293.01402244100024,291.59248118365167,383.1053248324943,0.8660254037844387,-0.4999999999999998,0.7203237410071929,-0.0011778138019982887,-0.0019119024744620027,0.01063279199170658,-0.005544285800556121,-0.003436648399038523
2007-05-01,0.0944572959391305,0.7135386979328254,-0.1171100169921501,0.493158912328628,1.1548260467187388,292.0486690669742,290.28688214114936,272.24102666029086,293.01555120812355,291.5927376220078,383.2843582571517,0.49999999999999994,-0.8660254037844387,0.7233213429256559,-0.001173002718573301,-0.0019052886982217545,0.010641795156984579,-0.005538846380373009,-0.00343074397718849
2007-06-01,0.244062410922627,0.966025583201368,-0.0833667505723526,0.855475462959883,0.7358614289863531,292.0504016697139,290.28672926443704,272.24045592056484,293.01713093415094,291.5930026083092,383.46935946263096,1.2246467991473532e-16,-1.0,0.7264188649080664,-0.0011680314463714675,-0.0018984563767019055,0.01065110670109635,-0.005533226153276302,-0.0034246428111432588
2007-07-01,0.3156331158743633,0.9048925812983336,-0.0549236416172558,0.1656923181764021,1.2567321152850646,292.0520783820427,290.2865813192315,272.2399035917977,293.0186597012742,291.59325904666537,383.6483928872889,-0.4999999999999997,-0.8660254037844388,0.7294164668265377,-0.0011632439636426097,-0.0018918426958051057,0.010660006613779952,-0.0055277874049585105,-0.003418746050324644
2007-08-01,0.0931662577317388,1.0135997128053842,-0.0523370507625835,1.1565843778669005,1.3635809675407606,292.0538109847824,290.2864284425192,272.2393328520717,293.0202394273016,291.59352403296674,383.8333940927681,-0.8660254037844384,-0.5000000000000004,0.7325139888089481,-0.0011582498176428806,-0.0018850177290568836,0.010669453652649001,-0.005522168500688219,-0.003412637498837398
2007-09-01,0.2376699308207793,0.7590227410918208,-0.0383408217917666,0.8418465816573372,1.2952683709032078,292.05554358752215,290.2862755658069,272.2387621123457,293.02181915332903,291.5937890192681,384.0183952982478,-1.0,-1.8369701987210297e-16,0.7356115107913669,-0.0011532791023038912,-0.001878191119304446,0.010678789921340123,-0.005516549802175768,-0.0034065365438023226
2007-10-01,0.1974239384977416,0.5824088614692855,-0.049677288962213,1.306276217150819,0.8511507998977749,292.0572202998509,290.2861276206014,272.23820978357855,293.0233479204523,291.59404545762425,384.1974287229052,-0.8660254037844386,0.5000000000000001,0.73860911270983,-0.001148492124536991,-0.0018715831405751986,0.010687714452242845,-0.005511112533827224,-0.003400639984766725
2007-11-01,0.5211323808281675,0.5043213595390245,-0.0395203688911669,0.2935242486544994,0.7494562446136542,292.05895290259065,290.2859747438891,272.23763904385254,293.0249276464797,291.5943104439256,384.38242992838445,-0.5000000000000004,0.8660254037844384,0.7417066346922404,-0.0011434985785259665,-0.0018647636654014962,0.010697185376048522,-0.005505495157053689,-0.0033945316467894233
2007-12-01,0.5796913791307544,0.5508105107439549,-0.0605256283834885,1.5391783733848785,0.0994276024831768,292.0606296149194,290.2858267986836,272.2370867150854,293.026456413603,291.5945668822818,384.56146335304237,-2.4492935982947064e-16,1.0,0.7447042366107118,-0.0011386887561868116,-0.0018581627108329515,0.010706244086208423,-0.0055000591778105075,-0.003388627699916831
2008-01-01,0.8079270025070555,0.6164219165691478,-0.0642803164531898,0.6725814464322364,0.6673637052740448,292.06236221765914,290.28567392197124,272.23651597535934,293.0280361396304,291.5948318685831,384.7464645585216,0.49999999999999994,0.8660254037844387,0.7478017585931223,-0.0011337187945787402,-0.0018513436024036479,0.010715612907362148,-0.005494442505919912,-0.003382527024478334
2008-02-01,0.7609835079903322,0.4192178369103835,-0.1845977983490365,0.8172764854192623,0.4076400355199607,292.06409008651156,290.2855214629549,272.2359467950315,293.02961154946644,291.59509613087823,384.9309602962263,0.8660254037844386,0.5000000000000001,0.7508908174007176,-0.0011287645713016457,-0.0018445447240974088,0.010724954299424909,-0.005488841666774271,-0.0033764437254063286
2008-03-01,0.9877128112916344,0.4418061226627736,-0.2290695549055527,1.7471593408823545,0.6062716431684018,292.0657064799542,290.28537884000406,272.2354143360151,293.03108531995827,291.59534334399297,385.103553083112,1.0,6.123233995736766e-17,0.7537805820917044,-0.0011241532946826508,-0.0018381831276336469,0.010733583316411709,-0.005483602328753022,-0.0033707604798782157
2008-04-01,0.7401438638524589,0.3735181130664867,-0.2192891900623199,1.4511664552541348,0.9310073226708736,292.06743434880667,290.28522638098764,272.23484515568725,293.0326607297943,291.59560760628807,385.2880488208167,0.8660254037844387,-0.4999999999999998,0.7568696408992998,-0.0011191762957181717,-0.0018313909834793748,0.010743057799734678,-0.005478002787830236,-0.0033646697983144482
2008-05-01,0.2591729585255921,0.7135980666364278,-0.1447063492429254,0.5306214491507155,1.5206214610905309,292.0691064799542,290.2850788400041,272.2342943360151,293.0341853199582,291.595863343993,385.46659308311166,0.49999999999999994,-0.8660254037844387,0.7598590526485867,-0.0011143824307388531,-0.0018248167530271146,0.01075212104596095,-0.005472584067849777,-0.0033587829340187923
2008-06-01,0.3595396809451124,0.8278832816187243,-0.0721323832922996,1.3376043904034791,1.3123245523957394,292.07083434880667,290.28492638098766,272.23372515568724,293.03576072979433,291.59612760628806,385.6510888208169,1.2246467991473532e-16,-1.0,0.7629481114561903,-0.0011094058508152507,-0.0018180281157648172,0.010761610886478439,-0.005466985533680241,-0.0033526923940080857
2008-07-01,0.3375001072778245,1.004650794148855,-0.0529205102469504,1.317259561093873,1.2378362700417338,292.0725064799542,290.28477884000404,272.2331743360151,293.03728531995824,291.596383343993,385.82963308311184,-0.4999999999999997,-0.8660254037844388,0.7659375232054773,-0.0011046123699648101,-0.0018114573877738155,0.01077068942144286,-0.005461567788198779,-0.0033468056651878974
2008-08-01,0.2047288820122666,0.8446301679684844,-0.0581845444868715,1.817142295888628,1.2023537904091233,292.07423434880667,290.2846263809877,272.2326051556872,293.0388607297943,291.59664760628806,386.01412882081655,-0.8660254037844384,-0.5000000000000004,0.7690265820130726,-0.0010996592981062647,-0.0018046694795935802,0.010780078611096183,-0.0054559699547244885,-0.0033407227814367634
2008-09-01,0.1331575874122368,0.6289156993242926,-0.0370705536876849,1.2550237542504203,1.0884811477440135,292.07596221765914,290.28447392197126,272.23203597535934,293.0404361396304,291.59691186858316,386.1986245585218,-1.0,-1.8369701987210297e-16,0.7721156408206763,-0.0010947064280777512,-0.001797883409564863,0.010789475830587383,-0.005450372632847363,-0.00333463996858447
2008-10-01,0.2869919976954277,0.4745881056928436,-0.0627671668342956,1.8938487961311272,0.54940718430743,292.07763434880667,290.28432638098764,272.2314851556872,293.0419607297943,291.59716760628805,386.37716882081673,-0.8660254037844386,0.5000000000000001,0.7751050525699632,-0.0010899135154830483,-0.0017913180198385423,0.01079857765985369,-0.005444956356975703,-0.0033287534425934726
2008-11-01,0.4804414695105393,0.5744737274021114,-0.0535069913616011,1.297218520848057,0.5677931361142375,292.07936221765914,290.2841739219713,272.2309159753594,293.04353613963036,291.59743186858316,386.56166455852144,-0.5000000000000004,0.8660254037844384,0.7781941113775586,-0.0010849610339754845,-0.0017845356124349624,0.010807990870744556,-0.005439360042051956,-0.003322670768332616
2008-12-01,0.7663485138259603,0.3803766124023977,-0.0201793479603386,1.184035855677715,0.5714662226512608,292.08103434880667,290.28402638098765,272.23036515568725,293.04506072979433,291.59768760628805,386.74020882081686,-2.4492935982947064e-16,1.0,0.7811835231268538,-0.0010801915461955917,-0.0017779712001467479,0.01081699300010714,-0.005433944436126529,-0.0033167918883778985
2009-01-01,0.8156902127694217,0.3110974413200263,-0.0723410704679947,1.0503244376828231,0.6617721706162043,292.08276221765914,290.2838739219713,272.22979597535937,293.0466361396304,291.59795186858315,386.9247045585216,0.49999999999999994,0.8660254037844387,0.7842725819344492,-0.001075216422894168,-0.0017711949311875058,0.010826537041245081,-0.005428349432186624,-0.003310701841341036
2009-02-01,1.0737967093662415,0.4420226459211103,-0.1035717121296997,1.1547599646296494,0.8771523305738219,292.08449482039885,290.2837210452589,272.22922523563335,293.04821586565777,291.5982168548845,387.10970576400086,0.8660254037844386,0.5000000000000001,0.7873701039168596,-0.0010702490205952118,-0.001764399617935961,0.010836009719172363,-0.005422739333759707,-0.003304602074261429
2009-03-01,0.8567249265124477,0.3520051762764405,-0.1843010604714558,0.9501899100288648,0.9193429675727506,292.0860597519057,290.28358296306715,272.228709728784,293.04964271497283,291.5984561973503,387.2768036270146,1.0,6.123233995736766e-17,0.7901678657074279,-0.001065808531476706,-0.0017582587596805047,0.01084434381281759,-0.0054176719829848695,-0.0032991076871215115
2009-04-01,0.9435965084204242,0.3033224179564903,-0.1789758063926906,0.9939617828877768,0.8933655083812424,292.08779235464544,290.2834300863548,272.228138989058,293.0512224410003,291.59872118365166,387.4618048324943,0.8660254037844387,-0.4999999999999998,0.7932653876898467,-0.0010607955129092652,-0.0017514716171019157,0.010854060377302311,-0.005412063470200061,-0.0032929930370677717
2009-05-01,0.5634595199058204,0.4879738602351786,-0.1038918689205743,0.9923442297148948,1.329064399365637,292.0894690669742,290.28328214114936,272.22758666029085,293.05275120812354,291.5989776220078,387.6408382571517,0.49999999999999994,-0.8660254037844387,0.7962629896083097,-0.0010559889344503581,-0.0017449005898149527,0.010863249796552194,-0.005406635779342776,-0.0032870902356624404
2009-06-01,0.2357063704899399,1.0178516530767248,-0.0723628354859071,0.7117097196457827,1.7321433275477398,292.0912016697139,290.28312926443704,272.22701592056484,293.0543309341509,291.59924260830917,387.82583946263094,1.2246467991473532e-16,-1.0,0.7993605115907202,-0.0010510223418831854,-0.0017381123221294724,0.010872753408492163,-0.005401027671309386,-0.003280990744162441
2009-07-01,0.4120500497098212,0.9864349366643922,-0.0247717742242822,0.4670869399514894,1.6564240129557335,292.09287838204267,290.2829813192315,272.2264635917977,293.05585970127424,291.59949904666536,388.00487288728885,-0.4999999999999997,-0.8660254037844388,0.8023581135091915,-0.001046216168546216,-0.0017315447240686052,0.010881957907894995,-0.0053956009591406145,-0.00327508807871779
2009-08-01,0.2057610660187571,0.7396319188724615,-0.0182306164788859,-0.1371273938957333,1.3967251316207716,292.0946109847824,290.2828284425192,272.2258928520717,293.05743942730163,291.59976403296673,388.1898740927681,-0.8660254037844384,-0.5000000000000004,0.8054556354916019,-0.0010412270409031407,-0.0017247620749595814,0.010891590347551139,-0.005389994164222568,-0.0032689812221728745
2009-09-01,0.2669208921992713,0.5626677263680582,-0.0365894547878841,-0.4633371801286339,1.1439980458589825,292.09634358752214,290.28267556580687,272.2253221123457,293.059019153329,291.6000290192681,388.37487529824784,-1.0,-1.8369701987210297e-16,0.8085531574740207,-0.0010362610926674103,-0.0017179790822064167,0.010901117190788198,-0.005384387580466884,-0.0032628819432500428
2009-10-01,0.3248836753726631,0.3882598978543006,-0.0565313861027797,0.0928031386781491,1.0183148927269206,292.0980202998509,290.2825276206014,272.22476978357855,293.0605479204523,291.60028545762424,388.55390872290525,-0.8660254037844386,0.5000000000000001,0.8115507593924838,-0.0010314555380898632,-0.0017114166141700433,0.01091034427787096,-0.005378962343294854,-0.0032569794828970298
2009-11-01,0.4852204480231153,0.3294370458194914,-0.0414250428905975,0.6126235175912877,0.3219623239181373,292.09975290259064,290.2823747438891,272.22419904385254,293.0621276464797,291.6005504439256,388.7389099283845,-0.5000000000000004,0.8660254037844384,0.8146482813748942,-0.0010264900079961468,-0.001704637167760462,0.010919886731907113,-0.005373356770245221,-0.003250880343733824
2009-12-01,0.8045771547926017,0.308809436549996,-0.0395027885013777,0.7189287476951888,0.3857514345182833,292.10142961491937,290.2822267986836,272.2236467150854,293.063656413603,291.6008068822818,388.91794335304235,-2.4492935982947064e-16,1.0,0.8176458832933655,-0.0010217077697308487,-0.0016980762734170023,0.010929016546090652,-0.005367932210197726,-0.00324498552086727
2010-01-01,0.7601719605095005,0.4398872470436197,-0.1143074110051312,0.0480475163310172,0.2054223071737602,292.10316221765913,290.2820739219713,272.22307597535934,293.0652361396304,291.6010718685832,389.1029445585216,0.49999999999999994,0.8660254037844387,0.820743405275776,-0.0010167197640810824,-0.0016913021421745451,0.010938686664738193,-0.005362327948685889,-0.0032388790197153683
2010-02-01,0.4541373536151179,0.4610580299713138,-0.1424262650456796,-0.4498539882352111,0.1690119374701231,292.10489482039884,290.2819210452589,272.2225052356333,293.06681586565776,291.60133685488455,389.2879457640008,0.8660254037844386,0.5000000000000001,0.8238409272581865,-0.001011754878716395,-0.0016845279759727123,0.010948252425124769,-0.005356723899882603,-0.00323278009138178
2010-03-01,0.4890168546348449,0.3936940685857147,-0.2367457403542455,-0.2367170788738629,0.3179830252435816,292.1064597519057,290.28178296306714,272.221989728784,293.0682427149728,291.60157619735025,389.45504362701456,1.0,6.123233995736766e-17,0.8266386890487548,-0.001007316400990884,-0.0016784075745193937,0.010956675975192042,-0.0053516620194973465,-0.003227286442397047
2010-04-01,0.291377383812658,0.5406135093350701,-0.2255967196070807,0.1561565639926008,0.5238959995828925,292.10819235464544,290.2816300863548,272.221418989058,293.06982244100027,291.60184118365163,389.6400448324943,0.8660254037844387,-0.4999999999999998,0.8297362110311735,-0.001002306192367186,-0.001671640064979071,0.010966479708864477,-0.005346059547935001,-0.0032211726503795224
2010-05-01,0.0363506889629743,0.5801108954645257,-0.1607248588348743,0.0789739712534734,0.4349538370000289,292.10986906697417,290.28148214114935,272.2208666602909,293.07135120812353,291.6020976220078,389.8190782571517,0.49999999999999994,-0.8660254037844387,0.8327338129496366,-0.0009975020809669909,-0.001665089342794272,0.01097575866962089,-0.005340637709358217,-0.00321527066055528
2010-06-01,-0.141770157152921,0.9376894866785032,-0.1159726660602201,0.6796725773953841,0.6521416894400779,292.11160166971393,290.28132926443703,272.22029592056487,293.0729309341509,291.6023626083092,390.00407946263095,1.2246467991473532e-16,-1.0,0.835831334932047,-0.0009925380486086027,-0.0016583220007377417,0.010985354617898424,-0.005335035647934546,-0.003209172007644383
2010-07-01,0.1095492450269873,0.8727737386290366,-0.0731178953618194,1.505171863214199,0.6764835714267134,292.11327838204267,290.28118131923156,272.21974359179774,293.07445970127424,291.6026190466653,390.18311288728887,-0.4999999999999997,-0.8660254037844388,0.8388289368505184,-0.000987757187877511,-0.0016517731918650486,0.010994537689132394,-0.005329614487851837,-0.0032032776497679053
2010-08-01,-0.2872918763417524,0.8773261826367146,-0.0488824553925262,0.7739762799065364,0.7045091307226213,292.11501098478243,290.2810284425192,272.21917285207167,293.0760394273016,291.6028840329667,390.3681140927681,-0.8660254037844384,-0.5000000000000004,0.8419264588329288,-0.00098277076925774,-0.0016450106993417153,0.011004259494857204,-0.005324013735106225,-0.0031971716407333053
2010-09-01,-0.1662022202686812,0.7336239368811319,-0.0389505500783786,1.606850043406734,0.5650659092109477,292.11674358752214,290.28087556580687,272.21860211234565,293.077619153329,291.6031490192681,390.5531152982478,-1.0,-1.8369701987210297e-16,0.8450239808153476,-0.0009778073990555393,-0.0016382485418144355,0.011013878424226553,-0.005318413196648358,-0.003191073198960108
2010-10-01,0.1859239775556901,0.2935827696498228,-0.0647524410705433,0.9071958554047044,0.6504671640312047,292.11842029985087,290.2807276206014,272.2180497835785,293.07914792045233,291.60340545762426,390.7321487229052,-0.8660254037844386,0.5000000000000001,0.8480215827338107,-0.0009730271483995023,-0.0016317049091061943,0.011023084373681222,-0.005312993511131216,-0.003185179042906737
2010-11-01,0.4261120496667406,0.334359064612125,-0.0389837477265227,1.1807922029014442,0.4072452614380029,292.12015290259063,290.2805747438891,272.2174790438525,293.0807276464797,291.60367044392564,390.91714992838445,-0.5000000000000004,0.8660254037844384,0.8511191047162211,-0.0009680414308679275,-0.0016249474001467801,0.011032828383883732,-0.005307394280260225,-0.0031790732473695165
2010-12-01,0.7655367838065238,0.2437908108876207,-0.0547234171130204,1.2831641853778228,0.4576966683594791,292.12182961491936,290.2804267986836,272.2169267150854,293.082256413603,291.60392688228177,391.09618335304236,-2.4492935982947064e-16,1.0,0.8541167066346924,-0.0009632388172542659,-0.0016184083152146148,0.011042158972117326,-0.005301975869869326,-0.0031731717327572444
2011-01-01,0.83770715877,0.3513371089705642,-0.0641742505140767,0.6909868743819151,0.3602995588763356,292.1235622176591,290.2802739219713,272.21635597535936,293.08383613963036,291.60419186858314,391.2811845585216,0.49999999999999994,0.8660254037844387,0.857214228617103,-0.0009582763395802711,-0.0016116529645398333,0.011051808159457733,-0.005296377350626387,-0.0031670735707851477
2011-02-01,0.7395838219503356,0.4645451787858091,-0.1619427066981525,1.2452424911428774,0.3341503089806183,292.12529482039884,290.2801210452589,272.21578523563335,293.0854158656578,291.6044568548845,391.46618576400084,0.8660254037844386,0.5000000000000001,0.8603117505995134,-0.0009533140952298919,-0.0016048993119339335,0.011061464920257379,-0.005290779344264149,-0.0031609754801790145
2011-03-01,0.8332772545526036,0.3982699028950501,-0.2315906159885823,1.4717307813028582,0.81377155266125,292.12685975190567,290.27998296306714,272.215269728784,293.0868427149729,291.6046961973503,391.6332836270146,1.0,6.123233995736766e-17,0.8631095123900816,-0.000948855005418631,-0.0015987997456023157,0.011070084869220613,-0.005285723224764309,-0.003155475078306347
2011-04-01,0.7031909453438527,0.3796479545278577,-0.2237184017770937,1.0034986359549751,0.8445770336081799,292.12859235464543,290.2798300863548,272.214698989058,293.08842244100026,291.60496118365165,391.8182848324943,0.8660254037844387,-0.4999999999999998,0.8662070343725004,-0.0009438704559898217,-0.0015920503411038737,0.011079865105544293,-0.005280126491361033,-0.003149369632986461
2011-05-01,0.1989567160575236,0.7622854893325572,-0.176276105007352,0.1631963473265249,1.2234796520991458,292.13026906697417,290.27968214114935,272.21414666029085,293.0899512081235,291.6052176220078,391.99731825715173,0.49999999999999994,-0.8660254037844387,0.8692046362909635,-0.0009390916482215385,-0.0015855184673113244,0.011089123245633251,-0.005274710203029739,-0.0031434759422025657
2011-06-01,0.061442705882931,0.7223961013093959,-0.1092559957762228,0.3468978061389475,1.5184506492059815,292.13200166971393,290.27952926443703,272.21357592056484,293.0915309341509,291.60548260830916,392.18231946263097,1.2246467991473532e-16,-1.0,0.8723021582733739,-0.000934107581491584,-0.0015787722805632697,0.011098917913687724,-0.0052691144780726736,-0.0031373706391430844
2011-07-01,0.291394226549765,0.8227880048333324,-0.0364634969628016,0.6659705839787,1.3163569629290297,292.13367838204266,290.27938131923156,272.2130235917977,293.0930597012742,291.60573904666535,392.36135288728883,-0.4999999999999997,-0.8660254037844388,0.8752997601918453,-0.0009293064982416176,-0.0015722445016271638,0.011108298931294797,-0.005263699461981875,-0.003131469595927661
2011-08-01,0.0089535062613137,0.6463633926534764,-0.0236223462193553,0.4417409825654432,1.2831524870528883,292.1354109847824,290.2792284425192,272.2124528520717,293.0946394273016,291.6060040329667,392.54635409276807,-0.8660254037844384,-0.5000000000000004,0.8783972821742557,-0.0009243456076954235,-0.001565500802950242,0.011118000123190282,-0.005258104449621291,-0.0031253719213040904
2011-09-01,-0.0476279649547467,0.7622776782737045,-0.0291140241341707,0.4490760565116708,1.3059595354143445,292.13714358752213,290.27907556580686,272.2118821123457,293.096219153329,291.6062690192681,392.7313552982478,-1.0,-1.8369701987210297e-16,0.8814948041566745,-0.0009193849560785207,-0.0015587587715931127,0.011127708782601914,-0.005252509949577832,-0.0031192743182147757
2011-10-01,0.0908195974837701,0.4573702650170594,-0.0461861879053186,1.284864127000729,0.5412171229244109,292.1388202998509,290.2789276206014,272.21132978357855,293.0977479204523,291.60652545762423,392.9103887229052,-0.8660254037844386,0.5000000000000001,0.8844924060751376,-0.000914584548572156,-0.0015522358352825887,0.011137111462272552,-0.005247096405151868,-0.003113373479717761
2011-11-01,0.2286919197575612,0.5158345915503183,-0.069764243926093,0.7898381949120035,0.1904424413075538,292.1405529025906,290.2787747438891,272.21075904385253,293.0993276464797,291.6067904439256,393.09538992838446,-0.5000000000000004,0.8660254037844384,0.887589928057548,-0.0009096243590112733,-0.0015454971266854033,0.011146834992281234,-0.00524150291340909,-0.003107276016519101
2011-12-01,0.5508016161736811,0.4548805659042923,-0.0356826402235467,0.4198653087897818,-0.0272646002096143,292.1422296149194,290.2786267986836,272.2102067150854,293.10085641360297,291.6070468822818,393.2744233530424,-2.4492935982947064e-16,1.0,0.8905875299760193,-0.0009048470489281812,-0.0015389769045990633,0.011156145070877322,-0.00523609005071202,-0.0031013827961758767
2012-01-01,0.7225335977884214,0.5018331061871707,-0.0778389611976536,0.5413771663643154,0.1030424099070486,292.1439622176591,290.2784739219713,272.2096359753594,293.1024361396304,291.60731186858317,393.4594245585216,0.49999999999999994,0.8660254037844387,0.8936850519584298,-0.0008998646878874382,-0.0015322419363116707,0.011165990152725463,-0.00523049786101301,-0.0030952779904781565
2012-02-01,0.5799899029050511,0.4322020303873748,-0.1329196353195492,0.9874966891423024,0.2497021519837271,292.1456900865116,290.27832146295486,272.2090667950315,293.10401154946646,291.6075761308782,393.6439202962263,0.8660254037844386,0.5000000000000001,0.8967741107660252,-0.0008948980543629879,-0.001525526887069346,0.011175806612068146,-0.005224921436021003,-0.0030891905501527206
2012-03-01,0.7099061388318767,0.5148296099462812,-0.1935927065970769,0.735302238606533,0.5308268893194957,292.1473064799542,290.27817884000405,272.2085343360151,293.10548531995823,291.607823343993,393.816513083112,1.0,6.123233995736766e-17,0.8996638754570119,-0.0008902958490156036,-0.0015192458803091613,0.011184790526162263,-0.005219704673827687,-0.0030835103909683022
2012-04-01,0.3819785143156965,0.5949111517339513,-0.2204982473237227,0.6520607442465066,0.7977445233357792,292.14903434880665,290.2780263809877,272.20796515568725,293.10706072979434,291.60808760628805,394.0010088208167,0.8660254037844387,-0.4999999999999998,0.9027529342646072,-0.0008853296977090024,-0.0015125339288717884,0.01119462095893233,-0.005214129234362774,-0.003077423088978737
2012-05-01,0.1238025661903409,0.8735061609687567,-0.0876023455586633,0.3936381959496112,1.2168790766466098,292.1507064799542,290.27787884000406,272.2074143360151,293.10858531995825,291.608343343993,394.17955308311167,0.49999999999999994,-0.8660254037844387,0.9057423460138943,-0.0008805458557980782,-0.001506039768792846,0.01120403856202409,-0.005208733849190218,-0.003071539457797222
2012-06-01,0.0662696359390149,0.7744137887147433,-0.1105363604438932,-0.148579761823424,1.548726612130248,292.15243434880665,290.27772638098764,272.20684515568723,293.1101607297943,291.60860760628805,394.3640488208169,1.2246467991473532e-16,-1.0,0.9088314048214978,-0.0008756027871719956,-0.0014993307647351382,0.011213777406732668,-0.005203159118945148,-0.0030654597751143334
2012-07-01,0.3621438020031615,0.9455396876198976,-0.0785817038199929,0.4264697046132759,1.1555945422312557,292.1541064799542,290.277578840004,272.2062943360151,293.11168531995827,291.608863343993,394.54259308311185,-0.4999999999999997,-0.8660254037844388,0.9118208165707847,-0.0008708419759553727,-0.0014928396379187466,0.011223103715108073,-0.005197764411420117,-0.003059583755846647
2012-08-01,0.0756701992555874,0.9459687045272422,-0.0627876710101405,0.1974994377681649,1.1879804360263977,292.15583434880665,290.27742638098766,272.2057251556872,293.1132607297943,291.6091276062881,394.72708882081656,-0.8660254037844384,-0.5000000000000004,0.9149098753783802,-0.0008658768136576185,-0.0014861339368814827,0.011232962391236787,-0.0051921909747765765,-0.003053496735796456
2012-09-01,0.3824034180650476,0.6919809392906342,-0.0329909505924691,-0.0534307715012481,1.0251646714604532,292.1575622176591,290.27727392197124,272.2051559753594,293.11483613963037,291.60939186858315,394.9115845585218,-1.0,-1.8369701987210297e-16,0.9179989341859838,-0.0008609344630617858,-0.0014794297902622558,0.011242723119034168,-0.005186617755219634,-0.0030474172632933803
2012-10-01,-0.0174100854862958,0.502570107997946,-0.0560376679744449,0.6377766538193361,0.6255766539025571,292.15923434880665,290.2771263809877,272.2046051556872,293.11636072979434,291.6096476062881,395.09012882081674,-0.8660254037844386,0.5000000000000001,0.9209883459352707,-0.0008561743182994887,-0.0014729435131604716,0.011252071209790267,-0.005181224510319741,-0.0030415414449125946
2012-11-01,0.4376704153031813,0.2956260345188216,-0.0749455202553969,0.7263163047647329,0.2945713805379575,292.1609622176591,290.27697392197126,272.2040359753594,293.1179361396304,291.60991186858314,395.27462455852145,-0.5000000000000004,0.8660254037844384,0.9240774047428661,-0.000851209910454934,-0.001466242480777296,0.011261951031250538,-0.0051756525831992695,-0.0030354546372544314
2012-12-01,0.6006656444679502,0.2564184348463355,-0.035479437761165,0.5674965029851518,-0.0372630399474955,292.16263434880665,290.27682638098764,272.20348515568725,293.1194607297943,291.6101676062881,395.45316882081687,-2.4492935982947064e-16,1.0,0.9270668164921613,-0.0008464276913765674,-0.0014597592236203442,0.011271417794671727,-0.005170260598610515,-0.003029571478859917
2013-01-01,0.7380793213571636,0.3315478635278388,-0.0824792463714401,-0.4912992419217632,0.1867418019816354,292.1643622176591,290.2766739219713,272.20291597535936,293.1210361396304,291.61043186858313,395.6376645585216,0.49999999999999994,0.8660254037844387,0.9301558752997566,-0.0008414637986510747,-0.0014530612115280159,0.011281311355872063,-0.005164689672147794,-0.0030234848125838404
2013-02-01,0.6434988781890587,0.3763497108314075,-0.1638005483227571,0.2741472501692495,-0.096980929260516,292.1660948203988,290.27652104525896,272.20234523563335,293.1226158656578,291.6106968548845,395.8226657640008,0.8660254037844386,0.5000000000000001,0.9332533972821672,-0.0008365072237902487,-0.0014463466288780185,0.011291143631856036,-0.005159103727177958,-0.003017388400053257
2013-03-01,0.6943978457001972,0.2896233835946836,-0.192475847526401,-0.2884759052912013,0.4499775598040627,292.1676597519057,290.27638296306714,272.20182972878405,293.12404271497286,291.61093619735027,395.9897636270146,1.0,6.123233995736766e-17,0.9360511590727354,-0.0008320755179440573,-0.0014402838711156229,0.011299823258542249,-0.005154058217788415,-0.0030118969654263413
2013-04-01,0.6261807915208127,0.3697402230445772,-0.2194591715938932,0.2167802426033269,0.2771635124876431,292.1693923546454,290.2762300863548,272.201258989058,293.12562244100025,291.61120118365164,396.1747648324943,0.8660254037844387,-0.4999999999999998,0.9391486810551541,-0.0008270744439948172,-0.0014335716639913374,0.01130987664899416,-0.005148473825636844,-0.0030057857474786523
2013-05-01,0.3197636113684348,0.6559839466882725,-0.1147679599217201,0.6342968908812505,0.5785540487249314,292.17106906697416,290.27608214114935,272.20070666029085,293.12715120812356,291.61145762200783,396.3537982571517,0.49999999999999994,-0.8660254037844387,0.9421462829736172,-0.0008222784661666427,-0.0014270781421266525,0.011319412001308237,-0.005143069501546539,-0.0029998861925877116
2013-06-01,0.324909400549611,0.718943732370883,-0.0935649897346966,-0.0189328519937187,1.029963431175844,292.1728016697139,290.275929264437,272.20013592056483,293.12873093415095,291.6117226083092,396.53879946263095,1.2246467991473532e-16,-1.0,0.9452438049560277,-0.0008173228707138522,-0.0014203697441875704,0.011329272348320306,-0.005137485536537017,-0.0029937900558691596
2013-07-01,0.361397770056739,0.7754352333165894,-0.0624461196054964,0.7728521831449351,1.0270887368513644,292.17447838204265,290.27578131923156,272.1995835917977,293.1302597012742,291.61197904666534,396.71783288728886,-0.4999999999999997,-0.8660254037844388,0.9482414068744991,-0.0008125498287667454,-0.0014138797856314885,0.011338718616187335,-0.0051320818976438205,-0.002987898104147362
2013-08-01,0.2827062168659717,0.812783422782383,-0.0341080656768899,0.226113440322765,1.097548003030855,292.1762109847824,290.27562844251923,272.1990128520717,293.1318394273016,291.6122440329667,396.9028340927681,-0.8660254037844384,-0.5000000000000004,0.9513389288569095,-0.0008075722873444359,-0.0014071739530754149,0.011348695915364068,-0.005126499227015057,-0.0029817946406389927
2013-09-01,0.1448215267595841,0.5638301084383187,-0.0283638206025371,0.2831688988176276,0.9543476649014134,292.1779435875221,290.27547556580686,272.1984421123457,293.13341915332904,291.6125090192681,397.08783529824785,-1.0,-1.8369701987210297e-16,0.9544364508393283,-0.0008026174503388897,-0.001400470253511886,0.011358577632686438,-0.0051209167790652235,-0.002975698715571736
2013-10-01,0.3320476385751182,0.4040163449099617,-0.0425081592913632,-0.1052340559109368,0.856313601520537,292.1796202998509,290.2753276206014,272.19788978357855,293.1349479204523,291.6127654576243,397.26686872290526,-0.8660254037844386,0.5000000000000001,0.9574340527577913,-0.0007978451148012659,-0.0013939849861725265,0.011368045171219903,-0.005115514608951564,-0.002969806966237205
2013-11-01,0.4059007489637855,0.4039480980412551,-0.0555544526971472,0.9175562857465092,0.5343244701740795,292.1813529025906,290.27517474388907,272.19731904385253,293.1365276464797,291.6130304439256,397.45186992838444,-0.5000000000000004,0.8660254037844384,0.9605315747402018,-0.0007928683668015669,-0.0013872836693151931,0.011378043122425264,-0.0051099334541541645,-0.0029637037167507697
2013-12-01,0.5340738255280828,0.3696970669610142,-0.0294648887745588,0.4307852331888452,-0.122813498519768,292.1830296149194,290.2750267986836,272.1967667150854,293.138056413603,291.6132868822818,397.63090335304236,-2.4492935982947064e-16,1.0,0.9635291766586731,-0.0007880741024301544,-0.001380800693633633,0.01138762648348993,-0.005104532544847022,-0.002957804638161291
2014-01-01,0.6130103075087577,0.3588431024622233,-0.0590181424592482,-0.4683682776159116,0.3439072685419713,292.1847622176591,290.2748739219713,272.1961959753594,293.1396361396304,291.61355186858316,397.8159045585216,0.49999999999999994,0.8660254037844387,0.9666266986410835,-0.0007831202835027334,-0.0013741031629523528,0.01139753633795017,-0.005098952108053055,-0.002951708993502654
2014-02-01,0.7766063009553481,0.588099433648977,-0.1537328136680465,-0.1930650334631006,0.1877164577350662,292.1864948203988,290.27472104525896,272.1956252356333,293.1412158656578,291.61381685488453,398.00090576400083,0.8660254037844386,0.5000000000000001,0.9697242206234941,-0.0007781667289158915,-0.0013674071712972916,0.011407453235131289,-0.005093372182052696,-0.0029456134202730175
2014-03-01,0.4945584277551069,0.5082867790504484,-0.2274127179604213,0.2410603313464341,0.2527503935587761,292.1880597519057,290.27458296306713,272.195109728784,293.14264271497285,291.6140561973503,398.16800362701457,1.0,6.123233995736766e-17,0.9725219824140623,-0.0007737151470156925,-0.0013613614692956667,0.011416315388606732,-0.0050883324017593195,-0.002940115263301091
2014-04-01,0.5638824264266462,0.4043648979104184,-0.1625300401257996,0.3369113314253668,0.7170471341790992,292.1897923546454,290.2744300863548,272.194538989058,293.14422244100024,291.61432118365167,398.3530048324943,0.8660254037844387,-0.4999999999999998,0.975619504396481,-0.0007687397153412507,-0.0013546674970454642,0.011426347032401349,-0.005082753734300215,-0.002934012364481318
2014-05-01,0.3723909515328814,0.533186402689311,-0.1289030297096608,0.3135806651329311,0.5600951019577833,292.1914690669742,290.27428214114934,272.1939866602909,293.14575120812356,291.6145776220078,398.5320382571517,0.49999999999999994,-0.8660254037844387,0.9786171063149441,-0.0007639690385575371,-0.0013481928883590805,0.011435863093393627,-0.005077354947550593,-0.00292812108110062
2014-06-01,0.226727359547627,0.881981811748327,-0.0817026849032237,-0.6973582470122764,0.941027223578232,292.1932016697139,290.274129264437,272.19341592056486,293.14733093415094,291.6148426083092,398.71703946263096,1.2246467991473532e-16,-1.0,0.9817146282973546,-0.0007589941485003134,-0.0013415018312496804,0.011445908160613328,-0.005071777284532442,-0.0029220183245618134
2014-07-01,0.3530868253959945,0.9298184295253564,-0.0592999616467097,-0.937183714556876,1.280163024515055,292.1948783820427,290.27398131923155,272.19286359179773,293.1488597012742,291.61509904666536,398.8960728872889,-0.4999999999999997,-0.8660254037844388,0.9847122302158259,-0.0007542016217266332,-0.0013350291012638425,0.01145553841599096,-0.005066379755856203,-0.002916119717674588
2014-08-01,0.1826758650859813,0.7304683294136611,-0.0376683882936653,-0.0004155629002862,0.932050041051566,292.1966109847824,290.27382844251923,272.1922928520717,293.1504394273016,291.61536403296674,399.0810740927681,-0.8660254037844384,-0.5000000000000004,0.9878097521982364,-0.0007492496035817579,-0.0013283421296100516,0.0114654966297076,-0.005060802811730755,-0.002910024560651066
2014-09-01,0.2765911043954348,0.5070048510170297,-0.0337789896542728,-0.1553292085591401,1.0047208949238773,292.1983435875221,290.27367556580685,272.19172211234564,293.15201915332904,291.6156290192681,399.2660752982478,-1.0,-1.8369701987210297e-16,0.9909072741806552,-0.0007442978549763255,-0.0013216566685883679,0.011475461788734286,-0.005055226377856992,-0.0029039294752642043
2014-10-01,0.1061678514295694,0.5258271938128848,-0.0530128735600883,0.0005954648220803,0.4345943675774411,292.2000202998509,290.2735276206014,272.1911697835785,293.1535479204523,291.61588545762424,399.4451087229052,-0.8660254037844386,0.5000000000000001,0.9939048760991182,-0.0007395060930564887,-0.0013151883260033685,0.011485112189752381,-0.005049830314945266,-0.002898031073322878
2014-11-01,0.3946671491578158,0.2614224167702393,-0.0507320692631301,0.4802271309330034,0.3139815469897093,292.2017529025906,290.27337474388906,272.1905990438525,293.1551276464797,291.6161504439256,399.63010992838446,-0.5000000000000004,0.8660254037844384,0.9970023980815287,-0.0007345548678893976,-0.0013085058746235244,0.01149509117857064,-0.005044254885448036,-0.002891936127995553
2014-12-01,0.5059140056835859,0.4213185074949508,-0.0530800784067621,-0.0338116538833508,0.1204191065010781,292.2034296149194,290.2732267986836,272.1900467150854,293.156656413603,291.6164068822818,399.8091433530424,-2.4492935982947064e-16,1.0,1.0,-0.0007297636204626617,-0.0013020404033031834,0.011504754803312076,-0.005038859794322448,-0.0028860378620427993
