date,S_NA,S_SA,S_SO,S_PO,S_IO
1987-07-01 00:00:00.000001884,34.912,35.435,34.427,34.668,34.538
1987-07-03 00:02:52.834568196,34.91200777429392,35.4349697404484,34.42700959422073,34.6679899569238,34.538023793131295
1987-07-05 00:05:45.669134506,34.91201449552803,35.43493892825623,34.42701943037457,34.66798041414978,34.53804602231333
1987-07-07 00:08:38.503700816,34.912020297658074,35.43490770294212,34.42702947324474,34.66797130982487,34.53806691626481
1987-07-09 00:11:31.338267126,34.91202530702391,35.43487619475167,34.42703968964634,34.66796258544741,34.53808668976895
1987-07-11 00:14:24.172833436,34.91202964234951,35.43484452465747,34.42705004842639,34.66795418586723,34.53810554367351
1987-07-13 00:17:17.007406914,34.912033414742936,35.43481280435907,34.42706052046377,34.66794605928555,34.53812366489069
1987-07-15 00:20:09.841973226,34.91203672769637,35.43478113628299,34.42707107866928,34.66793815725506,34.53814122639726
1987-07-17 00:23:02.676539532,34.91203967708609,35.434749613582746,34.4270816979856,34.66793043467989,34.538158387234446
1987-07-19 00:25:55.511105842,34.912042351172516,35.43471832013879,34.427092355387316,34.66792284981561,34.538175292508015
1987-07-21 00:28:48.345672152,34.912044830600124,35.43468733055859,34.42710302988091,34.66791536426922,34.538192073388224
1987-07-23 00:31:41.180238462,34.912047188397544,35.43465671017654,34.42711370250474,34.66790794299918,34.538208847109836
1987-07-25 00:34:34.014804774,34.912049491072985,35.43462651615776,34.42712435608652,34.667900554125694,34.53822571856964
1987-07-27 00:37:26.849371084,34.912051802414375,35.4345968013302,34.427134974380714,34.66789316827266,34.53824278587036
1987-07-29 00:40:19.683937392,34.912054168946035,35.43456759953606,34.42714554526303,34.66788576108569,34.5382601191155
1987-07-31 00:43:12.518503704,34.91205662853073,35.43453893429465,34.42715605884918,34.66787831174279,34.53827777295058
1987-08-02 00:46:05.353070012,34.912059212348915,35.434510820796184,34.42716650705917,34.6678708026117,34.53829578944916
1987-08-04 00:48:58.187636324,34.912061944898774,35.434483265901754,34.42717688361733,34.667863219249874,34.53831419811288
1987-08-06 00:51:51.022209800,34.91206484399622,35.43445626814333,34.42718718405226,34.667855550404475,34.53833301587143
1987-08-08 00:54:43.856776112,34.912067920774874,35.434429817723796,34.42719740569688,34.667847788012395,34.53835224708256
1987-08-10 00:57:36.691342420,34.91207117968609,35.434403896516905,34.42720754768841,34.66783992720024,34.53837188353207
1987-08-12 01:00:29.525908732,34.91207461849893,35.43437847806729,34.42721761096838,34.66783196628433,34.53839190443385
1987-08-14 01:03:22.360475040,34.912078228300196,35.434353527590496,34.42722759828258,34.66782390677072,34.538412276429824
1987-08-16 01:06:15.195041352,34.91208199349438,35.434329001972934,34.42723751418115,34.66781575335516,34.53843295358998
1987-08-18 01:09:08.029607660,34.912085891803734,35.43430484977191,34.4272473650185,34.66780751392312,34.53845387741238
1987-08-20 01:12:00.864173972,34.9120898942682,35.434281011215624,34.42725715895335,34.66779919954981,34.53847497682313
1987-08-22 01:14:53.698740280,34.91209396524545,35.43425741820315,34.427266905948734,34.66779082450014,34.5384961681764
1987-08-24 01:17:46.533306592,34.91209806241087,35.43423399430447,34.42727661777196,34.66778240622874,34.53851735525443
1987-08-26 01:20:39.367872900,34.91210213675758,35.43421065476043,34.427286307994656,34.66777396537995,34.5385384292675
1987-08-28 01:23:32.202439212,34.91210613259643,35.43418730648278,34.42729599199274,34.66776552578786,34.53855926885397
1987-08-30 01:26:25.037012688,34.91210998755595,35.43416384805415,34.42730568694645,34.66775711447623,34.53857974008026
1987-09-01 01:29:17.871579000,34.91211363258243,35.43414016972806,34.42731541184028,34.66774876165858,34.53859969644083
1987-09-03 01:32:10.706145308,34.91211699193987,35.434116153428924,34.42732518746309,34.66774050073812,34.538618978858224
1987-09-05 01:35:03.540711620,34.912119983209976,35.43409167275203,34.42733503640799,34.6677323683078,34.538637415683034
1987-09-07 01:37:56.375277928,34.9121225172922,35.43406659296356,34.4273449830724,34.66772440415027,34.53865482269391
1987-09-09 01:40:49.209844240,34.912124498403685,35.434040771000596,34.427355053658054,34.66771665123791,34.53867100309756
1987-09-11 01:43:42.044410548,34.91212582037241,35.43401405304224,34.42736527684208,34.66770915516316,34.53868574463416
1987-09-13 01:46:34.878976860,34.91212616284872,35.43398615860996,34.427375719581015,34.66770191633172,34.538698694524236
1987-09-15 01:49:27.713543168,34.912125598530785,35.433957118420416,34.42738637473869,34.66769494586251,34.53870991095199
1987-09-17 01:52:20.548109480,34.9121244305787,35.43392712598743,34.42739719315522,34.66768827976628,34.53871965516715
1987-09-19 01:55:13.382675788,34.912122940877964,35.43389636220532,34.427408129873946,34.66768195005907,34.53872817466171
1987-09-21 01:58:06.217242096,34.91212139003951,35.43386499534886,34.4274191441414,34.66767598476211,34.53873570316996
1987-09-23 02:00:59.051815576,34.91212001739965,35.43383318107333,34.42743019940731,34.6676704079019,34.53874246066844
1987-09-25 02:03:51.886381888,34.91211904102013,35.43380106241448,34.4274412633246,34.667665239510164,34.53874865337595
1987-09-27 02:06:44.720948196,34.912118657688076,35.43376876978852,34.42745230774941,34.667660495623835,34.538754473753585
1987-09-29 02:09:37.555514508,34.91211904291607,35.43373642099216,34.42746330874107,34.66765618828513,34.53876010050469
1987-10-01 02:12:30.390080816,34.91212035094206,35.43370412120257,34.4274742465621,34.66765232554145,34.53876569857489
1987-10-03 02:15:23.224647128,34.912122714729435,35.43367196297741,34.42748510567823,34.66764891144547,34.53877141915208
1987-10-05 02:18:16.059213436,34.912126245966974,35.43364002625481,34.4274958747584,34.66764594605509,34.53877739966641
1987-10-07 02:21:08.893779748,34.91213103506887,35.433608378353384,34.427506546674735,34.667643425433425,34.53878376379031
1987-10-09 02:24:01.728346056,34.91213715117473,35.43357707397223,34.427517118502564,34.66764134164886,34.538790621438494
1987-10-11 02:26:54.562912364,34.912144642149585,35.43354615519091,34.427527591520416,34.667639682774976,34.53879806876792
1987-10-13 02:29:47.397478672,34.912153534583844,35.43351565146947,34.42753797121002,34.66763843289063,34.53880618817783
1987-10-15 02:32:40.232044984,34.91216383379335,35.43348557964843,34.42754826725631,34.667637572079876,34.53881504830973
1987-10-17 02:35:33.066618464,34.91217552381936,35.43345594394881,34.427558493547416,34.66763707643204,34.53882470404739
1987-10-19 02:38:25.901184776,34.91218856742851,35.43342673597207,34.42756866817466,34.66763691804164,34.53883519651688
1987-10-21 02:41:18.735751084,34.912202906112874,35.433397934700174,34.427578813432575,34.66763706500847,34.53884655308649
1987-10-23 02:44:11.570317396,34.91221846008994,35.433369506495566,34.42758895581889,34.66763748143754,34.53885878736683
1987-10-25 02:47:04.404883704,34.912235128302584,35.43334140510115,34.427599126034536,34.66763812743909,34.53887189921074
1987-10-27 02:49:57.239450016,34.9122527884191,35.43331357164033,34.42760935898364,34.66763895912861,34.53888587471335
1987-10-29 02:52:50.074016324,34.91227129683321,35.43328593461697,34.42761969377353,34.66763992862681,34.53890068621206
1987-10-31 02:55:42.908582636,34.912290378622835,35.43325832493923,34.42763019437335,34.66764097922194,34.538916181786824
1987-11-02 02:58:35.743148940,34.91230950823051,35.43323038629348,34.42764097262456,34.66764203755404,34.53893197251236
1987-11-04 03:01:28.577715252,34.91232831913856,35.433201883485005,34.42765210811154,34.667643039944885,34.538947814839084
1987-11-06 03:04:21.412281560,34.912346502726805,35.43317261816103,34.42766366497499,34.667643934325405,34.538963488244484
1987-11-08 03:07:14.246847872,34.91236380254572,35.43314242431362,34.42767569296206,34.667644680060924,34.53897878923722
1987-11-10 03:10:07.081421352,34.9123800143164,35.43311116827968,34.42768822742627,34.6676452479512,34.53899353135717
1987-11-12 03:12:59.915987664,34.91239498593062,35.43307874874096,34.42770128932758,34.66764562023039,34.53900754517541
1987-11-14 03:15:52.750553972,34.91240861745078,35.43304509672406,34.42771488523235,34.66764579056705,34.539020678294214
1987-11-16 03:18:45.585120284,34.91242086110996,35.43301017560039,34.42772900731335,34.66764576406418,34.53903279534707
1987-11-18 03:21:38.419686592,34.912431721311854,35.432973981086235,34.427743633349785,34.66764555725917,34.53904377799866
1987-11-20 03:24:31.254252904,34.91244125463084,35.43293654124271,34.427758726727255,34.66764519812383,34.539053524944876
1987-11-22 03:27:24.088819208,34.912449569811926,35.432897916475774,34.42777423643777,34.667644726064374,34.5390619519128
1987-11-24 03:30:16.923385520,34.912456827770775,35.43285819953622,34.42779009707977,34.667644191921426,34.53906899166073
1987-11-26 03:33:09.757951828,34.912463241593706,35.43281751551969,34.4278062288581,34.667643657970046,34.539074593978164
1987-11-28 03:36:02.592518140,34.91246907653767,35.432776021866665,34.427822537584014,34.66764319791967,34.5390787256858
1987-11-30 03:38:55.427084448,34.91247465003028,35.432733908362465,34.427838914675185,34.66764289691418,34.539081370635536
1987-12-02 03:41:48.261650760,34.91248033166982,35.43269139713726,34.42785523715569,34.66764285153185,34.539082529710484
1987-12-04 03:44:41.096224240,34.912486543225185,35.43264874266606,34.42787136765603,34.667643169785364,34.539082220824945
1987-12-06 03:47:33.930790552,34.91249375863595,35.4326062317687,34.42788715441312,34.667643971121834,34.53908047892443
1987-12-08 03:50:26.765356860,34.91250250401231,35.432564183609884,34.42790243127028,34.66764538642277,34.53907735598566
1987-12-10 03:53:19.599923172,34.9125133009718,35.43252289011675,34.42791702372575,34.66764755536587,34.53907284336056
1987-12-12 03:56:12.434489476,34.91252630182192,35.43248242665648,34.42793086328076,34.66765051968872,34.53906690572536
1987-12-14 03:59:05.269055788,34.912541483863855,35.43244286930779,34.427943971708515,34.66765422625781,34.53905978291926
1987-12-16 04:01:58.103622096,34.912558805580865,35.43240428356997,34.4279563762465,34.6676586154283,34.53905172159984
1987-12-18 04:04:50.938188408,34.912578206496676,35.43236671965668,34.42796810784266,34.66766362314284,34.53904296252469
1987-12-20 04:07:43.772754716,34.912599607175544,35.432330212496005,34.4279792011554,34.667669180931476,34.539033740551346
1987-12-22 04:10:36.607321028,34.912622909222215,35.43229478173043,34.427989694553595,34.6676752159117,34.53902428463732
1987-12-24 04:13:29.441887336,34.91264799528193,35.432260431716855,34.42799963011658,34.667681650788445,34.53901481784008
1987-12-26 04:16:22.276453648,34.91267472904044,35.43222715152658,34.42800905363414,34.667688403854065,34.53900555731708
1987-12-28 04:19:15.111027128,34.912702955224,35.43219491494533,34.42801801460654,34.66769538898836,34.53899671432573
1987-12-30 04:22:07.945593440,34.91273249959936,35.432163680473195,34.428026566244505,34.66770251565856,34.5389884942234
1988-01-01 04:25:44.343941006,34.91276316897376,35.432133391324726,34.4280347654692,34.66770968891933,34.538981096467445
1988-01-03 04:36:31.076684210,34.912794751194966,35.43210397542883,34.42804267291228,34.66771680941277,34.53897471461518
1988-01-05 04:47:17.809427414,34.91282701515123,35.43207534542886,34.42805035291585,34.667723773368394,34.53896953632388
1988-01-07 04:58:04.542170618,34.912859710771315,35.43204739868256,34.428057873532474,34.66773047260319,34.53896574335079
1988-01-09 05:08:51.274913821,34.912892569024464,35.43202001726209,34.42806530652519,34.66773679452155,34.53896351155314
1988-01-11 05:19:38.007657025,34.912925301920446,35.43199306795399,34.428072727367486,34.66774262211531,34.538963010888104
1988-01-13 05:30:24.740400229,34.912957602509515,35.431966402259235,34.42808021524332,34.667747833963745,34.538964405412834
1988-01-15 05:41:11.473143433,34.91298914488244,35.43193985639321,34.4280878530471,34.667752304233545,34.538967853284454
1988-01-17 05:51:58.205886636,34.91301958417047,35.43191325128567,34.42809572738372,34.667755902678856,34.538973506760044
1988-01-19 06:02:44.938637030,34.91304858980656,35.43188646209631,34.42810395014337,34.667758502236474,34.53898157505414
1988-01-21 06:13:31.671380234,34.91307622421834,35.431859535833965,34.42811251042231,34.667760128716246,34.538992063585084
1988-01-23 06:24:18.404123438,34.91310280658204,35.43183234757496,34.428121151629085,34.66776093522994,34.539004430972085
1988-01-25 06:35:05.136866642,34.913128638794234,35.43180477053232,34.42812962771658,34.66776106993584,34.539018147489074
1988-01-27 06:45:51.869609846,34.91315400026871,35.431776692509345,34.428137715774014,34.66776067228687,34.53903272483077
1988-01-29 06:56:38.602353049,34.91317914793649,35.43174801589963,34.42814521602694,34.66775987303064,34.539047716112684
1988-01-31 07:07:25.335096253,34.91320431624582,35.43171865768705,34.42815195183723,34.66775879420944,34.539062715871154
1988-02-02 07:18:12.067839457,34.91322971716216,35.43168854944575,34.42815776970306,34.667757549160235,34.539077360063274
1988-02-04 07:28:58.800582661,34.913255540168215,35.43165763734017,34.42816253925896,34.667756242514656,34.539091326066966
1988-02-06 07:39:45.533325864,34.91328195226391,35.43162588212504,34.428166153275775,34.667754970199006,34.53910433268092
1988-02-08 07:50:32.266069068,34.91330909796639,35.43159325914535,34.42816852766066,34.66775381943428,34.53911614012465
1988-02-10 08:01:18.998812272,34.913337099310034,35.431559758336405,34.42816960145711,34.667752868736116,34.539126550038446
1988-02-12 08:12:05.731562665,34.91336605584644,35.43152538422376,34.42816933684493,34.66775218791486,34.53913540548339
1988-02-14 08:22:52.464305870,34.91339604464444,35.43149015592328,34.428167719140276,34.6677518380755,34.539142590941395
1988-02-16 08:33:39.197049073,34.91342712029009,35.431454107141086,34.428164756795596,34.66775187161773,34.53914803231512
1988-02-18 08:44:25.929792277,34.91345931488666,35.43141728617362,34.42816048139968,34.6677523322359,34.53915169692805
1988-02-20 08:55:12.662535481,34.91349263805467,35.43137975590757,34.42815494767764,34.66775325491902,34.53915359352447
1988-02-22 09:05:59.395278685,34.91352707693184,35.43134159381992,34.428148233490916,34.667754665950795,34.539153772269444
1988-02-24 09:16:46.128021888,34.913562596173136,35.43130289197796,34.42814043983725,34.66775658290961,34.53915232474884
1988-02-26 09:27:32.860765092,34.91359913180569,35.43126375659298,34.42813169367935,34.66775901175316,34.53914939105538
1988-02-28 09:38:19.593508296,34.91363645080308,35.43122432248933,34.42812223425549,34.66776188441683,34.53914534539907
1988-03-01 09:49:06.326251499,34.91367423944903,35.431184774092046,34.428112385413776,34.66776510259805,34.53914070759523
1988-03-03 09:59:53.058994703,34.91371221853838,35.431145288569,34.42810244551622,34.66776858052692,34.53913594690508
1988-03-05 10:10:39.791737908,34.91375013284226,35.43110602697159,34.428092685194464,34.667772238528194,34.53913148635937
1988-03-07 10:21:26.524488301,34.91378775110808,35.43106713423476,34.42808334734976,34.66777600302126,34.53912770275847
1988-03-09 10:32:13.257231505,34.91382486605955,35.43102873917696,34.42807464715297,34.667779806520194,34.539124926672294
1988-03-11 10:42:59.989974708,34.913861294396646,35.430990954500196,34.428066772044566,34.6677835876337,34.53912344244032
1988-03-13 10:53:46.722717912,34.913896876795654,35.430953876789985,34.428059881734626,34.66778729106515,34.53912348817161
1988-03-15 11:04:33.455461117,34.91393147790913,35.430917586515406,34.42805410820286,34.667790867612595,34.5391252557448
1988-03-17 11:15:20.188204320,34.91396498636592,35.430882148029035,34.42804955569855,34.667794274168706,34.539128890808094
1988-03-19 11:26:06.920947524,34.91399731477116,35.430847609566996,34.42804630074064,34.66779747372083,34.53913449277926
1988-03-21 11:36:53.653690727,34.91402839970626,35.430814003248955,34.42804439211764,34.66780043535098,34.53914211484565
1988-03-23 11:47:40.386433931,34.91405820172895,35.43078134507809,34.4280438508877,34.66780313423581,34.53915176396417
1988-03-25 11:58:27.119177135,34.9140867053732,35.43074963494112,34.42804467037856,34.66780555164664,34.53916340086132
1988-03-27 12:09:13.851920338,34.9141139191493,35.4307188566083,34.428046816187596,34.66780767494944,34.539176940033144
1988-03-29 12:20:00.584663542,34.91413987554382,35.43068897773342,34.42805022618178,34.667809497604836,34.539192249745284
1988-03-31 12:30:47.317413936,34.9141646310196,35.43065994985377,34.42805481049769,34.667811019168134,34.53920915203293
1988-04-02 12:41:34.050157140,34.91418826601579,35.43063170839022,34.42806045154153,34.66781224528926,34.53922742270087
1988-04-04 12:52:20.782900344,34.91421088494781,35.43060417264714,34.428067003989106,34.667813187712845,34.53924679132343
1988-04-06 13:03:07.515643547,34.914232616207386,35.430577245812444,34.42807429478583,34.66781386427812,34.53926694124453
1988-04-08 13:13:54.248386752,34.91425361216249,35.43055081495756,34.42808212314674,34.667814298919026,34.53928750957766
1988-04-10 13:24:40.981129956,34.91427404915743,35.43052475103748,34.42809026055647,34.66781452166412,34.539308087205875
1988-04-12 13:35:27.713873159,34.91429410799873,35.43049895364789,34.42809854943205,34.667814549920884,34.53932832709138
1988-04-14 13:46:14.446616362,34.91431379193761,35.43047343407417,34.42810700138356,34.66781437990656,34.53934823595038
1988-04-16 13:57:01.179359566,34.914333017377174,35.43044820446782,34.428115577625945,34.667814025350204,34.53936787968946
1988-04-18 14:07:47.912102770,34.91435170822683,35.43042327736046,34.42812424269123,34.66781350079097,34.53938732366305
1988-04-20 14:18:34.644845974,34.91436979620591,35.43039866596552,34.42813296534679,34.66781282137383,34.539406633132806
1988-04-22 14:29:21.377589178,34.91438722084363,35.43037438417824,34.428141718595306,34.66781200284957,34.53942587326761
1988-04-24 14:40:08.110339570,34.91440392947915,35.430350446575694,34.42815047967484,34.66781106157482,34.53944510914359
1988-04-26 14:50:54.843082774,34.91441987726151,35.43032686841676,34.42815923005875,34.667810014512014,34.53946440574409
1988-04-28 15:01:41.575825978,34.91443502714969,35.43030366564215,34.42816795545578,34.66780887922941,34.53948382795968
1988-04-30 15:12:28.308569184,34.91444934991257,35.43028085487436,34.428176645809955,34.6678076739011,34.53950344058817
1988-05-02 15:23:15.041312388,34.91446282412895,35.43025845341773,34.42818529530069,34.667806417307,34.539523308334594
1988-05-04 15:34:01.774055590,34.91447543618753,35.4302364792584,34.42819390234271,34.667805128832825,34.53954349581122
1988-05-06 15:44:48.506798794,34.914487180286926,35.430214951064336,34.42820246958609,34.66780382847014,34.53956406753755
1988-05-08 15:55:35.239541998,34.91449805843568,35.43019388818532,34.42821100391623,34.66780253681632,34.539585087940296
1988-05-10 16:06:21.972285202,34.91450808045223,35.43017331065295,34.42821951645388,34.66780127507456,34.53960662135342
1988-05-12 16:17:08.705028406,34.91451726396493,35.430153239180626,34.428228022555125,34.66780006505388,34.5396287320181
1988-05-14 16:27:55.437771610,34.91452563441206,35.43013369516359,34.42823654181139,34.66779892916914,34.53965148408277
1988-05-16 16:38:42.170514812,34.914533225041794,35.43011470067888,34.42824509804943,34.66779789044099,34.53967494160305
1988-05-18 16:49:28.903265206,34.914540076912225,35.43009627848535,34.42825371933135,34.66779697249592,34.53969916854183
1988-05-20 17:00:15.636008410,34.91454623889136,35.43007845202369,34.428262437954594,34.667796199566254,34.53972422876921
1988-05-22 17:11:02.368751614,34.91455176765712,35.43006124541639,34.428271290451924,34.667795596490116,34.53975018606251
1988-05-24 17:21:49.101494818,34.914556727697345,35.430044683467756,34.42828031759146,34.66779518871147,34.539777104106314
1988-05-26 17:32:35.834238022,34.914561217568945,35.43002877681391,34.42828954635516,34.66779500321795,34.539804994551886
1988-05-28 17:43:22.566981226,34.91456548934743,35.430013485677364,34.42829895732399,34.66779507343111,34.539833670330545
1988-05-30 17:54:09.299724430,34.91456981087907,35.42999878507602,34.42830856232139,34.66779543165789,34.53986298290984
1988-06-01 18:04:56.032467634,34.914574420952235,35.4299846497502,34.42831837340541,34.66779610518334,34.539892795982595
1988-06-03 18:15:42.765210838,34.91457953081106,35.429971052177756,34.42832840008782,34.66779711627333,34.539922979256026
1988-06-05 18:26:29.497954040,34.914585324155404,35.42995796257409,34.42833864933411,34.667798482174476,34.53995340845176
1988-06-07 18:37:16.230697244,34.914591957140864,35.4299453488922,34.42834912556347,34.66780021511424,34.53998396530581
1988-06-09 18:48:02.963440448,34.91459955837879,35.429933176822566,34.428359830648844,34.66780232230085,34.540014537568595
1988-06-11 18:58:49.696190842,34.91460822893625,35.42992140979329,34.428370763916874,34.66780480592334,34.54004501900493
1988-06-13 19:09:36.428934046,34.91461804233607,35.42991000896998,34.42838192214791,34.66780766315153,34.54007530939403
1988-06-15 19:20:23.161677248,34.9146290445568,35.429898933255835,34.42839329957606,34.66781088613604,34.540105314529505
1988-06-17 19:31:09.894420452,34.91464125403273,35.42988813929158,34.4284048878891,34.66781446200829,34.540134946219375
1988-06-19 19:41:56.627163656,34.9146546616539,35.42987758145549,34.428416676228565,34.667818372880475,34.54016412228605
1988-06-21 19:52:43.359906860,34.91466923076607,35.42986721186342,34.4284286511897,34.667822595845614,34.54019276656634
1988-06-23 20:03:30.092650066,34.914684897170766,35.429856980368754,34.428440796821455,34.6678271029775,34.540220808911464
1988-06-25 20:14:16.825393268,34.914701569125214,35.42984683456245,34.42845309462651,34.66783186133072,34.54024818518702
1988-06-27 20:25:03.558136472,34.91471912734241,35.42983671977299,34.428465523561265,34.667836832940665,34.54027483727302
1988-06-29 20:35:50.290879676,34.914737424991074,35.42982657906645,34.42847806003584,34.667841974823524,34.540300713063864
1988-07-01 20:46:37.023622880,34.914756287695674,35.42981635324642,34.42849067791407,34.667847238976265,34.54032576646837
1988-07-03 20:57:23.756366084,34.914775513536405,35.42980598085407,34.42850334851351,34.66785257237667,34.540349957409745
1988-07-05 21:08:10.489116476,34.9147948730492,35.42979539816811,34.42851604060543,34.66785791698329,34.540373251825585
1988-07-07 21:18:57.221859680,34.91481410922575,35.4297845392048,34.42852872041483,34.66786320973549,34.54039562166789
1988-07-09 21:29:43.954602884,34.91483293751347,35.42977333571797,34.428541351620424,34.66786838255344,34.54041704490307
1988-07-11 21:40:30.687346088,34.9148510458155,35.42976171719899,34.42855389535463,34.66787336233808,34.54043750551193
1988-07-13 21:51:17.420089294,34.91486809449074,35.42974961087679,34.42856631020362,34.66787807097115,34.54045699348966
1988-07-15 22:02:04.152832496,34.91488386514082,35.429736947601384,34.428578556578124,34.66788240415841,34.54047548649664
1988-07-17 22:12:50.885575700,34.91489846444517,35.42972371287869,34.42859063592961,34.667886340198145,34.54049297367963
1988-07-19 22:23:37.618318904,34.91491185375262,35.429709922148795,34.42860257221428,34.66788998736018,34.54050950665268
1988-07-21 22:34:24.351062108,34.91492399691437,35.42969559083229,34.42861438856369,34.66789344816807,34.540525140448615
1988-07-23 22:45:11.083805312,34.91493486789634,35.42968073406939,34.42862610707399,34.66789681651615,34.540539931939776
1988-07-25 22:55:57.816548516,34.914944450779245,35.42966536671997,34.42863774880593,34.66790017766949,34.54055393983803
1988-07-27 23:06:44.549298908,34.91495273975854,35.42964950336352,34.42864933378487,34.66790360826394,34.54056722469475
1988-07-29 23:17:31.282042112,34.91495973914442,35.42963315829918,34.42866088100074,34.66790717630611,34.54057984890084
1988-07-31 23:28:18.014785316,34.91496546336186,35.429616345545725,34.428672408408104,34.66791094117337,34.540591876686726
1988-08-02 23:39:04.747528520,34.91496993695057,35.42959907884156,34.42868393292612,34.66791495361386,34.540603374122334
1988-08-04 23:49:51.480271724,34.91497319456503,35.42958137164474,34.42869547043852,34.66791925574648,34.54061440911712
1988-08-07 00:00:38.213014928,34.91497528097445,35.42956323713295,34.42870703579367,34.66792388106091,34.54062505142007
1988-08-09 00:11:24.945758132,34.914976251062825,35.429544688203514,34.42871864280451,34.667928854417546,34.540635372619676
1988-08-11 00:22:11.678501336,34.91497616982888,35.4295257374734,34.428730304248596,34.66793419204761,34.54064544614395
1988-08-13 00:32:58.411244536,34.914975112386124,35.4295063972792,34.42874203186808,34.66793990155305,34.54065534726042
1988-08-15 00:43:45.143987740,34.91497316396278,35.42948667967715,34.42875383636971,34.66794598190658,34.54066515307614
1988-08-17 00:54:31.876730944,34.91497041990186,35.42946659644313,34.42876572742483,34.66795242345168,34.54067494253769
1988-08-19 01:05:18.609474148,34.914966985661124,35.42944615907264,34.428777713669405,34.667959207902605,34.540684796431144
1988-08-21 01:16:05.342224544,34.914962976813065,35.42942537878084,34.428789802703974,34.66796630834437,34.54069479738212
1988-08-23 01:26:52.074967744,34.91495851904496,35.429404266502516,34.428802001093686,34.667973689232745,34.54070502985575
1988-08-25 01:37:38.807710948,34.91495374815883,35.42938283289209,34.4288143143683,34.66798130639426,34.54071558015667
1988-08-27 01:48:25.540454156,34.91494881007144,35.429361088323624,34.42882674702216,34.66798910702623,34.54072653642905
1988-08-29 01:59:12.273197360,34.91494386081431,35.42933904289082,34.42883930251422,34.667997029696714,34.54073798865657
1988-08-31 02:09:59.005940564,34.91493906653374,35.42931670640701,34.428851983268025,34.66800500434454,34.540750028662444
1988-09-02 02:20:45.738683768,34.914934608131105,35.429294085965964,34.42886478957341,34.668012940487,34.54076275920283
1988-09-04 02:31:32.471426972,34.91493074097723,35.42927114075198,34.42887769731611,34.668020525040255,34.54077643000668
1988-09-06 02:42:19.204170176,34.91492759339129,35.42924786382508,34.42889069257523,34.6680276470859,34.540791083956655
1988-09-08 02:53:05.936913380,34.914925236835494,35.42922426911588,34.42890377051319,34.668034307890345,34.54080667147928
1988-09-10 03:03:52.669656584,34.91492373440661,35.42920037033452,34.42891692661508,34.66804051384389,34.54082314035928
1988-09-12 03:14:39.402399784,34.91492314083585,35.4291761809707,34.42893015668868,34.66804627646074,34.540840435739526
1988-09-14 03:25:26.135150180,34.914923502489,35.429151714293674,34.42894345686446,34.66805161237899,34.54085850012108
1988-09-16 03:36:12.867893384,34.914924857366316,35.429126983352255,34.428956823595556,34.668056543360635,34.54087727336318
1988-09-18 03:46:59.600636588,34.91492723510257,35.4291020009748,34.42897025365781,34.66806109629157,34.54089669268321
1988-09-20 03:57:46.333379792,34.91493065696703,35.429076779769225,34.42898374414974,34.668065303181564,34.54091669265675
1988-09-22 04:08:33.066122992,34.914935135863495,35.42905133212299,34.42899729249255,34.66806920116433,34.54093720521754
1988-09-24 04:19:19.798866196,34.91494067633026,35.4290256702031,34.429010896430114,34.66807283249743,34.54095815965749
1988-09-26 04:30:06.531609400,34.914947274540125,35.428999805956146,34.42902455402901,34.66807624456235,34.5409794826267
1988-09-28 04:40:53.264352604,34.91495491830041,35.428973751108224,34.42903826367849,34.66807948986447,34.54100109813342
1988-09-30 04:51:39.997095808,34.91496358705293,35.42894751716502,34.42905202409051,34.668082626033055,34.541022927544084
1988-10-02 05:02:26.729839012,34.91497325187402,35.42892111541176,34.42906583429967,34.668085715821285,34.54104488958328
1988-10-04 05:13:13.462582216,34.9149838754745,35.428894556913214,34.42907969366329,34.66808882710622,34.54106690033381
1988-10-06 05:24:00.195325420,34.91499541219973,35.42886785251371,34.42909360186136,34.668092032888815,34.54108887323659
1988-10-08 05:34:46.928075812,34.91500780802956,35.42884101283713,34.42910755889656,34.668095411293955,34.54111071909075
1988-10-10 05:45:33.660819016,34.91502100057834,35.42881404828692,34.429121565094256,34.66809904557037,34.54113234605359
1988-10-12 05:56:20.393562220,34.91503491909495,35.428786969046044,34.42913562110248,34.66810302409074,34.54115365964055
1988-10-14 06:07:07.126305424,34.91504948446277,35.42875978507705,34.42914972789197,34.668107440351605,34.541174562725274
1988-10-16 06:17:53.859048628,34.915064609199675,35.428732506122024,34.42916388675614,34.66811239297341,34.54119495553957
1988-10-18 06:28:40.591791832,34.91508019745806,35.42870514170261,34.429178099311095,34.66811798570051,34.5412147356734
1988-10-20 06:39:27.324535036,34.915096145024826,35.42867770112,34.42919236749561,34.668124327401145,34.54123379807492
1988-10-22 06:50:14.057278240,34.91511234070656,35.42865019369636,34.42920669358031,34.66813153107257,34.54125203502948
1988-10-24 07:01:00.790021444,34.915128812418544,35.42862263082798,34.42922107785261,34.66813956653795,34.541269429332885
1988-10-26 07:11:47.522764648,34.915145657387995,35.42859496643985,34.429235511540426,34.66814822480332,34.541286248429515
1988-10-28 07:22:34.255507852,34.915162920858734,35.42856713965186,34.429249984987294,34.66815732067756,34.54130278626937
1988-10-30 07:33:20.988251056,34.91518064450958,35.42853909801004,34.42926449004899,34.66816668477358,34.54131930230065
1988-11-01 07:44:07.721001448,34.915198866454354,35.42851079748658,34.42927902009358,34.66817616350829,34.54133602146975
1988-11-03 07:54:54.453744652,34.91521762124183,35.42848220247979,34.42929357000138,34.6681856191026,34.54135313422126
1988-11-05 08:05:41.186487856,34.915236939855795,35.42845328581413,34.42930813616497,34.66819492958144,34.541370796497965
1988-11-07 08:16:27.919231060,34.915256849715014,35.42842402874018,34.4293227164892,34.66820398877372,34.54138912974085
1988-11-09 08:27:14.651974264,34.91527737467323,35.428394420934694,34.42933731039119,34.668212706312374,34.5414082208891
1988-11-11 08:38:01.384717468,34.915298535019204,35.42836446050054,34.42935191880032,34.66822100763434,34.54142812238009
1988-11-13 08:48:48.117460672,34.91532034747664,35.42833415396673,34.42936654415823,34.668228833980564,34.5414488521494
1988-11-15 08:59:34.850203876,34.915342825204256,35.42830351628842,34.42938119041884,34.66823614239598,34.5414703936308
1988-11-17 09:10:21.582947080,34.91536597779575,35.42827257084692,34.42939586304831,34.668242905729564,34.54149269575626
1988-11-19 09:21:08.315690284,34.91538981127981,35.42824134944965,34.4294105690251,34.66824911263425,34.541515672955946
1988-11-21 09:31:55.048433488,34.9154143281201,35.42820989233019,34.42942531683992,34.668254767567014,34.54153920515823
1988-11-23 09:42:41.781176692,34.915439527215284,35.42817824814825,34.42944011649572,34.66825989078882,34.54156313778966
1988-11-25 09:53:28.513927084,34.915465403899006,35.428146473989685,34.429454979507746,34.668264518364644,34.54158728177501
1988-11-27 10:04:15.246670288,34.91549194993989,35.428114635366505,34.429469918903514,34.668268702163466,34.54161141353722
1988-11-29 10:15:01.979413492,34.91551915354156,35.42808280621683,34.429484949222775,34.66827250985828,34.541635274997454
1988-12-01 10:25:48.712156696,34.91554699934261,35.428051068904935,34.42950008651757,34.66827602492606,34.541658573575056
1988-12-03 10:36:35.444899900,34.91557546841664,35.42801951422125,34.429515348352204,34.66827934664782,34.54168098218758
1988-12-05 10:47:22.177643100,34.91560453827223,35.42798824138231,34.42953075380323,34.66828259010855,34.54170213925076
1988-12-07 10:58:08.910386304,34.91563418285292,35.427957358030824,34.429546323459476,34.66828588619726,34.541721648678546
1988-12-09 11:08:55.643129508,34.91566438738996,35.427926991359335,34.42956209144252,34.6682893984416,34.541739017066725
1988-12-11 11:19:42.375872712,34.91569520678965,35.42789729035619,34.42957813835943,34.66829333132285,34.54175357696947
1988-12-13 11:30:29.108615920,34.915726573204836,35.42786824512633,34.429594422895406,34.66829766053146,34.54176545152301
1988-12-15 11:41:15.841359124,34.91575839767553,35.42783982097603,34.429610883991245,34.66830232841806,34.54177488746424
1988-12-17 11:52:02.574102328,34.915790595314284,35.42781198284546,34.42962746314321,34.668307280277496,34.541782125796225
1988-12-19 12:02:49.306852720,34.91582308530622,35.42778469530866,34.42964410440299,34.66831246434889,34.54178740178818
1988-12-21 12:13:36.039595924,34.91585579090903,35.427757922573534,34.42966075437773,34.66831783181555,34.54179094497546
1988-12-23 12:24:22.772339128,34.91588863945296,35.42773162848186,34.42967736223,34.66832333680507,34.541792979159624
1988-12-25 12:35:09.505082332,34.915921562340834,35.427705776509306,34.42969387967785,34.66832893638926,34.54179372240837
1988-12-27 12:45:56.237825536,34.91595449504801,35.427680329765394,34.429710260994746,34.66833459058418,34.54179338705555
1988-12-29 12:56:42.970568740,34.91598737712245,35.42765525099353,34.4297264630096,34.66834026235013,34.54179217970118
1988-12-31 13:07:29.703311944,34.916020152184636,35.427630502571006,34.42974244510678,34.66834591759164,34.54179030121145
1989-01-02 13:12:09.505901989,34.91605276792764,35.427606046508956,34.4297581692261,34.668351525157476,34.54178794671869
1989-01-04 13:15:02.340468299,34.91608517611709,35.42758184445241,34.4297735998628,34.66835705684068,34.54178530562141
1989-01-06 13:17:55.175034609,34.91611733259119,35.427557857680284,34.429788704067576,34.668362487378474,34.54178256158427
1989-01-08 13:20:48.009600918,34.91614919726068,35.42753404710533,34.429803451446574,34.66836779445237,34.54177989253809
1989-01-10 13:23:40.844167228,34.91618073410888,35.42751037327422,34.429817814161375,34.66837295868811,34.541777470679854
1989-01-12 13:26:33.678740708,34.91621191119167,35.427486796367454,34.42983176692901,34.66837796365566,34.54177546247271
1989-01-14 13:29:26.513307018,34.91624270063749,35.42746327619945,34.429845287021955,34.66838279586922,34.54177402864595
1989-01-16 13:32:19.347873328,34.91627307864736,35.427439772218456,34.42985835426812,34.668387444787264,34.541773324195056
1989-01-18 13:35:12.182439638,34.91630302549483,35.42741624350663,34.42987095105087,34.66839190281248,34.541773498381644
1989-01-20 13:38:05.017005948,34.916332525526045,35.427392648779986,34.429883062309024,34.668396165291796,34.541774694733505
1989-01-22 13:40:57.851572257,34.9163615671597,35.42736894638841,34.42989467553682,34.66840023051638,34.54177705104458
1989-01-24 13:43:50.686138567,34.916390142887046,35.42734509431568,34.429905780783955,34.668404099721656,34.54178069937498
1989-01-26 13:46:43.520704877,34.916418249271906,35.42732105017943,34.42991637065557,34.668407777087275,34.54178576605098
1989-01-28 13:49:36.355271186,34.91644588695067,35.42729677123117,34.42992644031226,34.66841126973711,34.541792371665
1989-01-30 13:52:29.189837496,34.91647306063348,35.427272214768884,34.429935987701164,34.668414588293516,34.5418006298164
1989-02-01 13:55:22.024403806,34.91649979321372,35.427247466104355,34.42994508865843,34.66841792147331,34.541810220126884
1989-02-03 13:58:14.858977286,34.91652615751105,35.42722259626158,34.42995382411236,34.66842144787329,34.54182073601653
1989-02-05 14:01:07.693543596,34.91655223337696,35.427197579863545,34.429962221729475,34.66842521173078,34.54183204638585
1989-02-07 14:04:00.528109906,34.91657809659329,35.427172392016274,34.429970307132336,34.668429250102996,34.541844029847795
1989-02-09 14:06:53.362676216,34.91660381887227,35.427147008308836,34.42997810389961,34.66843359286708,34.54185657472781
1989-02-11 14:09:46.197242526,34.91662946785652,35.4271214048133,34.42998563356599,34.66843826272009,34.541869579063786
1989-02-13 14:12:39.031808835,34.916655107119006,35.42709555808479,34.42999291562227,34.66844327517899,34.5418829506061
1989-02-15 14:15:31.866375145,34.916680796163114,35.42706944516145,34.429999967515315,34.66844863858068,34.541896606817616
1989-02-17 14:18:24.700941455,34.91670659042257,35.42704304356445,34.43000680464803,34.668454354081945,34.541910474873646
1989-02-19 14:21:17.535507764,34.91673254126152,35.42701633129801,34.430013440379426,34.66846041565952,34.54192449166197
1989-02-21 14:24:10.370074074,34.91675869597444,35.42698928684937,34.43001988602455,34.66846681011001,34.541938603782874
1989-02-23 14:27:03.204640384,34.91678509778621,35.42696188918879,34.430026150854545,34.66847351704999,34.54195276754907
1989-02-25 14:29:56.039206694,34.916811785852104,35.42693411776956,34.43003224209661,34.668480508915906,34.54196694898578
1989-02-27 14:32:48.873780174,34.91683879525774,35.42690595252804,34.43003816493402,34.66848775096413,34.541981123830666
1989-03-01 14:35:41.708346484,34.91686615701914,35.42687737388356,34.430043922506094,34.66849520127097,34.541995277533886
1989-03-03 14:38:34.542912793,34.9168938980827,35.42684836273853,34.430049515908266,34.66850281073262,34.54200940525806
1989-03-05 14:41:27.377479103,34.91692204132518,35.426818900478374,34.43005494419201,34.66851052306521,34.54202351187826
1989-03-07 14:44:20.212045413,34.91695060555373,35.426788968971536,34.430060204364864,34.66851827480476,34.54203761198208
1989-03-09 14:47:13.046611723,34.91697960550588,35.42675855056951,34.43006529139045,34.66852599530724,34.542051729869534
1989-03-11 14:50:05.881178033,34.91700905184953,35.4267276281068,34.43007019818846,34.66853360674851,34.54206589955313
1989-03-13 14:52:58.715744343,34.917038951182974,35.42669618490096,34.43007491563464,34.66854102412436,34.54208016475784
1989-03-15 14:55:51.550310653,34.91706930603486,35.42666420475256,34.430079432560824,34.66854815525047,34.54209457892113
1989-03-17 14:58:44.384876962,34.91710011486424,35.426631671945216,34.430083735754906,34.668554900762466,34.542109205192894
1989-03-19 15:01:37.219443272,34.91713137206053,35.426598571245556,34.43008780996085,34.66856115411587,34.542124116435545
1989-03-21 15:04:30.054009582,34.917163111945264,35.42656488211994,34.430091653704366,34.6685668602584,34.542139330082684
1989-03-23 15:07:22.888583061,34.91719527712858,35.42653069122806,34.430095303268146,34.66857208921017,34.54215478339622
1989-03-25 15:10:15.723149371,34.917227651686254,35.42649617266737,34.43009878722897,34.668576872066645,34.542170498466916
1989-03-27 15:13:08.557715681,34.91726003390763,35.4264614913428,34.430102133176945,34.668581237778824,34.54218649714951
1989-03-29 15:16:01.392281991,34.917292238696085,35.42642680195783,34.4301053680592,34.668585214538844,34.54220279910951
1989-03-31 15:18:54.226848301,34.917324097569065,35.42639224901447,34.4301085181799,34.668588829779964,34.54221942182318
1989-04-02 15:21:47.061414611,34.91735545865809,35.42635796681327,34.43011160920021,34.66859211017659,34.54223638057754
1989-04-04 15:24:39.895980921,34.917386186708754,35.42632407945332,34.43011466613834,34.66859508164425,34.54225368847039
1989-04-06 15:27:32.730547230,34.917416163080695,35.42629070083226,34.4301177133695,34.66859776933961,34.542271356410254
1989-04-08 15:30:25.565113539,34.91744528574764,35.426257934646245,34.43012077462594,34.668600197660474,34.54228939311644
1989-04-10 15:33:18.399679849,34.91747346929737,35.42622587439,34.43012387299694,34.66860239024577,34.54230780511901
1989-04-12 15:36:11.234246159,34.91750064493174,35.42619460335676,34.430127030928766,34.668604369975554,34.542326596758784
1989-04-14 15:39:04.068812469,34.91752676046666,35.42616419463833,34.43013027022475,34.66860615897103,34.54234577018734
1989-04-16 15:41:56.903385948,34.91755178033212,35.42613471112502,34.43013361204522,34.66860777859452,34.54236532536702
1989-04-18 15:44:49.737952258,34.91757568557217,35.42610620550572,34.430137076907535,34.66860924944949,34.542385260070915
1989-04-20 15:47:42.572518568,34.91759847384492,35.42607872026782,34.43014068468609,34.66861059138053,34.542405569882895
1989-04-22 15:50:35.407084878,34.91762015942256,35.42605228769727,34.43014445461226,34.66861182347336,34.542426248197565
1989-04-24 15:53:28.241651188,34.917640773191344,35.42602692987856,34.4301484052745,34.66861296405486,34.5424472862203
1989-04-26 15:56:21.076217498,34.91766036265158,35.42600265869471,34.430152554618246,34.668614030693,34.542468672967246
1989-04-28 15:59:13.910783808,34.91767899191766,35.4259794758273,34.43015691994597,34.66861504019692,34.54249039526529
1989-04-30 16:02:06.745350116,34.917696741718025,35.425957372756415,34.43016151791718,34.66861600861686,34.54251243775209
1989-05-02 16:04:59.579916426,34.917713709395194,35.425936330760706,34.43016636454837,34.668616951244225,34.54253478287605
1989-05-04 16:07:52.414482736,34.91773000890576,35.425916320917366,34.4301714752131,34.668617882611535,34.54255741089634
1989-05-06 16:10:45.249049048,34.91774577082035,35.42589730410211,34.43017686464192,34.66861881649245,34.542580299882914
1989-05-08 16:13:38.083615358,34.917761142323705,35.4258792309892,34.43018254692243,34.66861976590174,34.54260342571644
1989-05-10 16:16:30.918188836,34.91777628721459,35.42586204205145,34.430188535499234,34.66862074309534,34.54262676208838
1989-05-12 16:19:23.752755146,34.91779136198295,35.42584575985332,34.43019486737493,34.668621763256866,34.54265030618829
1989-05-14 16:22:16.587321456,34.91780640292165,35.42583060826126,34.430201621161466,34.66862284633881,34.542674115219455
1989-05-16 16:25:09.421887766,34.91782145468768,35.42581640566102,34.43020875338736,34.66862399209503,34.5426981384837
1989-05-18 16:28:02.256454076,34.917836565130656,35.425802942815615,34.43021621255649,34.6686251986953,34.54272231862345
1989-05-20 16:30:55.091020384,34.917851779050494,35.42579002497318,34.430223950943166,34.66862646458037,34.5427466031466
1989-05-22 16:33:47.925586694,34.91786713819749,35.42577747186695,34.430231924592185,34.66862778846192,34.54277094442655
1989-05-24 16:36:40.760153004,34.917882681272225,35.425765117715244,34.4302400933188,34.668629169322564,34.54279529970221
1989-05-26 16:39:33.594719314,34.917898443925665,35.42575281122151,34.43024842070872,34.66863060641587,34.542819631077975
1989-05-28 16:42:26.429285624,34.91791445875911,35.42574041557426,34.43025687411812,34.66863209926632,34.54284390552373
1989-05-30 16:45:19.263851936,34.91793075532416,35.42572780844714,34.43026542467363,34.66863364766936,34.54286809487486
1989-06-01 16:48:12.098418244,34.91794736012279,35.42571488199889,34.430274047272334,34.66863525169137,34.542892175832236
1989-06-03 16:51:04.932991724,34.9179642966073,35.425701542873334,34.4302827205818,34.66863691166966,34.54291612996225
1989-06-05 16:53:57.767558034,34.91798158518034,35.425687712199405,34.43029142704003,34.668638628212484,34.54293994369676
1989-06-07 16:56:50.602124344,34.91799924319488,35.42567332559115,34.430300152855516,34.66864040219904,34.542963608333125
1989-06-09 16:59:43.436690652,34.91801728495424,35.42565833314769,34.43030888800718,34.66864223477947,34.54298712003422
1989-06-11 17:02:36.271256962,34.91803572171207,35.42564269945328,34.43031762624443,34.66864412737483,34.543010479828396
1989-06-13 17:05:29.105823272,34.91805456167238,35.42562640357724,34.43032636508712,34.66864608167716,34.5430336936095
1989-06-15 17:08:21.940389582,34.91807380998947,35.425609439074016,34.43033510582557,34.66864809964939,34.543056772136886
1989-06-17 17:11:14.774955892,34.91809346876804,35.425591813983154,34.43034385352056,34.66865018352542,34.54307973103539
1989-06-19 17:14:07.609522202,34.91811353706309,35.425573550829284,34.43035261700334,34.668652335810094,34.54310259079535
1989-06-21 17:17:00.444088514,34.91813401087997,35.42555468662216,34.4303614088756,34.66865455927916,34.54312537677259
1989-06-23 17:19:53.278654822,34.91815488317435,35.4255352728566,34.43037024550951,34.668656856979354,34.54314811918846
1989-06-25 17:22:46.113221132,34.91817614385227,35.42551537551256,34.430379147047695,34.668659232228315,34.54317085312976
1989-06-27 17:25:38.947794612,34.91819777977008,35.42549507505509,34.430388137403234,34.668661688614634,34.54319361854882
1989-06-29 17:28:31.782360922,34.91821977473448,35.425474466434316,34.43039724425968,34.66866422999784,34.543216460263444
1989-07-01 17:31:24.616927230,34.91824210950252,35.42545365908549,34.43040649907104,34.6686668605084,34.54323942795695
1989-07-03 17:34:17.451493540,34.918264761781565,35.42543277692896,34.430415937061774,34.66866958454773,34.54326257617814
1989-07-05 17:37:10.286059850,34.918287706229336,35.42541195837016,34.43042559722682,34.668672406788176,34.5432859643413
1989-07-07 17:40:03.120626160,34.91831091445388,35.42539135629965,34.430435522331564,34.668675332173024,34.543309656726244
1989-07-09 17:42:55.955192470,34.91833435501359,35.42537113809306,34.43044575891186,34.668678365916506,34.54333372247825
1989-07-11 17:45:48.789758780,34.9183579934172,35.42535148561116,34.43045635727401,34.668681513503785,34.54335823560811
1989-07-13 17:48:41.624325090,34.918381792123775,35.42533259519977,34.43046737149479,34.668684780690974,34.543383274992095
1989-07-15 17:51:34.458891400,34.918405755560755,35.42531468732472,34.43047886107816,34.66868816570227,34.5434089285189
1989-07-17 17:54:27.293457710,34.91843005620757,35.42529788199531,34.43049085358133,34.66869163535083,34.54343523931919
1989-07-19 17:57:20.128024020,34.9184545162868,35.42528199228969,34.430503298944885,34.66869521345917,34.54346211713783
1989-07-21 18:00:12.962597500,34.91847891446264,35.42526681250703,34.430516142362144,34.66869893054771,34.543489462883635
1989-07-23 18:03:05.797163810,34.91850304732229,35.42525214969149,34.43052933162805,34.66870281341779,34.54351718223052
1989-07-25 18:05:58.631730120,34.91852672937602,35.42523782363211,34.43054281713914,34.66870688515162,34.54354518561747
1989-07-27 18:08:51.466296426,34.91854979305709,35.42522366686294,34.43055655189359,34.66871116511235,34.543573388248596
1989-07-29 18:11:44.300862736,34.91857208872182,35.42520952466293,34.43057049149116,34.668715668943996,34.5436017100931
1989-07-31 18:14:37.135429048,34.91859348464954,35.425195255056,34.430584594133244,34.66872040857149,34.54363007588527
1989-08-02 18:17:29.969995356,34.91861386704263,35.425180728811014,34.43059882062283,34.66872539220066,34.5436584151245
1989-08-04 18:20:22.804561668,34.91863314002649,35.42516582944176,34.43061313436454,34.66873062431825,34.54368666207526
1989-08-06 18:23:15.639127976,34.918651225649555,35.42515045320699,34.43062750136458,34.66873610569188,34.54371475576715
1989-08-08 18:26:08.473694288,34.91866806388328,35.4251345091104,34.43064189023079,34.668741833370085,34.543742639994846
1989-08-10 18:29:01.308260596,34.918683612622175,35.425117918900625,34.43065627217261,34.6687478006823,34.543770263318116
1989-08-12 18:31:54.142834080,34.91869784768376,35.42510061707125,34.430670621001106,34.66875399723885,34.54379757906184
1989-08-14 18:34:46.977400388,34.91871076280858,35.42508255086081,34.43068491312894,34.66876040893098,34.54382454531598
1989-08-16 18:37:39.811966696,34.918722369660244,35.42506368025276,34.43069912757039,34.66876701793082,34.54385112493559
1989-08-18 18:40:32.646533004,34.918732697825355,35.42504397797554,34.430713245941355,34.668773802691405,34.54387728554085
1989-08-20 18:43:25.481099316,34.91874179481357,35.4250234295025,34.43072725245933,34.66878073794667,34.54390299951701
1989-08-22 18:46:18.315665624,34.91874972605756,35.42500203305195,34.430741133943435,34.66878779471145,34.543928244014424
1989-08-24 18:49:11.150231936,34.91875657491306,35.424979799587156,34.4307548798144,34.66879494028148,34.543953000948534
1989-08-26 18:52:03.984798244,34.918762442658796,35.4249567528163,34.43076848209457,34.6688021382334,34.54397725699989
1989-08-28 18:54:56.819364556,34.91876744849654,35.42493292919254,34.430781935407886,34.66880934842475,34.544001003614135
1989-08-30 18:57:49.653930864,34.9187717295511,35.424908377913965,34.43079523697992,34.668816526993965,34.54402423700201
1989-09-01 19:00:42.488497176,34.91877544087032,35.424883160923606,34.43080838663784,34.66882362636038,34.54404695813935
1989-09-03 19:03:35.323063484,34.91877875542506,35.42485735290944,34.43082138681044,34.668830595224236,34.54406917276708
1989-09-05 19:06:28.157636968,34.918781864109214,35.4248310413044,34.43083424252812,34.66883737856668,34.544090891391235
1989-09-07 19:09:20.992203272,34.91878497573972,35.424804326286356,34.43084696142289,34.66884391764974,34.54411212928294
1989-09-09 19:12:13.826769584,34.918788317056524,35.42477732077812,34.43085955372837,34.66885015001637,34.544132906478396
1989-09-11 19:15:06.661335892,34.918792132722636,35.42475015044745,34.4308720322798,34.6688560094904,34.54415324777895
1989-09-13 19:17:59.495902204,34.91879667009523,35.42472297692565,34.430884361310156,34.668861449315294,34.544173130833435
1989-09-15 19:20:52.330468512,34.91880198157966,35.42469584462416,34.43089653252808,34.66886646926502,34.54419254469891
1989-09-17 19:23:45.165034824,34.91880802935019,35.424668709868364,34.430908604583216,34.66887107105772,34.54421153726349
1989-09-19 19:26:37.999601132,34.918814775533995,35.42464153198573,34.43092063208243,34.66887525908783,34.54423015250879
1989-09-21 19:29:30.834167444,34.918822182220474,35.42461427332005,34.43093266557455,34.668879040429026,34.544248430495514
1989-09-23 19:32:23.668733752,34.91883021146118,35.42458689923147,34.43094475155034,34.668882424834294,34.54426640736354
1989-09-25 19:35:16.503300064,34.918838825269845,35.42455937809646,34.430956932442506,34.66888542473591,34.544284115331834
1989-09-27 19:38:09.337866372,34.91884798562239,35.42453168130781,34.430969246625715,34.66888805524542,34.54430158269854
1989-09-29 19:41:02.172439852,34.91885765445692,35.42450378327466,34.43098172841657,34.66889033415366,34.54431883384089
1989-10-01 19:43:55.007006160,34.9188677936737,35.424475661422484,34.43099440807362,34.668892281930745,34.54433588921526
1989-10-03 19:46:47.841572472,34.91887836513519,35.42444729619307,34.43100731179738,34.66889392172609,34.544352765357175
1989-10-05 19:49:40.676138780,34.91888933066602,35.42441867104458,34.4310204617303,34.668895279368385,34.54436947488126
1989-10-07 19:52:33.510705092,34.918900652053004,35.424389772451455,34.431033875956764,34.6688963833656,34.544386026481284
1989-10-09 19:55:26.345271400,34.91891229104514,35.424360589904516,34.431047568503125,34.668897264905006,34.544402424930155
1989-10-11 19:58:19.179837712,34.918924209353584,35.4243311159109,34.43106154933768,34.66889795785314,34.5444186710799
1989-10-13 20:01:12.014404020,34.9189363686517,35.424301345994074,34.43107582437066,34.66889849875583,34.54443476186168
1989-10-15 20:04:04.848970332,34.91894873057501,35.424271278693844,34.43109039545426,34.6688989268382,34.54445069028578
1989-10-17 20:06:57.683536640,34.918961256721225,35.424240915566344,34.43110526038261,34.66889928400465,34.54446644544162
1989-10-19 20:09:50.518102952,34.91897390865023,35.42421026118405,34.431120412891794,34.668899614838864,34.54448201249776
1989-10-21 20:12:43.352669260,34.9189866478841,35.42417932313577,34.431135842659835,34.66889996660381,34.544497372701876
1989-10-23 20:15:36.187242740,34.91899943590707,35.424148112026636,34.43115153530672,34.66890038924174,34.54451250338078
1989-10-25 20:18:29.021809048,34.919012234165564,35.42411664147813,34.43116747239437,34.668900935374204,34.54452737794041
1989-10-27 20:21:21.856375360,34.919025004068196,35.42408492812805,34.431183631426656,34.66890166030202,34.54454196586584
1989-10-29 20:24:14.690941668,34.91903770698574,35.424052991630546,34.431199985849396,34.6689026220053,34.54455623272128
1989-10-31 20:27:07.525507980,34.919050304251165,35.424020854656085,34.43121650505036,34.668903881143436,34.54457014015004
1989-11-02 20:30:00.360074288,34.91906275715961,35.423988542891486,34.431233154359255,34.66890550105511,34.54458364587461
1989-11-04 20:32:53.194640600,34.91907502696839,35.423956085039876,34.431249895047756,34.66890754775829,34.54459670369657
1989-11-06 20:35:46.029206908,34.919087074897014,35.423923512820735,34.431266684329465,34.66891008995022,34.54460926349664
1989-11-08 20:38:38.863773220,34.91909886212715,35.42389086096988,34.43128347535993,34.668913199007434,34.544621271234675
1989-11-10 20:41:31.698339528,34.919110349802665,35.423858167239445,34.43130021723667,34.66891694898576,34.54463266894966
1989-11-12 20:44:24.532905836,34.91912149902959,35.42382547239791,34.43131685499913,34.66892141662029,34.54464339475971
1989-11-14 20:47:17.367472144,34.91913218244402,35.42379280141657,34.431333336230615,34.668926743733365,34.54465331967195
1989-11-16 20:50:10.202045628,34.91914239699936,35.42376016860092,34.43134965675727,34.66893294243895,34.54466242931958
1989-11-18 20:53:03.036611936,34.91915233100042,35.42372760621079,34.43136583243334,34.66893986382118,34.54467086268317
1989-11-20 20:55:55.871178248,34.9191621601485,35.423695144318955,34.431381878235804,34.668947367726176,34.54467874971973
1989-11-22 20:58:48.705744556,34.91917204698526,35.42366281073411,34.43139780824195,34.668955323200485,34.54468621093537
1989-11-24 21:01:41.540310868,34.919182140892666,35.42363063100085,34.43141363562943,34.66896360849107,34.54469335738532
1989-11-26 21:04:34.374877176,34.91919257809299,35.42359862839965,34.431429372676256,34.66897211104529,34.54470029067393
1989-11-28 21:07:27.209443488,34.91920348164885,35.423566823946935,34.43144503076078,34.66898072751097,34.54470710295463
1989-11-30 21:10:20.044009796,34.919214961463176,35.42353523639499,34.43146062036168,34.6689893637363,34.54471387693
1989-12-02 21:13:12.878576104,34.91922711427921,35.42350388223202,34.431476151058035,34.66899793476994,34.544720685851686
1989-12-04 21:16:05.713142412,34.91924002368052,35.423472775682136,34.43149163152922,34.66900636486093,34.544727593520484
1989-12-06 21:18:58.547708724,34.91925376009102,35.42344192870534,34.431507069554975,34.66901458745875,34.54473465428627
1989-12-08 21:21:51.382275032,34.91926838077489,35.42341135099754,34.431522472015395,34.66902254521329,34.544741913048064
1989-12-10 21:24:44.216848516,34.91928392983668,35.42338104999057,34.43153784489093,34.66903018997486,34.54474940525397
1989-12-12 21:27:37.051414824,34.91930043822124,35.423351030852125,34.43155319326235,34.6690374827942,34.54475715690119
1989-12-14 21:30:29.885981136,34.919317923713756,35.423321296485845,34.43156852131081,34.66904439392246,34.544765184536075
1989-12-16 21:33:22.720547444,34.919336390939705,35.423291847531246,34.43158383231778,34.669050902811215,34.544773495254056
1989-12-18 21:36:15.555113756,34.91935583136492,35.42326268236375,34.4315991286651,34.66905699811244,34.54478208669969
1989-12-20 21:39:08.389680064,34.91937622329553,35.423233797094696,34.43161441183494,34.669062677678546,34.54479094706664
1989-12-22 21:42:01.224246376,34.91939753187799,35.42320518557131,34.43162968240984,34.66906794856237,34.544800055097674
1989-12-24 21:44:54.058812680,34.91941970909909,35.42317683937674,34.43164494007267,34.66907282701715,34.54480938008468
1989-12-26 21:47:46.893378992,34.919442693785925,35.423148747830005,34.43166018360667,34.66907733849656,34.544818881868636
1989-12-28 21:50:39.727945300,34.91946641160592,35.42312089798607,34.43167541089539,34.669081517654675,34.544828510839665
1989-12-30 21:53:32.562511612,34.919490775066805,35.423093274635754,34.431690618922765,34.669085408346014,34.54483820793697
1990-01-01 21:56:25.397077922,34.919515683516664,35.423065860305826,34.43170580377306,34.66908906362548,34.544847904648876
1990-01-03 21:59:18.231651402,34.919541023143864,35.423038635258926,34.431720960630905,34.669092545748434,34.544857523012816
1990-01-05 22:02:11.066217712,34.91956666697712,35.42301157749362,34.431736083781246,34.66909592617062,34.544866975615335
1990-01-07 22:05:03.900784022,34.919592474885455,35.42298466274435,34.431751166609416,34.669099285548235,34.544876165592086
1990-01-09 22:07:56.735350331,34.91961826917243,35.4229578808594,34.43176620561765,34.669102741820446,34.54488496243424
1990-01-11 22:10:49.569916641,34.91964375885088,35.42293132194784,34.43178121712837,34.66910656002857,34.54489311793012
1990-01-13 22:13:42.404482951,34.919668950452305,35.42290493706153,34.431796175193455,34.6691107021633,34.54490066421906
1990-01-15 22:16:35.239049261,34.91969390671787,35.42287864985366,34.43181104641671,34.669115071749246,34.54490768744463
1990-01-17 22:19:28.073615570,34.91971868680449,35.42285239125943,34.43182579920704,34.66911957910444,34.54491426987043
1990-01-19 22:22:20.908181880,34.91974334628483,35.422826099496056,34.431840403778494,34.669124141340426,34.54492048988001
1990-01-21 22:25:13.742748190,34.91976793714732,35.42279972006276,34.43185483215024,34.66912868236219,34.54492642197691
1990-01-23 22:28:06.577314500,34.91979250779612,35.42277320574078,34.43186905814658,34.669133132868225,34.54493213678464
1990-01-25 22:30:59.411880809,34.91981710305114,35.42274651659335,34.43188305739694,34.66913743035047,34.544937701046685
1990-01-27 22:33:52.246454290,34.91984176414805,35.422719619965726,34.43189680733589,34.66914151909436,34.54494317762653
1990-01-29 22:36:45.081020599,34.91986652873828,35.422692490485176,34.43191028720311,34.669145350178795,34.54494862550761
1990-01-31 22:39:37.915586909,34.919891430888995,35.42266511006096,34.431923478043416,34.66914888147614,34.544954099793365
1990-02-02 22:42:30.750153219,34.91991650108311,35.42263746788437,34.43193636270676,34.669152077652264,34.544959651707195
1990-02-04 22:45:23.584719529,34.919941766219296,35.4226095604287,34.43194892584822,34.669154910166476,34.54496532859249
1990-02-06 22:48:16.419285839,34.91996724961198,35.42258139144925,34.43196115392799,34.66915735727158,34.54497117391261
1990-02-08 22:51:09.253852148,34.91999297099133,35.42255297198333,34.43197303521141,34.66915940401385,34.5449772272509
1990-02-10 22:54:02.088418458,34.92001894650326,35.42252432035026,34.431984559768956,34.66916104223303,34.54498352431068
1990-02-12 22:56:54.922984768,34.92004518870945,35.42249546215139,34.4319957194762,34.66916227056235,34.54499009691526
1990-02-14 22:59:47.757551078,34.92007170658733,35.42246643027005,34.43200650801387,34.669163094428505,34.5449969730079
1990-02-16 23:02:40.592117388,34.920098505530056,35.42243726487159,34.43201692086782,34.66916352605166,34.54500417665187
1990-02-18 23:05:33.426690868,34.92012558734656,35.42240801340338,34.432026955329015,34.66916358444548,34.54501172803041
1990-02-20 23:08:26.261257177,34.920152950261524,35.42237873059479,34.43203661049358,34.66916329541706,34.54501964344673
1990-02-22 23:11:19.095823487,34.92018058891536,35.42234947845721,34.432045887262746,34.66916269156702,34.545027935324015
1990-02-24 23:14:11.930389797,34.920208494364246,35.422320326284016,34.43205478834288,34.66916181228941,34.54503661220545
1990-02-26 23:17:04.764956106,34.92023665408011,35.42229135065063,34.432063318245476,34.66916070377178,34.54504567875418
1990-02-28 23:19:57.599522416,34.92026505195062,35.42226263541446,34.43207148328716,34.669159418995164,34.54505513575333
1990-03-02 23:22:50.434088727,34.92029366827922,35.422234271714935,34.43207929158968,34.669158017734034,34.54506498010601
1990-03-04 23:25:43.268655036,34.92032247978507,35.42220635797347,34.43208675307992,34.669156566556374,34.54507520483532
1990-03-06 23:28:36.103221346,34.92035145960311,35.422178999893525,34.432093879489905,34.66915513882362,34.545085799084305
1990-03-08 23:31:28.937787656,34.92038063938569,35.422152499123904,34.43210065509167,34.66915387919563,34.54509666606392
1990-03-10 23:34:21.772353966,34.92040999623237,35.4221271080357,34.432107074892144,34.669152939464155,34.54510768679481
1990-03-12 23:37:14.606920275,34.9204393734081,35.42210272358085,34.432113188974085,34.66915235891445,34.545118870895536
1990-03-14 23:40:07.441493755,34.92046862376834,35.42207924569661,34.43211904549101,34.66915217058402,34.54513022987071
1990-03-16 23:43:00.276060065,34.92049761069386,35.42205657985392,34.43212469026798,34.669152402073415,34.54514177611772
1990-03-18 23:45:53.110626375,34.92052620809064,35.422034637057465,34.43213016680167,34.669153075546255,34.5451535229267
1990-03-20 23:48:45.945192684,34.920554300389995,35.42201333384559,34.43213551626028,34.669154207729264,34.54516548448057
1990-03-22 23:51:38.779758994,34.920581782548474,35.42199259229039,34.43214077748361,34.669155809912205,34.54517767585502
1990-03-24 23:54:31.614325305,34.920608560047896,35.42197233999762,34.43214598698302,34.66915788794795,34.5451901130185
1990-03-26 23:57:24.448891614,34.920634548895364,35.42195251010679,34.432151178941446,34.6691604422524,34.545202812832215
1990-03-29 00:00:17.283457924,34.92065967562325,35.42193304129108,34.43215638521339,34.669163467804566,34.54521579305016
1990-03-31 00:03:10.118024234,34.92068387728918,35.42191387775737,34.432161635324924,34.669166954146526,34.545229072319074
1990-04-02 00:06:02.952590543,34.92070710147607,35.42189496924628,34.432166956473694,34.66917088538342,34.54524267017848
1990-04-04 00:08:55.787156853,34.9207293062921,35.421876271032104,34.432172373528914,34.66917524018348,34.545256607060665
1990-04-06 00:11:48.621723163,34.92075046037071,35.421857743922864,34.43217790903137,34.66917999177799,34.545270904290675
1990-04-08 00:14:41.456296643,34.920770542870635,35.42183935426027,34.43218358319342,34.66918510796131,34.54528558408633
1990-04-10 00:17:34.290862953,34.92078954347585,35.421821073919745,34.43218941389899,34.6691905510909,34.545300669558216
1990-04-12 00:20:27.125429261,34.92080746239562,35.421802880310416,34.43219541670358,34.669196278087256,34.54531618470968
1990-04-14 00:23:19.959995572,34.92082431036448,35.421784756375125,34.43220160483426,34.66920224043398,34.54533215443684
1990-04-16 00:26:12.794561882,34.920840108642224,35.421766690590395,34.43220798918966,34.66920838417773,34.5453486045286
1990-04-18 00:29:05.629128192,34.92085488901393,35.42174867696649,34.43221457834001,34.669214649928236,34.545365561666586
1990-04-20 00:31:58.463694502,34.920868693789934,35.42173071504734,34.43222137852707,34.66922097285832,34.54538305342523
1990-04-22 00:34:51.298260812,34.92088157580586,35.42171280991061,34.432228393664204,34.669227282703844,34.545401108271726
1990-04-24 00:37:44.132827122,34.92089359842257,35.42169497216766,34.432235625336325,34.669233503763785,34.54541975556602
1990-04-26 00:40:36.967393430,34.92090483552624,35.42167721796355,34.43224307279993,34.66923955490016,34.54543902556084
1990-04-28 00:43:29.801959740,34.920915371528274,35.421659568977056,34.432250732983086,34.66924534953807,34.545458949401656
1990-04-30 00:46:22.636526050,34.92092530136538,35.42164205242066,34.43225860048542,34.66925079566571,34.54547955912674
1990-05-02 00:49:15.471099532,34.92093473049952,35.421624701040535,34.43226666757814,34.66925579583431,34.5455008876671
1990-05-04 00:52:08.305665840,34.920943774917916,35.42160755311658,34.43227492420402,34.669260247158206,34.54552296884655
1990-05-06 00:55:01.140232150,34.920952561133085,35.42159065246237,34.43228335797742,34.66926404131479,34.54554583738161
1990-05-08 00:57:53.974798460,34.920961226182804,35.42157404842522,34.43229195418424,34.66926706454454,34.54556952888163
1990-05-10 01:00:46.809364770,34.920969950647944,35.421557899278234,34.432300674450325,34.669269072804134,34.545594121946586
1990-05-12 01:03:39.643931080,34.92097892551542,35.421542489591296,34.43230945760784,34.66926974769765,34.54561971102454
1990-05-14 01:06:32.478497390,34.920988191174054,35.42152775609109,34.43231831802887,34.66926926608756,34.54564621470188
1990-05-16 01:09:25.313063698,34.920997776788816,35.4215136182359,34.43232727315921,34.66926781987297,34.545673546391015
1990-05-18 01:12:18.147630008,34.92100770791752,35.42149999870828,34.43233633915988,34.669265588848326,34.54570162374095
1990-05-20 01:15:10.982196318,34.921018006510835,35.42148682341501,34.43234553090715,34.66926274070349,34.54573036863727
1990-05-22 01:18:03.816762628,34.92102869091228,35.42147402148714,34.432354861992486,34.669259431023654,34.54575970720216
1990-05-24 01:20:56.651328938,34.92103977585822,35.42146152527995,34.43236434472261,34.669255803289445,34.545789569794366
1990-05-26 01:23:49.485902418,34.92105127247788,35.42144927037297,34.432373990119444,34.66925198887682,34.54581989100924
1990-05-28 01:26:42.320468728,34.921063188293324,35.42143719556997,34.43238380792017,34.66924810705715,34.545850609678695
1990-05-30 01:29:35.155035038,34.921075527219465,35.421425242898984,34.43239380657716,34.669244264997154,34.54588166887126
1990-06-01 01:32:27.989601348,34.921088289564075,35.42141335761228,34.43240399325804,34.669240557758954,34.54591301589203
1990-06-03 01:35:20.824167658,34.92110147202777,35.42140148818636,34.43241437384567,34.66923706830003,34.545944602282695
1990-06-05 01:38:13.658733966,34.92111506770402,35.42138958632199,34.4324249529381,34.66923386747325,34.54597638382152
1990-06-07 01:41:06.493300276,34.92112906607913,35.42137760694419,34.43243573384864,34.66923101402686,34.54600832052335
1990-06-09 01:43:59.327866586,34.921143453032286,35.4213655082022,34.432446718605824,34.669228554604494,34.54604037663963
1990-06-11 01:46:52.162432896,34.921158210835486,35.421353251469526,34.4324579079534,34.66922652374514,34.54607252065839
1990-06-13 01:49:44.996999206,34.921173318153606,35.42134080134391,34.432469301350345,34.66922494388318,34.54610472530425
1990-06-15 01:52:37.831565516,34.92118875004435,35.42132812564734,34.43248089697087,34.669223825348375,34.54613696753838
1990-06-17 01:55:30.666131826,34.9212044779583,35.421315195426075,34.432492691704425,34.66922316636586,34.546169228558576
1990-06-19 01:58:23.500705306,34.921220469738856,35.421301984950574,34.432504681155656,34.66922295305615,34.5462014937992
1990-06-21 02:01:16.335271616,34.92123668962229,35.421288471715584,34.432516859644466,34.669223159435134,34.54623375293121
1990-06-23 02:04:09.169837926,34.92125309823772,35.42127463644008,34.432529220205964,34.66922374741409,34.54626599986213
1990-06-25 02:07:02.004404236,34.92126965260711,35.421260463067284,34.43254175459051,34.66922466679965,34.54629823273609
1990-06-27 02:09:54.838970544,34.92128630614526,35.42124593876467,34.432554453263656,34.66922585529385,34.54633045393379
1990-06-29 02:12:47.673536854,34.92130300865985,35.42123105392394,34.43256730540622,34.6692272384941,34.54636267007253
1990-07-01 02:15:40.508103164,34.92131970635139,35.42121580216107,34.43258029891422,34.669228729893184,34.54639489200618
1990-07-03 02:18:33.342669474,34.92133634181324,35.42120018031627,34.432593420398916,34.66923023087924,34.5464271348252
1990-07-05 02:21:26.177235784,34.92135285403162,35.421184188453985,34.43260665518679,34.66923163073584,34.546459417856646
1990-07-07 02:24:19.011802094,34.92136917838558,35.42116782986292,34.43261998731954,34.66923280664187,34.54649176466414
1990-07-09 02:27:11.846368402,34.92138524629572,35.42115111154303,34.43263339903541,34.66923362106467,34.546524203218866
1990-07-11 02:30:04.680934712,34.92140095807041,35.421134111913474,34.43264680738756,34.669233609345646,34.5465567853473
1990-07-13 02:32:57.515508194,34.92141630240026,35.42111688547028,34.432660184794976,34.669232604458344,34.54658954060595
1990-07-15 02:35:50.350074504,34.92143131762739,35.42109943578845,34.43267356216208,34.66923074328111,34.54662247440588
1990-07-17 02:38:43.184640814,34.92144603963556,35.421081766677986,34.43268696800385,34.66922815720266,34.54665558851158
1990-07-19 02:41:36.019207124,34.921460501850255,35.42106388218401,34.43270042844579,34.669224972122,34.54668888104102
1990-07-21 02:44:28.853773434,34.921474735238604,35.42104578658664,34.43271396722396,34.66922130844848,34.54672234646561
1990-07-23 02:47:21.688339740,34.92148876830943,35.42102748440109,34.432727605684946,34.66921728110177,34.54675597561019
1990-07-25 02:50:14.522906050,34.921502627113234,35.421008980377586,34.43274136278587,34.66921299951188,34.54678975565309
1990-07-27 02:53:07.357472360,34.92151633524218,35.420990279501446,34.4327552550944,34.669208567619144,34.546823670126045
1990-07-29 02:56:00.192038672,34.92152991383013,35.42097138699302,34.432769296788756,34.66920408387421,34.546857698914266
1990-07-31 02:58:53.026604980,34.9215433815526,35.420952308307704,34.43278349965767,34.66919964123807,34.54689181825642
1990-08-02 03:01:45.861171292,34.92155675462682,35.42093304913596,34.432797873100434,34.669195327182045,34.5469260007446
1990-08-04 03:04:38.695737600,34.92157004681166,35.42091361540331,34.43281242412687,34.66919122368776,34.54696021532436
1990-08-06 03:07:31.530311080,34.921583269407684,35.4208940132703,34.43282715735735,34.6691874072472,34.54699442729471
1990-08-08 03:10:24.364877392,34.92159643125713,35.42087424913255,34.43284207502277,34.66918394886266,34.5470285983081
1990-08-10 03:13:17.199443700,34.92160953874393,35.420854329620745,34.432857176964575,34.669180914046756,34.547062686370445
1990-08-12 03:16:10.034010008,34.92162259579367,35.42083426160059,34.43287246063474,34.66917836282245,34.54709664584108
1990-08-14 03:19:02.868576320,34.92163560387363,35.420814052172865,34.4328879210958,34.66917634972302,34.54713042743282
1990-08-16 03:21:55.703142628,34.92164856199276,35.4207937086734,34.4329035510208,34.66917492379207,34.54716397821191
1990-08-18 03:24:48.537708940,34.9216614667017,35.420773238673064,34.43291934069335,34.66917412858354,34.54719724159806
1990-08-20 03:27:41.372275248,34.92167431209274,35.42075264997781,34.432935278007584,34.6691740021617,34.54723015736442
1990-08-22 03:30:34.206841560,34.921687089799875,35.4207319506286,34.43295134846818,34.669174577101124,34.54726266163758
1990-08-24 03:33:27.041407868,34.92169978899877,35.42071114890148,34.432967535190365,34.66917588048674,34.547294686897615
1990-08-26 03:36:19.875974180,34.92171239640677,35.42069025330755,34.43298381889988,34.66917793391381,34.547326161978
1990-08-28 03:39:12.710547660,34.92172489628289,35.420669272592946,34.43300017793303,34.669180753487886,34.5473570120657
1990-08-30 03:42:05.545113968,34.921737270427826,35.42064821573886,34.43301658823665,34.66918434982488,34.54738715870112
1990-09-01 03:44:58.379680280,34.92174949818395,35.42062709196155,34.43303302336811,34.669188728051026,34.547416519778096
1990-09-03 03:47:51.214246584,34.92176155643532,35.42060591071231,34.433049454495325,34.66919388780288,34.547445009543935
1990-09-05 03:50:44.048812896,34.921773419607675,35.4205846816775,34.43306585039675,34.669199823227316,34.547472538599386
1990-09-07 03:53:36.883379208,34.92178505966841,35.42056341477852,34.43308217746138,34.66920652298156,34.547499013898644
1990-09-09 03:56:29.717945516,34.921796391380944,35.420542177483675,34.43309838002201,34.66921399659102,34.54752427287345
1990-09-11 03:59:22.552511828,34.92180708852825,35.42052128851526,34.43311431728962,34.66922233410933,34.5475478900586
1990-09-13 04:02:15.387078136,34.92181722785422,35.42050064731689,34.433129998075586,34.6692313850922,34.54756997012163
1990-09-15 04:05:08.221644448,34.92182695224663,35.420480087205156,34.43314545675824,34.669240970577775,34.54759070149566
1990-09-17 04:08:01.056210756,34.92183639536239,35.42045945423542,34.43316072590153,34.66925092333348,34.54761026220826
1990-09-19 04:10:53.890777068,34.92184568162751,35.42043860720179,34.433175836255046,34.66926108785601,34.54762881988145
1990-09-21 04:13:46.725350548,34.921854926237124,35.42041741763714,34.43319081675398,34.66927132037136,34.54764653173166
1990-09-23 04:16:39.559916852,34.92186423515548,35.42039576981314,34.43320569451911,34.6692814888348,34.54766354456975
1990-09-25 04:19:32.394483164,34.92187370511595,35.42037356074018,34.43322049485688,34.66929147293088,34.54767999480103
1990-09-27 04:22:25.229049476,34.92188342362101,35.42035070016744,34.433235241259325,34.66930116407343,34.54769600842523
1990-09-29 04:25:18.063615784,34.921893468942265,35.42032711058285,34.43324995540408,34.66931046540557,34.54771170103651
1990-10-01 04:28:10.898182096,34.92190391012043,35.420302727213134,34.43326465715441,34.669319291799695,34.547727177823475
1990-10-03 04:31:03.732748404,34.92191480696533,35.42027749802374,34.43327936455921,34.66932756985748,34.54774253356916
1990-10-05 04:33:56.567314716,34.921926210055936,35.42025138371889,34.433294093852965,34.66933523790989,34.547757852651024
1990-10-07 04:36:49.401881024,34.9219381607403,35.420224357741596,34.43330885945578,34.66934224601717,34.54777320904097
1990-10-09 04:39:42.236447336,34.9219506911356,35.420196406273604,34.43332367397339,34.66934855596884,34.54778866630531
1990-10-11 04:42:35.071013644,34.92196382412814,35.42016752823543,34.43333854819713,34.6693541412837,34.54780427760482
1990-10-13 04:45:27.905579956,34.921977573373354,35.42013773528638,34.43335349110396,34.66935898720984,34.54782008569469
1990-10-15 04:48:20.740153432,34.92199194329575,35.42010705182449,34.43336850985644,34.66936309072464,34.547836122924544
1990-10-17 04:51:13.574719740,34.922006929089,35.420075514986564,34.43338360980277,34.66936646053474,34.547852411238445
1990-10-19 04:54:06.409286052,34.922022516715856,35.4200431746482,34.433398794476744,34.66936911707607,34.54786896217489
1990-10-21 04:56:59.243852364,34.9220386829082,35.42001009342372,34.43341406559777,34.669371092513856,34.547885776866785
1990-10-23 04:59:52.078418672,34.92205539516705,35.419976346666246,34.4334294230709,34.66937243074259,34.5479028460415
1990-10-25 05:02:44.912984984,34.92207261176251,35.41994202246763,34.433444864986754,34.66937318738605,34.54792015002083
1990-10-27 05:05:37.747551292,34.922090281733816,35.41990722165852,34.433460387621615,34.6693734297973,34.54793765872098
1990-10-29 05:08:30.582117604,34.92210834488932,35.419872057808305,34.43347598543735,34.669373237058664,34.547955331652624
1990-10-31 05:11:23.416683912,34.92212673180648,35.41983665722515,34.43349165108145,34.66937269998179,34.54797311792083
1990-11-02 05:14:16.251250224,34.922145363831895,35.41980115895598,34.433507375387016,34.66937192110757,34.54799095622513
1990-11-04 05:17:09.085816532,34.922164153081255,35.41976571478647,34.43352314737278,34.66937101470619,34.548008774859476
1990-11-06 05:20:01.920382844,34.92218300243939,35.41973048924109,34.43353895424308,34.66937010677713,34.54802649171224
1990-11-08 05:22:54.754956320,34.92220180556022,35.41969565958305,34.43355478138787,34.66936933504913,34.54804401426625
1990-11-10 05:25:47.589522628,34.9222204468668,35.41966141581433,34.4335706123827,34.669368848980234,34.54806123959876
1990-11-12 05:28:40.424088940,34.9222388015513,35.41962796067568,34.43358642898877,34.66936880975775,34.54807805438144
1990-11-14 05:31:33.258655252,34.92225673387687,35.41959551145156,34.43360221029494,34.66936939011937,34.548094335046294
1990-11-16 05:34:26.093221560,34.922274061796806,35.41956431510124,34.43361789659841,34.66937070848504,34.548109991564644
1990-11-18 05:37:18.927787872,34.92229083449607,35.41953430683545,34.433633491692255,34.66937272811097,34.548125026526044
1990-11-20 05:40:11.762354180,34.92230719027828,35.419505315617215,34.433649034905194,34.66937539014614,34.54813945555118
1990-11-22 05:43:04.596920492,34.9223232583929,35.41947718105159,34.433664561643575,34.66937863768879,34.548153294845214
1990-11-24 05:45:57.431486800,34.92233915903518,35.419449753385685,34.43368010339141,34.669382415786366,34.54816656119778
1990-11-26 05:48:50.266053112,34.92235500334622,35.41942289350868,34.433695687710355,34.66938667143559,34.54817927198298
1990-11-28 05:51:43.100619420,34.922370893412904,35.4193964729518,34.4337113382397,34.66939135358243,34.54819144515936
1990-11-30 05:54:35.935185728,34.92238692226798,35.41937037388832,34.43372707469642,34.66939641312205,34.54820309926996
1990-12-02 05:57:28.769759208,34.92240317388999,35.41934448913357,34.43374291287509,34.66940180289891,34.54821425344228
1990-12-04 06:00:21.604325520,34.92241972320329,35.41931872214494,34.43375886464797,34.669407477706685,34.548224927388276
1990-12-06 06:03:14.438891828,34.92243663607808,35.41929298702187,34.43377493796495,34.66941339428829,34.548235141404376
1990-12-08 06:06:07.273458140,34.922453969330356,35.41926720850585,34.43379113685357,34.6694195113359,34.54824491637147
1990-12-10 06:09:00.108024448,34.922471770721955,35.41924132198044,34.43380746141902,34.669425789490916,34.54825427375495
1990-12-12 06:11:52.942590760,34.922490078960514,35.419215273471224,34.43382390784415,34.66943219134398,34.548263235604615
1990-12-14 06:14:45.777157068,34.92250892369951,35.41918901964586,34.43384046838944,34.66943868143499,34.548271824554774
1990-12-16 06:17:38.611723380,34.92252832553823,35.41916252781407,34.43385713139302,34.669445226253075,34.548280063824194
1990-12-18 06:20:31.446289688,34.92254829602177,35.419135775927614,34.43387388127068,34.66945179423661,34.5482879772161
1990-12-20 06:23:24.280855996,34.92256883764107,35.4191087525803,34.43389069851585,34.66945835577321,34.5482955891182
1990-12-22 06:26:17.115422304,34.922589943832875,35.419081457008005,34.433907559699605,34.669464883199744,34.54830292450264
1990-12-24 06:29:09.949988616,34.922611598979756,35.41905389908866,34.43392443747068,34.669471350802304,34.548310008926066
1990-12-26 06:32:02.784562096,34.922633778410095,35.419026099342226,34.433941300555446,34.66947773481623,34.548316868529575
1990-12-28 06:34:55.619128408,34.92265644839811,35.418998088930756,34.43395811375792,34.66948401342612,34.54832353003872
1990-12-30 06:37:48.453694716,34.922679566163815,35.41896990965832,34.43397483795978,34.6694901667658,34.54833002076355
1991-01-01 06:40:41.288261025,34.92270307987307,35.41894161397107,34.43399143012035,34.66949617691833,34.548336368598555
1991-01-03 06:43:34.122827335,34.92272692863754,35.4189132649572,34.43400784327659,34.66950202791603,34.54834260202269
1991-01-05 06:46:26.957393644,34.92275104251471,35.41888493634695,34.43402402654311,34.66950770574046,34.54834875009941
1991-01-07 06:49:19.791959954,34.922775342507904,35.41885671251263,34.43403992511219,34.6695131983224,34.54835484247659
1991-01-09 06:52:12.626526264,34.92279974056624,35.41882868846859,34.43405548025373,34.66951849554191,34.548360909386616
1991-01-11 06:55:05.461092574,34.92282413958467,35.41880096987124,34.43407062931529,34.66952358922825,34.5483669816463
1991-01-13 06:57:58.295658883,34.922848433403956,35.41877367301905,34.434085305722085,34.66952847315996,34.548373090656966
1991-01-15 07:00:51.130225193,34.92287249729193,35.41874698999679,34.434099499529566,34.66953321412604,34.54837921958435
1991-01-17 07:03:43.964791503,34.922896321502336,35.41872094128571,34.434113233828896,34.66953784545617,34.54838535375652
1991-01-19 07:06:36.799364983,34.92291998784367,35.418695325776326,34.43412645283708,34.669542259874405,34.54839156163656
1991-01-21 07:09:29.633931293,34.922943571638356,35.4186699572054,34.43413910701925,34.66954636045619,34.54839790601943
1991-01-23 07:12:22.468497603,34.92296714122454,35.418644665634254,34.434151153864676,34.66955006176632,34.5484044433163
1991-01-25 07:15:15.303063912,34.92299075795614,35.41861929744874,34.43416255788675,34.66955328985897,34.5484112235546
1991-01-27 07:18:08.137630223,34.92301447620281,35.418593715359314,34.43417329062297,34.66955598227765,34.54841829037795
1991-01-29 07:21:00.972196532,34.923038343349944,35.41856779840095,34.43418333063496,34.66955808805526,34.54842568104622
1991-01-31 07:23:53.806762842,34.923062399798695,35.4185414419332,34.43419266350844,34.669559567714046,34.548433426435466
1991-02-02 07:26:46.641329152,34.923086678965944,35.41851455764017,34.43420128185326,34.66956039326561,34.548441551037996
1991-02-04 07:29:39.475895461,34.92311120728435,35.418487073530514,34.4342091853034,34.66956054821094,34.54845007296233
1991-02-06 07:32:32.310461771,34.92313600420228,35.41845893393745,34.434216380516936,34.669560027540356,34.54845900393321
1991-02-08 07:35:25.145028081,34.92316108218386,35.418430099518766,34.43422288117606,34.66955883773356,34.548468349291596
1991-02-10 07:38:17.979601561,34.92318644670899,35.41840054725678,34.43422870798711,34.6695569967596,34.54847810799469
1991-02-12 07:41:10.814167871,34.923212096273275,35.4183702704584,34.4342338886805,34.66955453407691,34.54848827261588
1991-02-14 07:44:03.648734180,34.923238022388084,35.418339278755056,34.43423845801079,34.66955149063326,34.54849882934481
1991-02-16 07:46:56.483300491,34.92326420958054,35.41830759810277,34.43424245775664,34.669547918865796,34.548509757987325
1991-02-18 07:49:49.317866800,34.9232906353935,35.4182752707821,34.43424593672084,34.669543882701014,34.54852103196551
1991-02-20 07:52:42.152433110,34.923317270385574,35.418242355398164,34.434248950730286,34.669539457554784,34.548532618317644
1991-02-22 07:55:34.986999420,34.923344078131116,35.418208926880645,34.434251562636,34.66953473033234,34.548544477698265
1991-02-24 07:58:27.821565730,34.92337101522022,35.418175076483784,34.43425384231311,34.66952979942826,34.5485565643781
1991-02-26 08:01:20.656132040,34.92339803125874,35.41814091178637,34.43425586666087,34.6695247747265,34.54856882624412
1991-02-28 08:04:13.490698349,34.92342506886827,35.41810655669175,34.43425771960264,34.66951977760037,34.54858120479951
1991-03-02 08:07:06.325264659,34.923452063686135,35.418072151427836,34.434259492085914,34.66951494091254,34.54859363516367
1991-03-04 08:09:59.159830969,34.92347894436543,35.418037852547094,34.43426128208229,34.669510409015054,34.54860604607224
1991-03-06 08:12:51.994404449,34.923505626961365,35.41800384995682,34.43426320291243,34.66950634969946,34.548618355275856
1991-03-08 08:15:44.828970758,34.92353193941454,35.417970584991004,34.43426547904345,34.66950309502239,34.54863041762583
1991-03-10 08:18:37.663537068,34.92355780631214,35.417938178744926,34.43426815290454,34.66950072254552,34.548642190912666
1991-03-12 08:21:30.498103378,34.923583196912546,35.41790661679947,34.4342711982714,34.66949920845354,34.548653674001024
1991-03-14 08:24:23.332669688,34.92360808280783,35.41787588156461,34.43427458850049,34.669498524204094,34.54866486902769
1991-03-16 08:27:16.167235998,34.92363243792376,35.4178459522794,34.43427829652907,34.669498636527756,34.54867578140155
1991-03-18 08:30:09.001802308,34.92365623851978,35.41781680501196,34.434282294875196,34.66949950742807,34.54868641980361
1991-03-20 08:33:01.836368618,34.92367946318907,35.41778841265947,34.43428655563769,34.66950109418149,34.54869679618697
1991-03-22 08:35:54.670934927,34.92370209285846,35.417760744948225,34.43429105049617,34.66950334933744,34.548706925776834
1991-03-24 08:38:47.505501237,34.92372411078851,35.41773376843357,34.43429575071105,34.66950622071827,34.54871682707054
1991-03-26 08:41:40.340067547,34.92374550257345,35.41770744649994,34.43430062712353,34.66950965141927,34.54872652183752
1991-03-28 08:44:33.174633856,34.92376625614123,35.41768173936082,34.434305650155586,34.669513579808694,34.54873603511932
1991-03-30 08:47:26.009207336,34.923786361753464,35.41765660405881,34.43431078981,34.66951793952773,34.548745395229574
1991-04-01 08:50:18.843773646,34.92380581200548,35.41763199446556,34.43431601567031,34.66952265949049,34.548754633754044
1991-04-03 08:53:11.678339956,34.923824601826304,35.41760786128181,34.43432129690089,34.66952766388405,34.54876378555061
1991-04-05 08:56:04.512906265,34.923842728478654,35.417584152037364,34.434326602246855,34.669532872168425,34.54877288874924
1991-04-07 08:58:57.347472575,34.92386019155893,35.41756081109111,34.43433190003414,34.66953819907657,34.54878198475202
1991-04-09 09:01:50.182038885,34.92387699299724,35.41753777963101,34.43433715816945,34.669543554614386,34.54879111823314
1991-04-11 09:04:43.016605195,34.9238931370574,35.41751499567411,34.434342344140276,34.669548844060714,34.54880033713891
1991-04-13 09:07:35.851171505,34.923908630336875,35.41749239406653,34.43434742501492,34.66955396796734,34.548809692687726
1991-04-15 09:10:28.685737814,34.92392348176688,35.417469906483454,34.434352367442436,34.66955882215898,34.54881923937013
1991-04-17 09:13:21.520304124,34.923937702612285,35.417447461429155,34.434357137652704,34.669563297733326,34.54882903494874
1991-04-19 09:16:14.354870434,34.92395130647168,35.41742498423698,34.43436170145636,34.66956728106098,34.54883914045829
1991-04-21 09:19:07.189436744,34.92396430927733,35.41740239706935,34.434366024244845,34.6695706537855,34.54884962020564
1991-04-23 09:22:00.024010224,34.92397672929521,35.417379618917764,34.434370070990376,34.66957329282338,34.54886054176972
1991-04-25 09:24:52.858576534,34.92398858712499,35.4173565656028,34.43437380624598,34.669575070364075,34.54887197600162
1991-04-27 09:27:45.693142844,34.92399988044899,35.41733322545371,34.434377241895774,34.66957590953556,34.54888397036328
1991-04-29 09:30:38.527709152,34.92401052817292,35.41730985239123,34.43438055973064,34.66957593363503,34.548896488822294
1991-05-01 09:33:31.362275462,34.924020506019026,35.41728656524114,34.434383856814286,34.66957517965896,34.54890954949287
1991-05-03 09:36:24.196841772,34.924029800860595,35.41726345789117,34.43438721285424,34.66957367635983,34.54892317399691
1991-05-05 09:39:17.031408082,34.924038404878885,35.41724061574881,34.4343907005224,34.66957145616523,34.54893738125372
1991-05-07 09:42:09.865974392,34.924046315563075,35.41721811574136,34.43439438545508,34.669568555177875,34.548952187480005
1991-05-09 09:45:02.700540702,34.92405353571031,35.41719602631589,34.434398326252946,34.66956501317562,34.54896760618987
1991-05-11 09:47:55.535107010,34.924060073425665,35.41717440743927,34.434402574481076,34.66956087361146,34.548983648194834
1991-05-13 09:50:48.369673322,34.92406594212217,35.417153310598124,34.434407174668905,34.66955618361349,34.54900032160382
1991-05-15 09:53:41.204239632,34.92407116052081,35.41713277879889,34.43441216431028,34.66955099398494,34.54901763182315
1991-05-17 09:56:34.038813112,34.9240757526505,35.41711284656777,34.43441757386341,34.66954535920419,34.549035581556545
1991-05-19 09:59:26.873379420,34.92407974784811,35.41709353995078,34.43442342675091,34.66953933742472,34.54905417080514
1991-05-21 10:02:19.707945730,34.924083180758466,35.417074876513674,34.43442973935976,34.66953299047517,34.54907339686748
1991-05-23 10:05:12.542512040,34.92408609133432,35.41705686534203,34.43443652104133,34.669526383859264,34.54909325433949
1991-05-25 10:08:05.377078350,34.92408852483638,35.41703950704121,34.43444377411137,34.66951958675589,34.54911373511452
1991-05-27 10:10:58.211644660,34.9240905318333,35.41702279373633,34.434451493850034,34.66951267201905,34.549134828383316
1991-05-29 10:13:51.046210970,34.92409216820169,35.41700670907232,34.434459668501844,34.66950571617788,34.54915652063403
1991-05-31 10:16:43.880777280,34.9240934951261,35.416991228213874,34.43446827927571,34.669498799436646,34.549178795652224
1991-06-02 10:19:36.715343588,34.92409457909901,35.41697631784549,34.43447730034492,34.669492005674726,34.54920163452085
1991-06-04 10:22:29.549909900,34.92409549192088,35.416961936171425,34.43448669884717,34.66948542244664,34.54922501562027
1991-06-06 10:25:22.384476210,34.92409631070009,35.416948032915755,34.4344964348845,34.669479140982034,34.54924891462827
1991-06-08 10:28:15.219042520,34.924097117852966,35.416934549322306,34.43450646152338,34.66947325618568,34.54927330452
1991-06-10 10:31:08.053615998,34.9240980011038,35.41692141815471,34.43451672479462,34.66946786663748,34.54929815556805
1991-06-12 10:34:00.888182308,34.92409905348482,35.416908563696374,34.43452716369346,34.66946307459247,34.549323435342394
1991-06-14 10:36:53.722748618,34.92410037333619,35.4168959017505,34.434537710179484,34.669458985980796,34.549349108710416
1991-06-16 10:39:46.557314928,34.92410206700814,35.416883371613146,34.434548314696414,34.66945573239131,34.54937515561553
1991-06-18 10:42:39.391881238,34.924104174693944,35.41687099723712,34.434559009615135,34.66945337130941,34.5494015820451
1991-06-20 10:45:32.226447548,34.92410664218002,35.41685871554433,34.43456977468091,34.66945174359831,34.54942832055865
1991-06-22 10:48:25.061013856,34.92410941593956,35.41684645728641,34.43458058524882,34.66945068692554,34.549455300874385
1991-06-24 10:51:17.895580166,34.92411244750237,35.41683415597697,34.434591418745924,34.66945004836803,34.54948245588572
1991-06-26 10:54:10.730146476,34.924115693454894,35.41682174789166,34.434602254671276,34.669449684412065,34.54950972166127
1991-06-28 10:57:03.564712788,34.92411911544022,35.41680917206813,34.43461307459591,34.66944946095333,34.54953703744483
1991-06-30 10:59:56.399279098,34.92412268015806,35.41679637030603,34.43462386216284,34.669449253296875,34.549564345655384
1991-07-02 11:02:49.233845408,34.92412635936475,35.41678328716705,34.43463460308708,34.66944894615713,34.549591591887136
1991-07-04 11:05:42.068418886,34.92413012987329,35.41676986997487,34.43464528515562,34.669448433657934,34.54961872490945
1991-07-06 11:08:34.902985196,34.924133973553275,35.41675606881519,34.43465589822743,34.66944761933246,34.54964569666692
1991-07-08 11:11:27.737551506,34.92413787733096,35.416741836535714,34.43466643423349,34.669446416123286,34.549672462279304
1991-07-10 11:14:20.572117816,34.92414183318923,35.416727128746174,34.43467688717673,34.669444746382375,34.54969898004156
1991-07-12 11:17:13.406684124,34.92414583816759,35.416711903818296,34.43468725313209,34.66944254187105,34.54972521142387
1991-07-14 11:20:06.241250436,34.924149894362195,35.41669612288583,34.43469753024648,34.66943974376004,34.54975112107156
1991-07-16 11:22:59.075816746,34.92415400892581,35.416679749844526,34.43470771873883,34.66943630262943,34.549776676805195
1991-07-18 11:25:51.910383054,34.92415819406786,35.41666275135216,34.4347178209,34.66943217846869,34.5498018496205
1991-07-20 11:28:44.744949364,34.92416246705438,35.41664509682851,34.43472784109288,34.66942734067668,34.549826613688424
1991-07-22 11:31:37.579515674,34.92416685020806,35.41662675845537,34.434737785752326,34.669421768061625,34.549850946355086
1991-07-24 11:34:30.414081984,34.92417137090821,35.41660771117654,34.434747663385195,34.66941544884114,34.5498748281418
1991-07-26 11:37:23.248648294,34.92417606159078,35.416587932697844,34.434757484570305,34.66940838064223,34.54989824274511
1991-07-28 11:40:16.083221774,34.92418095974834,35.4165674034871,34.434767261958484,34.66940057050125,34.5499211770367
1991-07-30 11:43:08.917788084,34.92418610793011,35.41654610677415,34.434777010272526,34.66939203486396,34.549943621063484
1991-08-01 11:46:01.752354396,34.92419155374193,35.416524028550846,34.434786746307225,34.66938279958549,34.549965568047554
1991-08-03 11:48:54.586920704,34.92419734984628,35.416501157571055,34.43479648892936,34.66937289993035,34.54998701438622
1991-08-05 11:51:47.421487016,34.92420355396228,35.416477485350654,34.434806259077675,34.66936238057244,34.55000795965194
1991-08-07 11:54:40.256053324,34.92421022886567,35.416453006167515,34.434816079762925,34.669351295595014,34.550028406592425
1991-08-09 11:57:33.090619632,34.924217471730366,35.416427699049535,34.43482597467369,34.66933969963179,34.55004836137305
1991-08-11 12:00:25.925185940,34.92422560823693,35.416401400544636,34.43483595071925,34.66932757488614,34.55006783340799
1991-08-13 12:03:18.759752252,34.92423457425857,35.41637417335467,34.434846017513934,34.6693149972647,34.5500868275027
1991-08-15 12:06:11.594318560,34.92424420589111,35.41634613995595,34.43485618685512,34.66930206841004,34.550105348440574
1991-08-17 12:09:04.428884872,34.92425435018607,35.416317416217616,34.4348664691812,34.66928888502762,34.55012340222301
1991-08-19 12:11:57.263458352,34.924264865150676,35.41628811140165,34.43487687357156,34.669275538885756,34.55014099606949
1991-08-21 12:14:50.098024664,34.92427561974788,35.416258328162854,34.434887407746594,34.669262116815695,34.550158138417565
1991-08-23 12:17:42.932590972,34.924286493896346,35.416228162548876,34.43489807806769,34.669248700711535,34.55017483892283
1991-08-25 12:20:35.767157284,34.92429737847043,35.41619770400018,34.43490888953727,34.66923536753027,34.550191108458954
1991-08-27 12:23:28.601723592,34.924308175300204,35.416167035350085,34.43491984579873,34.669222189291794,34.55020695911767
1991-08-29 12:26:21.436289900,34.92431879717147,35.41613623282471,34.43493094913649,34.66920923307886,34.55022240420877
1991-08-31 12:29:14.270856208,34.924329167825725,35.41610536604304,34.43494220047597,34.66919656103713,34.5502374582601
1991-09-02 12:32:07.105422520,34.924339221960174,35.41607449801686,34.43495359938359,34.66918423037516,34.55025213701757
1991-09-04 12:34:59.939988828,34.92434890522774,35.41604368515082,34.43496514406678,34.669172293364355,34.550266457445176
1991-09-06 12:37:52.774555140,34.92435817423705,35.41601297724237,34.434976831373966,34.669160797339046,34.550280437724936
1991-09-08 12:40:45.609121448,34.92436699655245,35.41598241748181,34.4349886567946,34.66914978469642,34.55029409725696
1991-09-10 12:43:38.443687760,34.924375350693985,35.41595204245227,34.43500061445913,34.66913929289658,34.55030745665941
1991-09-12 12:46:31.278261240,34.92438322613743,35.41592188212971,34.43501269713899,34.6691293544625,34.550320537768506
1991-09-14 12:49:24.112827552,34.924390623314245,35.41589195988293,34.43502489624663,34.66911999698002,34.550333363638536
1991-09-16 12:52:16.947393860,34.92439755361163,35.41586229247354,34.435037201835534,34.66911124309791,34.55034595854185
1991-09-18 12:55:09.781960168,34.92440403937246,35.415832890056016,34.43504960260014,34.669103110527786,34.55035834796885
1991-09-20 12:58:02.616526476,34.92441011389536,35.41580375617763,34.435062085875934,34.66909561204418,34.550370558628025
1991-09-22 13:00:55.451092788,34.924415821434636,35.41577488777851,34.43507463763938,34.669088755484495,34.55038261844589
1991-09-24 13:03:48.285659096,34.92442121720032,35.415746275191616,34.43508724250796,34.66908254374901,34.55039455656705
1991-09-26 13:06:41.120225408,34.924426367358144,35.41571790214272,34.43509988374016,34.66907697480093,34.55040640335416
1991-09-28 13:09:33.954791716,34.92443134902956,35.41568974575045,34.43511254323547,34.6690720416663,34.550418190387944
1991-09-30 13:12:26.789358028,34.924436250291734,35.41566177652624,34.435125201534376,34.66906773243407,34.550429950467176
1991-10-02 13:15:19.623924336,34.92444117017752,35.415633958374386,34.43513783781839,34.669064030256095,34.5504417176087
1991-10-04 13:18:12.458490648,34.92444621867552,35.415606248592,34.43515042991,34.66906091334708,34.55045352704743
1991-10-06 13:21:05.293064128,34.924451569811666,35.415578575554996,34.43516293826434,34.669058346898055,34.55046543321619
1991-10-08 13:23:58.127630436,34.92445765662284,35.41555075057383,34.435175257971935,34.66905625044916,34.55047756310354
1991-10-10 13:26:50.962196744,34.924464558069445,35.41552272315243,34.435187407494254,34.66905459073964,34.55048990346732
1991-10-12 13:29:43.796763056,34.92447228163056,35.41549447266839,34.43519942471151,34.66905334417125,34.550502417986955
1991-10-14 13:32:36.631329364,34.92448083138241,35.41546598058165,34.43521134492613,34.66905248685533,34.55051507201648
1991-10-16 13:35:29.465895676,34.92449020799839,35.41543723043446,34.435223200862765,34.66905199461275,34.55052783258461
1991-10-18 13:38:22.300461984,34.92450040874901,35.4154082078514,34.43523502266829,34.669051842974,34.550540668394724
1991-10-20 13:41:15.135028296,34.92451142750194,35.41537890053935,34.4352468379118,34.6690520071791,34.55055354982481
1991-10-22 13:44:07.969594604,34.924523254722004,35.415349298287545,34.43525867158459,34.66905246217765,34.55056644892756
1991-10-24 13:47:00.804160916,34.92453587747115,35.41531939296752,34.43527054610022,34.66905318262886,34.55057933943027
1991-10-26 13:49:53.638727224,34.92454927940849,35.415289178533136,34.435282481294436,34.669054142901444,34.55059219673493
1991-10-28 13:52:46.473293536,34.92456344079027,35.41525865102058,34.4352944944252,34.66905531707375,34.55060499791815
1991-10-30 13:55:39.307867012,34.9245783384699,35.41522780854836,34.43530660017272,34.66905667893366,34.550617721731214
1991-11-01 13:58:32.142433324,34.92459394589791,35.41519665131731,34.43531881063941,34.66905820197863,34.55063034860004
1991-11-03 14:01:24.976999632,34.924610233121996,35.415165181610575,34.4353311353499,34.669059859415704,34.55064286062522
1991-11-05 14:04:17.811565944,34.92462716678699,35.41513340379364,34.43534358125105,34.669061624161486,34.550655241581964
1991-11-07 14:07:10.646132252,34.92464471013487,35.4151013243143,34.43535615271193,34.669063468842154,34.55066747692018
1991-11-09 14:10:03.480698564,34.924662823004766,35.415068951702665,34.435368851523855,34.66906536579345,34.55067955376439
1991-11-11 14:12:56.315264872,34.92468146183295,35.41503629657119,34.43538167690033,34.6690672870607,34.55069146091379
1991-11-13 14:15:49.149831184,34.92470057965282,35.41500337161463,34.43539462547709,34.66906920439878,34.55070318884221
1991-11-15 14:18:41.984397492,34.92472012609497,35.414970191610074,34.43540769131211,34.669071089272165,34.55071472969816
1991-11-17 14:21:34.818963804,34.92474004738709,35.41493677341693,34.43542086588555,34.66907291285489,34.550726077304766
1991-11-19 14:24:27.653530112,34.92476028635403,35.414903135976935,34.43543413809982,34.66907464603054,34.550737227159836
1991-11-21 14:27:20.488096424,34.924780782417805,35.41486930031414,34.43544749427954,34.669076259392305,34.55074817643581
1991-11-23 14:30:13.322669900,34.924801471597554,35.41483528953491,34.43546091817156,34.66907772324292,34.5507589239798
1991-11-25 14:33:06.157236212,34.92482228650957,35.41480112882796,34.435474390944925,34.66907900759471,34.55076947031355
1991-11-27 14:35:58.991802520,34.924843156367274,35.4147668454643,34.435487891190924,34.66908008216956,34.550779817633476
1991-11-29 14:38:51.826368832,34.924864006981274,35.414732468797276,34.43550139492306,34.669080916398926,34.55078996981062
1991-12-01 14:41:44.660935140,34.92488476075928,35.41469803026256,34.435514875577056,34.66908147942384,34.55079993239071
1991-12-03 14:44:37.495501452,34.924905406788795,35.41466355245022,34.43552825253438,34.669081679389656,34.550809792079704
1991-12-05 14:47:30.330067760,34.92492615656979,35.414629013551306,34.43554129846447,34.66908127991191,34.55081985083825
1991-12-07 14:50:23.164634072,34.92494697322747,35.41459441702665,34.43555399625924,34.66908032517986,34.55083007553934
1991-12-09 14:53:15.999200380,34.924967794051966,35.41455977027617,34.43556635275368,34.669078886464874,34.550840399109376
1991-12-11 14:56:08.833766692,34.924988561728426,35.41452508046706,34.435578374535154,34.66907703189494,34.550850758527915
1991-12-13 14:59:01.668333000,34.92500922433698,35.41449035453377,34.43559006794332,34.669074826454754,34.55086109482763
1991-12-15 15:01:54.502899308,34.925029735352794,35.41445559917802,34.43560143907018,34.66907233198564,34.550871353094344
1991-12-17 15:04:47.337472788,34.92505005364602,35.414420820868806,34.43561249376008,34.6690696071856,34.55088148246702
1991-12-19 15:07:40.172039100,34.925070143481825,35.41438602584241,34.435623237609676,34.66906670760929,34.55089143613775
1991-12-21 15:10:33.006605408,34.92508997452038,35.41435122010237,34.43563367596796,34.66906368566804,34.55090117135177
1991-12-23 15:13:25.841171720,34.925109521816886,35.41431640941948,34.435643813936274,34.66906059062984,34.55091064940744
1991-12-25 15:16:18.675738028,34.925128765821526,35.41428159933182,34.43565365636826,34.66905746861933,34.55091983565627
1991-12-27 15:19:11.510304340,34.92514769237949,35.414246795144756,34.43566320786992,34.66905436261782,34.550928699502904
1991-12-29 15:22:04.344870648,34.92516629273101,35.41421200193089,34.43567247279958,34.66905131246329,34.550937214405124
1991-12-31 15:24:57.179436960,34.92518456351127,35.41417722453013,34.435681455267876,34.66904835485036,34.550945357873836
1992-01-02 15:34:19.246918345,34.92520250675052,35.414142467549624,34.435690159137806,34.66904552333034,34.55095311147311
1992-01-04 15:45:05.979661548,34.92522012987399,35.41410773536381,34.43569858802468,34.669042848311186,34.55096046082013
1992-01-06 15:55:52.712404752,34.92523744570191,35.41407303211439,34.435706745296145,34.66904035705752,34.55096739558522
1992-01-08 16:06:39.445147956,34.92525447244953,35.41403836171034,34.43571463407218,34.669038073690615,34.550973909491844
1992-01-10 16:17:26.177898350,34.92527123372711,35.4140037278279,34.43572225722509,34.669036019188425,34.550980000316606
1992-01-12 16:28:12.910641554,34.925287758539916,35.41396913391058,34.43572961737952,34.66903421138556,34.55098566988925
1992-01-14 16:38:59.643384758,34.92530408128821,35.41393458316917,34.435736716912444,34.66903266497329,34.55099092409265
1992-01-16 16:49:46.376127961,34.92532024176728,35.41390007858173,34.43574355795316,34.66903139149953,34.55099577286282
1992-01-18 17:00:33.108871165,34.92533628516741,35.41386562289358,34.4357501423833,34.6690303993689,34.551000230188905
1992-01-20 17:11:19.841614369,34.9253522620739,35.413831218617325,34.43575647183683,34.669029693842646,34.5510043141132
1992-01-22 17:22:06.574357573,34.92536822846706,35.41379686803282,34.43576254770006,34.669029277038675,34.55100804673112
1992-01-24 17:32:53.307100776,34.925384245722185,35.41376257318721,34.43576837111159,34.66902914793159,34.55101145419123
1992-01-26 17:43:40.039843980,34.92540038060961,35.4137283358949,34.43577394296241,34.66902930235261,34.55101456669524
1992-01-28 17:54:26.772587184,34.92541670529465,35.413694157737574,34.435779263895796,34.669029732989664,34.551017418497956
1992-01-30 18:05:13.505330388,34.925433297337655,35.41366004006418,34.435784334307364,34.669030429387306,34.55102004790738
1992-02-01 18:16:00.238073591,34.92545023969396,35.41362598399093,34.43578915434507,34.669031377946766,34.551022497284606
1992-02-03 18:26:46.970823985,34.92546777186447,35.41359197550072,34.435793665485704,34.66903248179611,34.55102494933832
1992-02-05 18:37:33.703567189,34.92548643832909,35.41355797593549,34.43579766383015,34.669033430515334,34.55102790330878
1992-02-07 18:48:20.436310393,34.925506182493876,35.41352401121512,34.435801144463106,34.669034173035,34.55103136664592
1992-02-09 18:59:07.169053597,34.92552689546264,35.413490111153244,34.43580412249103,34.66903468704013,34.55103530215105
1992-02-11 19:09:53.901796800,34.9255484691802,35.413456303947896,34.43580661392744,34.66903495336001,34.551039673842034
1992-02-13 19:20:40.634540004,34.92557079643245,35.41342261618152,34.43580863569293,34.66903495596818,34.55104444695329
1992-02-15 19:31:27.367283208,34.92559377084634,35.41338907282095,34.43581020561514,34.66903468198244,34.55104958793578
1992-02-17 19:42:14.100026412,34.92561728688985,35.413355697217405,34.43581134242879,34.66903412166484,34.55105506445701
1992-02-19 19:53:00.832769615,34.92564123987204,35.41332251110652,34.43581206577565,34.669033268421714,34.551060845401054
1992-02-21 20:03:47.565512819,34.925665525942996,35.41328953460834,34.43581239620457,34.669032118803635,34.55106690086852
1992-02-23 20:14:34.298256023,34.92569004209387,35.41325678622728,34.435812355171436,34.669030672505436,34.55107320217657
1992-02-25 20:25:21.031006417,34.925714686156866,35.41322428285216,34.43581196503923,34.66902893236622,34.55107972185892
1992-02-27 20:36:07.763749621,34.92573935680523,35.413192039756225,34.435811249077965,34.66902690436933,34.55108643366583
1992-02-29 20:46:54.496492825,34.92576395355327,35.41316007059709,34.43581023146476,34.669024597642405,34.55109331256412
1992-03-02 20:57:41.229236028,34.92578837675635,35.41312838741677,34.435808937283745,34.66902202445731,34.55110033473716
1992-03-04 21:08:27.961979232,34.92581252761087,35.4130970006417,34.43580739252616,34.66901920023019,34.55110747758484
1992-03-06 21:19:14.694722435,34.925836308154295,35.41306591908269,34.43580562409028,34.669016143521425,34.55111471972366
1992-03-08 21:30:01.427465639,34.92585962126514,35.41303514993496,34.43580365978145,34.66901287603568,34.5511220409866
1992-03-10 21:40:48.160208844,34.92588237066297,35.41300469877814,34.43580152831209,34.66900942262187,34.551129422423244
1992-03-12 21:51:34.892952047,34.9259044609084,35.41297456957622,34.43579925930167,34.66900581127316,34.551136846299705
1992-03-14 22:02:21.625695251,34.925925797403096,35.41294476467764,34.43579688327673,34.669002073127,34.55114429609864
1992-03-16 22:13:08.358438455,34.92594628638978,35.4129152848152,34.435794431670864,34.668998242465065,34.551151756519275
1992-03-18 22:23:55.091181658,34.92596583495223,35.41288612910611,34.43579193682475,34.66899435671331,34.55115921347736
1992-03-20 22:34:41.823932052,34.925984351015266,35.41285729505199,34.43578943198611,34.66899045644197,34.55116665410523
1992-03-22 22:45:28.556675256,34.92600174334476,35.41282877853885,34.43578695130974,34.66898658536549,34.55117406675173
1992-03-24 22:56:15.289418460,34.926017921547654,35.41280057383708,34.435784529857486,34.66898279034261,34.55118144098228
1992-03-26 23:07:02.022161664,34.92603279607192,35.41277267360151,34.43578220359827,34.668979121376324,34.551188767578864
1992-03-28 23:17:48.754904867,34.9260462782066,35.412745068871324,34.43578000940809,34.66897563161388,34.55119603853997
1992-03-30 23:28:35.487648071,34.92605828008176,35.41271774907013,34.435777985069976,34.66897237734679,34.551203247080686
1992-04-01 23:39:22.220391274,34.92606871466855,35.412690702005946,34.43577616927404,34.668969418010825,34.55121038763261
1992-04-03 23:50:08.953134478,34.92607764949982,35.41266384784166,34.435774540497405,34.66896687095034,34.55121761389727
1992-04-06 00:00:55.685877682,34.926085328105366,35.41263708884723,34.43577303748252,34.6689648021303,34.55122519107492
1992-04-08 00:11:42.418620886,34.92609182136913,35.41261044172162,34.43577168687611,34.66896313851608,34.5512331564411
1992-04-10 00:22:29.151364090,34.92609719753929,35.4125839246094,34.435770514913806,34.66896180877023,34.551241540752784
1992-04-12 00:33:15.884107294,34.92610152458033,35.41255755586392,34.43576954636955,34.66896074454299,34.55125037093234
1992-04-14 00:44:02.616857687,34.92610487017303,35.41253135404724,34.43576880455558,34.66895988047237,34.55125967006752
1992-04-16 00:54:49.349600890,34.926107301714445,35.4125053379302,34.435768311322455,34.668959154184066,34.55126945741148
1992-04-18 01:05:36.082344094,34.92610888631795,35.412479526492376,34.43576808705902,34.66895850629152,34.551279748382754
1992-04-20 01:16:22.815087298,34.9261096908132,35.412453938922106,34.43576815069243,34.66895788039589,34.55129055456526
1992-04-22 01:27:09.547830502,34.926109781746135,35.41242859461647,34.43576851968816,34.668957223086075,34.551301883708334
1992-04-24 01:37:56.280573706,34.926109225379015,35.41240351318131,34.43576921004997,34.66895648393868,34.55131373972668
1992-04-26 01:48:43.013316910,34.92610808769036,35.412378714431206,34.43577023631993,34.668955615518044,34.5513261227004
1992-04-28 01:59:29.746060114,34.926106434375015,35.41235421838949,34.43577161157843,34.66895457337625,34.551339028875
1992-04-30 02:10:16.478803318,34.9261043308441,35.41233004528825,34.43577334744414,34.66895331605307,34.55135245066135
1992-05-02 02:21:03.211546522,34.92610184222503,35.41230621556832,34.435775454074054,34.668951805076034,34.55136637663573
1992-05-04 02:31:49.944289726,34.92609903336153,35.4122827498793,34.43577794016347,34.66895000496038,34.551380791539806
1992-05-06 02:42:36.677032928,34.9260959688136,35.41225966907952,34.43578081294598,34.66894788320908,34.55139567628064
1992-05-08 02:53:23.409783322,34.92609271285754,35.41223699423607,34.43578407819348,34.66894541031283,34.55141100793068
1992-05-10 03:04:10.142526526,34.92608932948595,35.41221474662479,34.435787740216185,34.66894255975005,34.551426759727775
1992-05-12 03:14:56.875269730,34.926085882407705,35.41219294773028,34.435791801862614,34.66893930798688,34.55144290107515
1992-05-14 03:25:43.608012934,34.926082435048,35.41217161924587,34.435796264519574,34.66893563447721,34.55145939754142
1992-05-16 03:36:30.340756136,34.92607905054832,35.41215078307366,34.435801128112196,34.66893152166262,34.55147621086061
1992-05-18 03:47:17.073499340,34.92607579176641,35.412130461324494,34.435806391103895,34.66892695497244,34.55149329893213
1992-05-20 03:58:03.806242544,34.926072721276356,35.41211067631796,34.43581205049642,34.66892192282373,34.55151061582076
1992-05-22 04:08:50.538985748,34.9260699013685,35.41209145058241,34.4358181018298,34.66891641662125,34.5515281117567
1992-05-24 04:19:37.271728954,34.926067394049504,35.41207280685493,34.43582453918238,34.668910430757506,34.551545733135534
1992-05-26 04:30:24.004472156,34.92606526104231,35.41205476808138,34.4358313551708,34.66890396261273,34.551563422518214
1992-05-28 04:41:10.737215360,34.926063552754115,35.41203734809417,34.43583853001165,34.66889705579133,34.55158112163817
1992-05-30 04:51:57.469958564,34.92606223966623,35.41202047075674,34.43584595765051,34.66889010256295,34.55159881517405
1992-06-01 05:02:44.202708958,34.92606136583954,35.4120040832879,34.43585359674665,34.66888325637289,34.55161651078149
1992-06-03 05:13:30.935452162,34.92606099249394,35.41198814819837,34.43586142779099,34.668876585063856,34.551634214943164
1992-06-05 05:24:17.668195364,34.92606117655804,35.4119726290949,34.43586943301188,34.66887014861324,34.551651934733684
1992-06-07 05:35:04.400938568,34.92606197066916,35.411957490680216,34.43587759637509,34.66886399913307,34.551669677819596
1992-06-09 05:45:51.133681772,34.92606342317326,35.41194269875309,34.43588590358379,34.668858180870075,34.55168745245941
1992-06-11 05:56:37.866424976,34.92606557812503,35.411928220208296,34.43589434207857,34.66885273020562,34.55170526750356
1992-06-13 06:07:24.599168180,34.92606847528785,35.41191402303662,34.43590290103743,34.66884767565577,34.551723132394436
1992-06-15 06:18:11.331911384,34.92607215013376,35.411900076324855,34.4359115713758,34.668843037871234,34.55174105716635
1992-06-17 06:28:58.064654586,34.92607663384353,35.41188635025582,34.4359203457465,34.66883882963741,34.5517590524456
1992-06-19 06:39:44.797397792,34.92608195330659,35.411872816108335,34.43592921853979,34.66883505587433,34.551777129450365
1992-06-21 06:50:31.530140996,34.926088131121084,35.41185944625724,34.43593818588334,34.66883171363674,34.55179529999083
1992-06-23 07:01:18.262884200,34.92609518559383,35.41184621417338,34.43594724564222,34.66882879211402,34.55181357646908
1992-06-25 07:12:04.995634594,34.926103130740344,35.41183309442362,34.43595639741892,34.668826272630234,34.55183197187916
1992-06-27 07:22:51.728377796,34.92611197628484,35.41182006267084,34.435965642553356,34.668824128644104,34.55185049980706
1992-06-29 07:33:38.461121000,34.9261217276602,35.41180709567392,34.43597498412285,34.668822325749026,34.551869174430706
1992-07-01 07:44:25.193864204,34.92613238600803,35.41179417128777,34.43598442694215,34.668820821673066,34.55188801051997
1992-07-03 07:55:11.926607408,34.926143948178606,35.41178126846329,34.43599397756339,34.668819566278955,34.55190702343666
1992-07-05 08:05:58.659350612,34.92615640673089,35.41176836724742,34.436003644276155,34.6688185015641,34.551926229134544
1992-07-07 08:16:45.392093814,34.926169749932555,35.41175544878308,34.43601343710743,34.66881756166055,34.55194564415932
1992-07-09 08:27:32.124837018,34.926183961759946,35.41174249530925,34.43602336782159,34.66881667283507,34.551965285648635
1992-07-11 08:38:18.857580222,34.926199021898114,35.41172949016087,34.43603344992048,34.66881575348904,34.55198517133207
1992-07-13 08:49:05.590323426,34.92621490574079,35.411716417768936,34.4360436986433,34.66881471415855,34.55200531953116
1992-07-15 08:59:52.323066630,34.9262315843904,35.41170326366042,34.43605413096671,34.668813457514325,34.552025749159384
1992-07-17 09:10:39.055809834,34.92624902465806,35.41169001445834,34.43606476560476,34.66881187836179,34.55204647972215
1992-07-19 09:21:25.788560226,34.92626718906359,35.41167665788169,34.436075623008925,34.668809863641016,34.552067531316816
1992-07-21 09:32:12.521303430,34.92628603583547,35.41166318274553,34.43608672536809,34.66880729242674,34.55208892463269
1992-07-23 09:42:59.254046634,34.926305518910894,35.41164957896087,34.43609809660857,34.668804035928396,34.552110680951024
1992-07-25 09:53:45.986789838,34.926325574462155,35.411635839990375,34.436109744481094,34.668800017309415,34.552132805243644
1992-07-27 10:04:32.719533042,34.92634603516052,35.41162197331982,34.4361215725677,34.66879550270877,34.55215519818362
1992-07-29 10:15:19.452276248,34.926366738267426,35.4116079785134,34.43613352436432,34.66879062304831,34.55217779005048
1992-07-31 10:26:06.185019452,34.926387540538144,35.411593851627764,34.43614555799938,34.6687854658723,34.552200523847766
1992-08-02 10:36:52.917762656,34.92640831215158,35.41157958679764,34.43615763537586,34.6687801120115,34.55222334552431
1992-08-04 10:47:39.650505860,34.92642893671027,35.411565176235925,34.436169722171286,34.66877463558323,34.55224620397423
1992-08-06 10:58:26.383249064,34.92644931124038,35.41155061023363,34.43618178783779,34.66876910399135,34.55226905103693
1992-08-08 11:09:13.115992268,34.92646934619173,35.41153587715989,34.43619380560204,34.668763577926214,34.55229184149711
1992-08-10 11:19:59.848735472,34.926488965437755,35.411520963461975,34.4362057524653,34.668758111364724,34.55231453308474
1992-08-12 11:30:46.581485864,34.926508106275534,35.41150585366529,34.43621760920338,34.66875275157033,34.5523370864751
1992-08-14 11:41:33.314229068,34.92652671942579,35.41149053037334,34.43622936036667,34.66874753909298,34.552359465288745
1992-08-16 11:52:20.046972272,34.92654476903285,35.411474974267804,34.43624099428012,34.668742507769196,34.55238163609152
1992-08-18 12:03:06.779715476,34.926562232664715,35.41145916410844,34.43625250304326,34.66873768472198,34.55240356839455
1992-08-20 12:13:53.512458680,34.926579101312996,35.41144307673317,34.43626388253017,34.6687330903609,34.55242523465427
1992-08-22 12:24:40.245201880,34.92659537939296,35.41142668705803,34.43627513238952,34.66872873838206,34.55244661027238
1992-08-24 12:35:26.977945084,34.92661108474347,35.41140996807719,34.43628625604452,34.66872463576805,34.55246767359589
1992-08-26 12:46:13.710688288,34.926626248627066,35.411392890862935,34.43629726069298,34.66872078278805,34.552488405917074
1992-08-28 12:57:00.443431492,34.92664091572991,35.41137542456569,34.43630815730725,34.668717172997724,34.5525087914735
1992-08-30 13:07:47.176174696,34.926655144161785,35.411357536414016,34.436318960634274,34.66871379323929,34.55252881744804
1992-09-01 13:18:33.908917900,34.92666900545613,35.41133919171458,34.43632968919554,34.6687106236415,34.55254847396884
1992-09-03 13:29:20.641668292,34.926682584569996,35.4113203538522,34.436340365287116,34.66870763761961,34.55256775410934
1992-09-05 13:40:07.374411496,34.926695979884094,35.41130098428981,34.43635101497964,34.66870480187544,34.552586653888255
1992-09-07 13:50:54.107154700,34.926709303202756,35.41128104256847,34.436361668118316,34.66870207639733,34.5526051722696
1992-09-09 14:01:40.839897904,34.92672267975394,35.41126048630737,34.436372358322906,34.66869941446013,34.552623311162684
1992-09-11 14:12:27.572641108,34.92673624818926,35.41123927120384,34.43638312298775,34.66869676262525,34.55264107542209
1992-09-13 14:23:14.305384312,34.92675016058395,35.41121735103332,34.43639400328176,34.66869406074061,34.55265847284769
1992-09-15 14:34:01.038127516,34.92676458243689,35.411194677649405,34.43640504414841,34.668691241940685,34.552675514184656
1992-09-17 14:44:47.770870720,34.92677968145358,35.411171194761145,34.436416295785115,34.66868824343775,34.55269221897507
1992-09-19 14:55:34.503613928,34.92679544731782,35.411146882508945,34.43642776663355,34.66868509371153,34.552708603535194
1992-09-21 15:06:21.236357132,34.926811723436366,35.41112183555374,34.43643938955775,34.668681845925235,34.55272461993892
1992-09-23 15:17:07.969100332,34.926828361712104,35.41109615141421,34.43645109812556,34.66867854682412,34.55274022009894
1992-09-25 15:27:54.701843536,34.926845227356424,35.41106992019985,34.436462832307285,34.66867523982045,34.552755362743234
1992-09-27 15:38:41.434593932,34.92686219888922,35.41104322461092,34.43647453847575,34.668671964993486,34.5527700134151
1992-09-29 15:49:28.167337136,34.926879168138846,35.4110161399385,34.43648616940623,34.668668759089485,34.552784144473094
1992-10-01 16:00:14.900080340,34.92689604024217,35.410988734064475,34.436497684276496,34.668665655521714,34.552797735091104
1992-10-03 16:11:01.632823540,34.926912733644535,35.4109610674615,34.43650904866681,34.66866268437041,34.552810771258294
1992-10-05 16:21:48.365566744,34.92692918009979,35.410933193193046,34.4365202345599,34.66865987238283,34.55282324577911
1992-10-07 16:32:35.098309948,34.926945324670264,35.41090515691337,34.436531220340996,34.66865724297323,34.55283515827332
1992-10-09 16:43:21.831053152,34.92696112572678,35.41087699686755,34.43654199079781,34.66865481622285,34.55284651517595
1992-10-11 16:54:08.563796356,34.926976554948645,35.410848743891435,34.43655253712053,34.66865260887994,34.55285732973736
1992-10-13 17:04:55.296539560,34.92699159732367,35.41082042141168,34.43656285690182,34.66865063435973,34.55286762202317
1992-10-15 17:15:42.029282764,34.92700625114814,35.41079204544574,34.43657295413685,34.66864890274448,34.55287741891433
1992-10-17 17:26:28.762025968,34.92702052802686,35.410763624601856,34.43658283922326,34.66864742078341,34.552886754107035
1992-10-19 17:37:15.494769172,34.92703445287308,35.41073516007909,34.43659252896118,34.66864619189276,34.55289566811282
1992-10-21 17:48:02.227519564,34.92704806390858,35.410706645667275,34.436602046553205,34.668645216155774,34.55290420825849
1992-10-23 17:58:48.960262768,34.92706141266361,35.41067806774706,34.43661142160443,34.66864449032268,34.55291242868615
1992-10-25 18:09:35.693005972,34.92707456397692,35.410649405289874,34.43662069012245,34.66864400781069,34.5529203903532
1992-10-27 18:20:22.425749176,34.92708759599575,35.410620629857966,34.43662989451731,34.66864375870405,34.55292816103233
1992-10-29 18:31:09.158492380,34.92710060017582,35.41059170560436,34.43663908360156,34.66864372975398,34.55293581531153
1992-10-31 18:41:55.891235584,34.927113681281355,35.41056258927289,34.436648312590236,34.6686439043787,34.55294343459407
1992-11-02 18:52:42.623978788,34.92712695738506,35.41053323019818,34.43665764310083,34.66864426266343,34.552951107098544
1992-11-04 19:03:29.356721988,34.92714055986815,35.410503570305664,34.43666714315336,34.668644781360385,34.5529589278588
1992-11-06 19:14:16.089465192,34.927154633420294,35.41047354411156,34.43667688717029,34.668645433888784,34.55296699872402
1992-11-08 19:25:02.822208396,34.927169341116745,35.410443077495316,34.43668695797571,34.668646188699476,34.55297543564759
1992-11-10 19:35:49.554951600,34.92718505171797,35.410412051833156,34.43669751649298,34.66864694479159,34.55298465955317
1992-11-12 19:46:36.287694804,34.92720181359313,35.41038045242141,34.4367085857243,34.66864769208024,34.55299469159995
1992-11-14 19:57:23.020445200,34.927219490150335,35.41034831668561,34.43672011263496,34.66864847655523,34.55300530468678
1992-11-16 20:08:09.753188404,34.92723795139747,35.41031568321636,34.436732045619685,34.668649340667784,34.55301628779135
1992-11-18 20:18:56.485931608,34.92725707394223,35.41028259176936,34.436744334502606,34.66865032333063,34.55302744597019
1992-11-20 20:29:43.218674812,34.92727674099207,35.410249083265384,34.43675693053729,34.668651459917925,34.55303860035865
1992-11-22 20:40:29.951418016,34.92729684235425,35.41021519979027,34.436769786406735,34.66865278226527,34.553049588170936
1992-11-24 20:51:16.684161220,34.9273172744358,35.410180984594966,34.43678285622334,34.668654318669745,34.553060262700086
1992-11-26 21:02:03.416904424,34.92733794024354,35.41014648209546,34.43679609552894,34.66865609388986,34.55307049331799
1992-11-28 21:12:50.149647628,34.92735874938408,35.41011173787285,34.43680946129481,34.66865812914559,34.55308016547534
1992-11-30 21:23:36.882390832,34.927379618063796,35.410076798673295,34.43682291192162,34.66866044211838,34.553089180701704
1992-12-02 21:34:23.615134036,34.927400469088866,35.41004171240803,34.43683640723948,34.668663046951096,34.55309745660547
1992-12-04 21:45:10.347877236,34.927421231865246,35.41000652815338,34.43684990850794,34.668665954248084,34.553104926873864
1992-12-06 21:55:57.080620440,34.92744184239868,35.40997129615076,34.436863378415936,34.66866917107514,34.553111541272955
1992-12-08 22:06:43.813370836,34.92746224329469,35.40993606780662,34.436876781081864,34.6686727009595,34.55311726564765
1992-12-10 22:17:30.546114040,34.927482383758594,35.40990089569254,34.436890082053516,34.668676543889866,34.55312208192168
1992-12-12 22:28:17.278857244,34.927502219595475,35.40986583354515,34.43690324830813,34.6686806963164,34.553125988097634
1992-12-14 22:39:04.011600444,34.92752171321022,35.409830936266154,34.43691624825235,34.668685151150704,34.55312899825693
1992-12-16 22:49:50.744343648,34.92754083360749,35.40979625992235,34.43692905172227,34.66868989776584,34.55313114255983
1992-12-18 23:00:37.477086852,34.92755955639173,35.40976186174561,34.43694162998337,34.66869492199633,34.55313246724541
1992-12-20 23:11:24.209830056,34.92757786376717,35.409727800132885,34.436953955730594,34.66870020613814,34.55313303463162
1992-12-22 23:22:10.942573260,34.927595744537825,35.4096941346462,34.43696600308829,34.668705728948694,34.55313292311523
1992-12-24 23:32:57.675316464,34.92761319410751,35.40966092601266,34.436977747610214,34.66871146564688,34.55313222717183
1992-12-26 23:43:44.408059668,34.92763021447979,35.409628236124455,34.43698916627958,34.66871738791302,34.553131057355884
1992-12-28 23:54:31.140802872,34.927646814258054,35.40959612803885,34.437000237509004,34.66872346388891,34.55312954030067
1992-12-31 00:05:17.873546076,34.92766300864544,35.40956466597817,34.437010941140535,34.66872965817779,34.55312781871831
1993-01-02 00:12:05.905186370,34.92767881944489,35.40953391532986,34.43702125844564,34.66873593184435,34.55312605139976
1993-01-04 00:14:58.739752680,34.92769435365601,35.4095039842509,34.437031203638725,34.66874221780843,34.553124555122686
1993-01-06 00:17:51.574318990,34.92770996678483,35.40947504430788,34.43704089309259,34.66874837437276,34.55312404966611
1993-01-08 00:20:44.408885300,34.927725720562854,35.40944702790095,34.43705033025642,34.66875435851428,34.55312465854826
1993-01-10 00:23:37.243451609,34.927741638914085,35.40941984664008,34.43705950468396,34.668760141709534,34.5531264276228
1993-01-12 00:26:30.078017919,34.92775774352736,35.40939341440734,34.437068406091036,34.668765698556534,34.553129392310055
1993-01-14 00:29:22.912584229,34.927774053856325,35.40936764735694,34.437077024355496,34.668771006774705,34.55313357759704
1993-01-16 00:32:15.747150539,34.927790587119446,35.40934246391515,34.43708534951724,34.66877604720494,34.55313899803741
1993-01-18 00:35:08.581716848,34.927807358300015,35.4093177847804,34.43709337177821,34.668780803809575,34.55314565775154
1993-01-20 00:38:01.416283158,34.92782438014612,35.4092935329232,34.43710108150239,34.66878526367237,34.55315355042645
1993-01-22 00:40:54.250849468,34.927841663170675,35.40926963358617,34.437108469215815,34.66878941699854,34.55316265931584
1993-01-24 00:43:47.085415778,34.927859215651424,35.40924601428405,34.43711552560655,34.66879325711475,34.55317295724007
1993-01-26 00:46:39.919989258,34.927877043630914,35.40922260480368,34.43712224152472,34.6687967804691,34.55318440658621
1993-01-28 00:49:32.754555568,34.92789515091651,35.409199337204015,34.43712860798248,34.66879998663114,34.55319695930796
1993-01-30 00:52:25.589121877,34.92791353908041,35.40917614581611,34.43713461615403,34.668802878291864,34.55321055692573
1993-02-01 00:55:18.423688187,34.92793220745959,35.409152967243145,34.43714025737564,34.668805461263695,34.55322513052658
1993-02-03 00:58:11.258254497,34.92795115315589,35.409129740360385,34.437145523145574,34.66880774448052,34.55324060076425
1993-02-05 01:01:04.092820807,34.92797037103593,35.409106406315225,34.43715040512418,34.668809739997656,34.55325687785916
1993-02-07 01:03:56.927387117,34.92798985373118,35.40908290852716,34.437154895133844,34.66881146299186,34.553273861598406
1993-02-09 01:06:49.761953426,34.928009591637895,35.4090591926878,34.43715898515897,34.66881293176135,34.553291441335745
1993-02-11 01:09:42.596519736,34.92802957291717,35.409035206760855,34.43716266734605,34.668814167725785,34.55330949599161
1993-02-13 01:12:35.431086046,34.9280497834949,35.409010900982146,34.43716593400357,34.66881519542624,34.553327894053126
1993-02-15 01:15:28.265652355,34.92807020706182,35.40898622785961,34.4371687776021,34.66881604252527,34.55334649357407
1993-02-17 01:18:21.100218666,34.928090825073454,35.40896114217328,34.437171190774244,34.668816739806864,34.5533651421749
1993-02-19 01:21:13.934792146,34.928111616750165,35.40893560097532,34.43717316631462,34.66881732117643,34.553383677042746
1993-02-21 01:24:06.769358455,34.92813255907712,35.40890956358997,34.437174697179934,34.66881782366085,34.553401924931414
1993-02-23 01:26:59.603924765,34.92815362680431,35.40888299161362,34.437175776488914,34.668818287408435,34.5534197021614
1993-02-25 01:29:52.438491075,34.92817479244654,35.408855848914726,34.43717639752232,34.66881875568894,34.55343681461984
1993-02-27 01:32:45.273057385,34.928196057165586,35.408828136957396,34.43717656118407,34.66881926682425,34.55345310486575
1993-03-01 01:35:38.107623694,34.92821767058062,35.40880017619016,34.437176335919254,34.66881979276094,34.55346884138213
1993-03-03 01:38:30.942190005,34.92823970354623,35.40877214085912,34.437175760813645,34.668820343947864,34.55348412272048
1993-03-05 01:41:23.776756315,34.92826215890551,35.408744135138654,34.43717486183536,34.668820943519385,34.553498968853425
1993-03-07 01:44:16.611322624,34.92828502885034,35.40871625359685,34.43717366458063,34.66882161278163,34.553513400189566
1993-03-09 01:47:09.445888934,34.92830829492139,35.40868858119547,34.43717219427381,34.6688223712125,34.5535274375735
1993-03-11 01:50:02.280455244,34.92833192800814,35.40866119328996,34.437170475767395,34.668823236461655,34.553541102285806
1993-03-13 01:52:55.115028724,34.92835588834884,35.40863415562945,34.43716853354197,34.668824224350516,34.553554416043056
1993-03-15 01:55:47.949595033,34.92838012553052,35.40860752435676,34.437166391706256,34.66882534887227,34.55356740099782
1993-03-17 01:58:40.784161343,34.92840457848905,35.408581346008404,34.4371640739971,34.668826622191865,34.553580079738644
1993-03-19 02:01:33.618727653,34.92842917550903,35.408555657514555,34.43716160377947,34.66882805464601,34.55359247529008
1993-03-21 02:04:26.453293962,34.928453834223895,35.40853048619909,34.437159004046435,34.668829654743206,34.55360461111265
1993-03-23 02:07:19.287860272,34.928478461615846,35.40850584977958,34.437156297419214,34.66883142916367,34.55361651110288
1993-03-25 02:10:12.122426583,34.92850295401589,35.40848175636725,34.437153506147126,34.668833382759416,34.553628199593284
1993-03-27 02:13:04.956992892,34.92852719710381,35.408458204467046,34.43715065210762,34.66883551855421,34.55363970135237
1993-03-29 02:15:57.791559202,34.9285510659082,35.40843518297757,34.437147756806255,34.66883783774359,34.55365104158461
1993-03-31 02:18:50.626125512,34.92857442480643,35.40841267119113,34.437144841376735,34.66884033969484,34.553662245930504
1993-04-02 02:21:43.460691821,34.92859712752466,35.4083906387937,34.43714192658086,34.668843021947026,34.55367334046652
1993-04-04 02:24:36.295258131,34.92861901713785,35.40836904586495,34.43713903280856,34.66884588021098,34.55368435170511
1993-04-06 02:27:29.129831611,34.928639926069735,35.40834784287825,34.43713618007789,34.66884890836928,34.553695306594726
1993-04-08 02:30:21.964397920,34.92865967609286,35.408326970700614,34.437133388035036,34.66885209847627,34.55370623251982
1993-04-10 02:33:14.798964230,34.92867807832856,35.40830636059279,34.43713067595427,34.66885544075807,34.55371715730082
1993-04-12 02:36:07.633530540,34.92869493324694,35.408285934209175,34.43712806273802,34.66885892361256,34.553728109194125
1993-04-14 02:39:00.468096850,34.928710030666906,35.40826560359786,34.43712556691682,34.668862533609385,34.55373911689217
1993-04-16 02:41:53.302663160,34.928723149756166,35.40824527120064,34.437123206649325,34.668866255489945,34.55375020952334
1993-04-18 02:44:46.137229470,34.9287340932298,35.4082248505584,34.43712098392761,34.66887010968323,34.55376140304854
1993-04-20 02:47:38.971795778,34.928742956058954,35.4082043834196,34.437118909346594,34.66887410949846,34.5537727039721
1993-04-22 02:50:31.806362088,34.92874998032717,35.40818395604512,34.43711705551085,34.66887813279924,34.55378415695791
1993-04-24 02:53:24.640928398,34.92875539821525,35.40816364645912,34.43711549136104,34.668882063113635,34.553795804627555
1993-04-26 02:56:17.475494708,34.92875943062731,35.408143524535724,34.43711427980853,34.668885794929345,34.55380768587821
1993-04-28 02:59:10.310061018,34.92876228719071,35.40812365199899,34.43711347773544,34.66888923369378,34.55381983588273
1993-04-30 03:02:03.144634498,34.92876416625606,35.40810408242295,34.437113135994565,34.66889229581399,34.553832286089545
1993-05-02 03:04:55.979200808,34.928765254897286,35.40808486123158,34.43711329940946,34.6688949086567,34.55384506422276
1993-05-04 03:07:48.813767118,34.928765728911536,35.4080660256988,34.4371140067744,34.66889701054832,34.553858194282085
1993-05-06 03:10:41.648333428,34.92876575281927,35.4080476049485,34.43711529085438,34.66889855077489,34.55387169654286
1993-05-08 03:13:34.482899738,34.92876547986417,35.40802961995451,34.437117178385094,34.66889948958216,34.553885587556074
1993-05-10 03:16:27.317466046,34.92876505201322,35.408012083540626,34.437119690073,34.668899798175524,34.55389988014831
1993-05-12 03:19:20.152032356,34.92876459995667,35.40799500038058,34.43712284059525,34.66889945872005,34.553914583421815
1993-05-14 03:22:12.986598666,34.92876424310803,35.40797836699807,34.43712663859973,34.668898464340465,34.55392970275444
1993-05-16 03:25:05.821164976,34.92876408960408,35.407962171766755,34.437131086705044,34.66889681912119,34.553945239799674
1993-05-18 03:27:58.655731286,34.928764236304865,35.40794639491022,34.43713618150053,34.66889453810628,34.553961192486646
1993-05-20 03:30:51.490297596,34.92876476879372,35.40793100850203,34.43714191354623,34.66889164729948,34.5539775550201
1993-05-22 03:33:44.324863906,34.928765761377214,35.407915976465695,34.437148267372926,34.66888818366421,34.55399431788041
1993-05-24 03:36:37.159437386,34.928767277085214,35.40790125457466,34.43715522148213,34.66888419512353,34.55401146782359
1993-05-26 03:39:29.994003696,34.92876936767085,35.40788679045236,34.43716274834605,34.66887974056019,34.55402898788127
1993-05-28 03:42:22.828570006,34.92877207361051,35.40787252357215,34.43717081440763,34.668874889816614,34.55404685736071
1993-05-30 03:45:15.663136316,34.928775424103854,35.40785838525735,34.43717938008056,34.66886972369487,34.554065051844816
1993-06-01 03:48:08.497702624,34.92877943707383,35.40784429868124,34.4371883997492,34.668864333956705,34.5540835431921
1993-06-03 03:51:01.332268934,34.92878411916662,35.407830178867044,34.437197821768706,34.668858823323546,34.55410229953672
1993-06-05 03:53:54.166835244,34.92878946495752,35.407815841605775,34.43720756834645,34.66885340731674,34.55412122983221
1993-06-07 03:56:47.001401554,34.928795441038055,35.40780084218624,34.437217502985554,34.66884859085127,34.554140086586244
1993-06-09 03:59:39.835967864,34.9288019948733,35.40778521297339,34.437227597837506,34.66884434095743,34.554158913435586
1993-06-11 04:02:32.670534174,34.92880907612333,35.4077690409347,34.43723783903495,34.668840563027025,34.55417778524876
1993-06-13 04:05:25.505100484,34.92881663746299,35.40775240742606,34.437248213249504,34.668837168392876,34.554196771339456
1993-06-15 04:08:18.339666794,34.92882463458185,35.40773538819176,34.43725870769175,34.668834074328736,34.55421593546655
1993-06-17 04:11:11.174240274,34.92883302618423,35.40771805336449,34.43726931011123,34.66883120404934,34.554235335834086
1993-06-19 04:14:04.008806584,34.92884177398918,35.407700467465354,34.437280008796506,34.66882848671042,34.55425502509128
1993-06-21 04:16:56.843372892,34.92885084273048,35.40768268940385,34.43729079257505,34.668825857408635,34.554275050332514
1993-06-23 04:19:49.677939202,34.92886020015669,35.40766477247789,34.43730165081335,34.66882325718165,34.55429545309736
1993-06-25 04:22:42.512505512,34.92886981703106,35.40764676437377,34.437312573416854,34.668820633008096,34.554316269370545
1993-06-27 04:25:35.347071822,34.928879667131596,35.40762870716623,34.43732355082997,34.66881793780755,34.55433752958198
1993-06-29 04:28:28.181638132,34.92888972725107,35.40761063731838,34.4373345740361,34.6688151304406,34.554359258606745
1993-07-01 04:31:21.016204442,34.928899977196956,35.40759258568174,34.4373456345576,34.668812175708766,34.5543814757651
1993-07-03 04:34:13.850770752,34.92891039979149,35.407574577496256,34.43735672445581,34.66880904435457,34.55440419482246
1993-07-05 04:37:06.685337062,34.928920980871645,35.407556632390246,34.43736783633103,34.66880571306149,34.55442742398944
1993-07-07 04:39:59.519903372,34.928931709289124,35.407538764380455,34.437378963322544,34.66880216445397,34.55445116592179
1993-07-09 04:42:52.354469682,34.92894257691037,35.40752098187203,34.4373900991086,34.668798387097446,34.55447541772048
1993-07-11 04:45:45.189043160,34.928953578616586,35.40750328765852,34.43740123790642,34.6687943754983,34.55450017093162
1993-07-13 04:48:38.023609470,34.92896471230368,35.40748567892189,34.43741237447221,34.668790130103915,34.55452541154649
1993-07-15 04:51:30.858175780,34.92897597888234,35.40746814723247,34.437423504101126,34.66878565730261,34.55455112000158
1993-07-17 04:54:23.692742090,34.92898738227796,35.40745067854905,34.437434622627315,34.6687809694237,34.554577271178495
1993-07-19 04:57:16.527308400,34.92899892943069,35.40743325321878,34.43744572642388,34.66877608473747,34.55460383440407
1993-07-21 05:00:09.361874710,34.92901063029541,35.40741584597723,34.43745681240292,34.668771027455165,34.55463077345028
1993-07-23 05:03:02.196441020,34.92902249784176,35.407398425948394,34.43746787801548,34.66876582772901,34.55465804653427
1993-07-25 05:05:55.031007330,34.929034548054084,35.40738095664464,34.437478921251596,34.668760521652196,34.554685606318394
1993-07-27 05:08:47.865573640,34.9290467999315,35.40736339596676,34.43748994064026,34.668755151258885,34.55471339991013
1993-07-29 05:11:40.700139952,34.929059275487845,35.40734569620394,34.43750093524945,34.66874976452422,34.55474136886217
1993-07-31 05:14:33.534706256,34.929071999751706,35.40732780403378,34.43751190468611,34.6687444153643,34.55476944917235
1993-08-02 05:17:26.369272568,34.929085000766406,35.407309660522266,34.43752284909616,34.66873916363622,34.55479757128369
1993-08-04 05:20:19.203846048,34.92909830959001,35.40729120112382,34.43753376916449,34.668734075138005,34.5548256600844
1993-08-06 05:23:12.038412360,34.929111960295316,35.40727235568124,34.43754466611495,34.66872922160869,34.55485363490783
1993-08-08 05:26:04.872978668,34.92912598996986,35.407253048425744,34.437555541710395,34.66872468072827,34.55488140953253
1993-08-10 05:28:57.707544980,34.92914044623032,35.40723317955046,34.437566390681205,34.66872056486147,34.5549088781686
1993-08-12 05:31:50.542111288,34.929155454475975,35.40721242628674,34.43757711296525,34.66871733361472,34.55493577032634
1993-08-14 05:34:43.376677600,34.92917099406691,35.40719075038465,34.43758771237817,34.66871500874737,34.55496204418645
1993-08-16 05:37:36.211243908,34.929186998560084,35.40716821966916,34.437598232271526,34.668713452499325,34.554987738634765
1993-08-18 05:40:29.045810220,34.92920340380436,35.40714489980339,34.43760871254713,34.66871253613354,34.55501288918612
1993-08-20 05:43:21.880376524,34.929220147940526,35.407120854288586,34.437619189657084,34.66871213993603,34.55503752798438
1993-08-22 05:46:14.714942836,34.929237171401276,35.40709614446413,34.43762969660373,34.66871215321584,34.55506168380242
1993-08-24 05:49:07.549509144,34.92925441691122,35.407070829507546,34.43764026293966,34.6687124743051,34.55508538204213
1993-08-26 05:52:00.384075456,34.92927182948688,35.40704496643449,34.437650914767744,34.66871301055896,34.55510864473441
1993-08-28 05:54:53.218648936,34.92928935643668,35.40701861009875,34.437661674741115,34.66871367835564,34.55513149053919
1993-08-30 05:57:46.053215248,34.92930694736099,35.40699181319227,34.437672562063156,34.66871440309639,34.55515393474541
1993-09-01 06:00:38.887781556,34.92932455415205,35.40696462624509,34.43768359248752,34.66871511920553,34.55517598927102
1993-09-03 06:03:31.722347868,34.929342130994044,35.40693709762543,34.4376947783181,34.66871577013044,34.55519766266299
1993-09-05 06:06:24.556914176,34.92935963436306,35.40690927353962,34.43770612840907,34.668716308341516,34.55521896009731
1993-09-07 06:09:17.391480488,34.92937702302709,35.406881198032124,34.43771764816486,34.668716695332236,34.55523988337897
1993-09-09 06:12:10.226046792,34.92939425804605,35.406852912985556,34.43772933954017,34.668716901619106,34.555260430942
1993-09-11 06:15:03.060613104,34.92941130277177,35.40682445812065,34.43774120103993,34.668716906741714,34.555280597849425
1993-09-13 06:17:55.895179412,34.92942812284799,35.40679587099629,34.43775322771936,34.66871669926266,34.55530037579331
1993-09-15 06:20:48.729745724,34.92944468621035,35.40676718700949,34.43776541118393,34.668716276767626,34.55531975309469
1993-09-17 06:23:41.564312032,34.92946096308643,35.406738439395404,34.43777773958937,34.66871564586533,34.55533871470368
1993-09-19 06:26:34.398885516,34.9294769259957,35.4067096592273,34.437790197641675,34.668714822187546,34.55535724219936
1993-09-21 06:29:27.233451824,34.92949254974955,35.40668087541662,34.437802766597095,34.66871383038909,34.55537531378983
1993-09-23 06:32:20.068018136,34.92950781145129,35.406652114712905,34.43781542426214,34.66871270414784,34.55539290431224
1993-09-25 06:35:12.902584444,34.92952269049613,35.40662340170386,34.43782814499358,34.668711486164725,34.55540998523273
1993-09-27 06:38:05.737150756,34.9295371685712,35.4065947588153,34.43784089969846,34.66871022816371,34.55542652464644
1993-09-29 06:40:58.571717064,34.92955122965555,35.406566206311204,34.437853655834054,34.66870899089183,34.555442487277574
1993-10-01 06:43:51.406283372,34.929564860020136,35.40653776229365,34.437866377407936,34.668707844119155,34.555457834479306
1993-10-03 06:46:44.240849680,34.92957804822782,35.4065094427029,34.43787902497792,34.66870686663882,34.55547252423385
1993-10-05 06:49:37.075415992,34.92959078513339,35.4064812613173,34.437891555652065,34.668706146267006,34.55548651115243
1993-10-07 06:52:29.909982300,34.92960306388354,35.40645322975338,34.43790392308872,34.66870577984293,34.55549974647528
1993-10-09 06:55:22.744548612,34.929614849500595,35.406425324736084,34.437916025223466,34.66870602478313,34.55551207415268
1993-10-11 06:58:15.579114920,34.92962610035738,35.406397460537576,34.43792771432412,34.66870729716706,34.55552323176274
1993-10-13 07:01:08.413688404,34.92963690289414,35.406369637375775,34.43793903471907,34.668709483701704,34.555533320170134
1993-10-15 07:04:01.248254712,34.9296473462725,35.40634186048905,34.437950038721176,34.66871244832076,34.555542455231816
1993-10-17 07:06:54.082821024,34.929657515655705,35.40631413447055,34.4379607759605,34.66871606230678,34.55555074712951
1993-10-19 07:09:46.917387332,34.9296674922086,35.40628646326817,34.437971293384294,34.66872020429112,34.55555830036969
1993-10-21 07:12:39.751953640,34.92967735309765,35.40625885018461,34.437981635257,34.66872476025401,34.5555652137836
1993-10-23 07:15:32.586519948,34.929687171490926,35.40623129787732,34.43799184316029,34.6687296235245,34.55557158052724
1993-10-25 07:18:25.421086260,34.92969701655812,35.40620380835855,34.438001955993,34.668734694780476,34.55557748808136
1993-10-27 07:21:18.255652568,34.92970695347053,35.40617638299529,34.438012009971175,34.66873988204866,34.55558301825149
1993-10-29 07:24:11.090218880,34.92971704340106,35.40614902250933,34.43802203862807,34.668745100704626,34.555588247167904
1993-10-31 07:27:03.924785188,34.92972734352424,35.40612172697723,34.43803207281412,34.668750273472774,34.55559324528564
1993-11-02 07:29:56.759351500,34.929737907016204,35.406094495830324,34.43804214069696,34.668755330426336,34.5555980773845
1993-11-04 07:32:49.593917808,34.929748783054684,35.4060673278547,34.43805226776143,34.6687602089874,34.55560280256904
1993-11-06 07:35:42.428491292,34.92976001681906,35.40604022119124,34.43806247680957,34.66876485392687,34.55560747426858
1993-11-08 07:38:35.263057600,34.92977164949029,35.40601317333561,34.438072787960614,34.6687692173645,34.555612140237194
1993-11-10 07:41:28.097623908,34.92978371825095,35.40598618113821,34.438083218650995,34.66877325876888,34.55561684255373
1993-11-12 07:44:20.932190216,34.92979625628525,35.40595924080426,34.43809378363433,34.668776944957436,34.55562161762179
1993-11-14 07:47:13.766756528,34.92980929277899,35.405932347893724,34.43810449498146,34.66878025009644,34.55562649616972
1993-11-16 07:50:06.601322836,34.92982285291958,35.40590549732134,34.438115362080396,34.66878315570098,34.55563150325065
1993-11-18 07:52:59.435889148,34.92983695789606,35.40587868335665,34.43812639163637,34.668785650635,34.555636658242456
1993-11-20 07:55:52.270455456,34.929851624899065,35.405851899623926,34.4381375876718,34.66878773111128,34.555641974847774
1993-11-22 07:58:45.105021768,34.92986686712085,35.40582513910225,34.438148951526294,34.66878940069142,34.555647461094004
1993-11-24 08:01:37.939588076,34.92988269375528,35.40579839412545,34.438160481856684,34.668790670285894,34.55565311933331
1993-11-26 08:04:30.774154388,34.929899109997834,35.40577165638215,34.43817217463697,34.66879155815398,34.5556589462426
1993-11-28 08:07:23.608720696,34.92991611704561,35.405744916915744,34.43818402315837,34.66879208990379,34.555664932823575
1993-11-30 08:10:16.443294180,34.92993371209729,35.40571816612438,34.438196018029295,34.668792298492306,34.55567106440265
1993-12-02 08:13:09.277860484,34.9299518883532,35.40569139376101,34.438208147175345,34.66879222422532,34.55567732063105
1993-12-04 08:16:02.112426796,34.92997063501527,35.40566458893334,34.43822039583932,34.66879191475748,34.55568367548471
1993-12-06 08:18:54.946993104,34.929989936243246,35.40563773953833,34.438232745497096,34.66879142779632,34.555690096836614
1993-12-08 08:21:47.781559416,34.93000967120945,35.40561078077252,34.43824506771735,34.668791093041214,34.555696494342584
1993-12-10 08:24:40.616125724,34.93002977583098,35.40558368807722,34.43825728651552,34.66879109931874,34.55570276507454
1993-12-12 08:27:33.450692036,34.93005026231908,35.405556479818145,34.438269404109256,34.66879143510337,34.5557088372591
1993-12-14 08:30:26.285258344,34.93007114121549,35.40552917319255,34.438281421388346,34.66879208840816,34.55571464639863
1993-12-16 08:33:19.119824656,34.930092421392544,35.40550178422926,34.438293337914764,34.66879304678467,34.5557201352713
1993-12-18 08:36:11.954390964,34.93011411005309,35.405474327788646,34.438305151922656,34.66879429732306,34.55572525393106
1993-12-20 08:39:04.788957276,34.93013621273053,35.405446817562655,34.438316860318324,34.66879582665202,34.55572995970762
1993-12-22 08:41:57.623523584,34.93015873328881,35.405419266074766,34.43832845868025,34.66879762093882,34.555734217206485
1993-12-24 08:44:50.458097064,34.93018167392243,35.405391684680026,34.438339941259095,34.66879966588925,34.55573799830893
1993-12-26 08:47:43.292663372,34.93020503515642,35.40536408356504,34.438351300977665,34.6688019467477,34.555741282171994
1993-12-28 08:50:36.127229684,34.93022881584636,35.405336471747965,34.43836252943095,34.66880444829707,34.555744055228516
1993-12-30 08:53:28.961795992,34.930253013178394,35.40530885707852,34.4383736168861,34.668807154858854,34.55574631118711
1994-01-01 08:56:21.796362303,34.93027762266917,35.405281246237976,34.43838455228246,34.668810050293075,34.55574805103215
1994-01-03 08:59:14.630928613,34.930302638165934,35.40525364473916,34.43839532323152,34.66881311799833,34.5557492830238
1994-01-05 09:02:07.465494922,34.93032805184644,35.40522605692645,34.43840591601693,34.668816340911775,34.555750022698
1994-01-07 09:05:00.300061232,34.930353854218986,35.4051984859758,34.43841631559455,34.668819701509086,34.55575029286647
1994-01-09 09:07:53.134627542,34.930380034122436,35.4051709338947,34.438426505592375,34.66882318180454,34.5557501236167
1994-01-11 09:10:45.969193852,34.930406578726185,35.40514340152221,34.438436468310584,34.66882676335095,34.555749552311966
1994-01-13 09:13:38.803760162,34.93043347353018,35.40511588852893,34.43844618472151,34.668830427239676,34.55574862359132
1994-01-15 09:16:31.638326471,34.930460702364904,35.40508839341704,34.438455634469676,34.668834154100644,34.55574738936958
1994-01-17 09:19:24.472899952,34.9304882473914,35.40506091352025,34.43846479587177,34.66883792410234,34.55574590883736
1994-01-19 09:22:17.307466261,34.930516089101246,35.40503344500385,34.43847364591663,34.668841716951796,34.55574424846104
1994-01-21 09:25:10.142032571,34.93054420631657,35.40500598286467,34.438482160265295,34.66884551189461,34.55574248198278
1994-01-23 09:28:02.976598881,34.93057257619003,35.4049785209311,34.438490313250945,34.66884928771492,34.55574069042052
1994-01-25 09:30:55.811165190,34.93060117420485,35.4049510518631,34.43849807787894,34.66885302273543,34.55573896206797
1994-01-27 09:33:48.645731501,34.93062997417479,35.404923567152174,34.438505425826826,34.668856694817414,34.55573739249462
1994-01-29 09:36:41.480297810,34.93065894824415,35.40489605712137,34.43851232744429,34.66886028136068,34.55573608454576
1994-01-31 09:39:34.314864120,34.93068806688779,35.40486851092532,34.43851875175321,34.66886375930359,34.55573514834241
1994-02-02 09:42:27.149430430,34.9307172989111,35.40484091655019,34.43852466644762,34.66886710512308,34.55573470128141
1994-02-04 09:45:19.983996739,34.93074661032838,35.404813261153414,34.43853003695034,34.66887029499588,34.55573486996575
1994-02-06 09:48:12.818563049,34.93077570481732,35.40478560484633,34.43853460961718,34.66887335727803,34.5557362233162
1994-02-08 09:51:05.653129359,34.93080443680868,35.404757945716376,34.43853826432165,34.66887634999942,34.55573902445079
1994-02-10 09:53:58.487702839,34.93083289614315,35.404730211017714,34.438541083716075,34.66887930514731,34.55574311728545
1994-02-12 09:56:51.322269149,34.930861164821934,35.404702334997644,34.43854314776092,34.66888225175768,34.55574835496078
1994-02-14 09:59:44.156835459,34.93088931700676,35.40467425889651,34.43854453372482,34.668885215915225,34.555754599841954
1994-02-16 10:02:36.991401769,34.93091741901985,35.40464593094777,34.4385453161846,34.66888822075336,34.55576172351878
1994-02-18 10:05:29.825968078,34.93094552934395,35.40461730637796,34.438545567025244,34.66889128645419,34.55576960680568
1994-02-20 10:08:22.660534388,34.93097369862232,35.40458834740669,34.4385453554399,34.66889443024855,34.55577813974171
1994-02-22 10:11:15.495100698,34.93100196965872,35.40455902324667,34.43854474792989,34.66889766641599,34.55578722159052
1994-02-24 10:14:08.329667008,34.931030377417436,35.40452931010371,34.43854380830471,34.66890100628476,34.55579676084039
1994-02-26 10:17:01.164233318,34.93105894902326,35.404499191176676,34.43854259768202,34.66890445823183,34.5558066752042
1994-02-28 10:19:53.998799628,34.93108770376149,35.40446865665755,34.43854117448766,34.66890802768288,34.55581689161948
1994-03-02 10:22:46.833365937,34.93111665307796,35.40443770373137,34.43853959445563,34.6689117171123,34.55582734624834
1994-03-04 10:25:39.667932247,34.93114580057897,35.404406336576294,34.438537910628085,34.66891552604321,34.55583798447754
1994-03-06 10:28:32.502505727,34.93117514203137,35.404374566363536,34.43853617335539,34.66891945104741,34.55584876091842
1994-03-08 10:31:25.337072037,34.93120466536253,35.404342411257424,34.43853443029604,34.66892348574543,34.55585963940698
1994-03-10 10:34:18.171638346,34.93123435066029,35.404309896415356,34.43853272641672,34.66892762080653,34.55587059300381
1994-03-12 10:37:11.006204656,34.93126417017303,35.40427705398782,34.438531103992275,34.668931843948656,34.555881603994116
1994-03-14 10:40:03.840770966,34.93129408830965,35.404243923118386,34.43852960260574,34.66893613993847,34.55589266388773
1994-03-16 10:42:56.675337275,34.93132406163954,35.40421054994373,34.43852825914829,34.66894049059135,34.555903773419104
1994-03-18 10:45:49.509903586,34.93135403889262,35.40417698759359,34.43852710781929,34.668944874771405,34.55591494254729
1994-03-20 10:48:42.344469896,34.93138396095931,35.404143296190796,34.43852618012627,34.66894926839142,34.55592619045598
1994-03-22 10:51:35.179036205,34.931413760890536,35.40410954285128,34.43852550488492,34.66895364441293,34.55593754555347
1994-03-24 10:54:28.013602515,34.93144336389776,35.40407580168405,34.438525108219125,34.66895797284615,34.55594904547267
1994-03-26 10:57:20.848168825,34.93147268735294,35.4040421537912,34.438525013560906,34.66896222075003,34.55596073707112
1994-03-28 11:00:13.682742305,34.93150164078855,35.40400868726792,34.43852524165049,34.668966352232225,34.55597267643096
1994-03-30 11:03:06.517308614,34.93153012589755,35.40397549720247,34.438525810536234,34.66897032844909,34.55598492885897
1994-04-01 11:05:59.351874924,34.931558036533474,35.4039426856762,34.4385267355747,34.66897410760572,34.55599756888652
1994-04-03 11:08:52.186441234,34.93158525871031,35.40391036176357,34.43852802943059,34.668977644955895,34.55601068026961
1994-04-05 11:11:45.021007543,34.93161167060257,35.403878641532096,34.438529702076806,34.66898089280212,34.55602435598887
1994-04-07 11:14:37.855573853,34.9316371425453,35.403847648042394,34.438531760794405,34.66898380049562,34.55603869824952
1994-04-09 11:17:30.690140164,34.931661537034046,35.40381751134818,34.4385342101726,34.66898631443631,34.55605381848142
1994-04-11 11:20:23.524706474,34.93168470872485,35.40378836849623,34.43853705210879,34.66898837807284,34.556069837339045
1994-04-13 11:23:16.359272784,34.931706504434295,35.403760363526416,34.43854028580855,34.668989931902566,34.556086884701465
1994-04-15 11:26:09.193839092,34.931726703778565,35.40373365268623,34.43854390613071,34.66899088134468,34.556105165059414
1994-04-17 11:29:02.028405402,34.931745219487006,35.403708267907994,34.43854789400395,34.668991183691844,34.55612479880149
1994-04-19 11:31:54.862971712,34.93176227922295,35.40368411093544,34.43855222566357,34.66899094689778,34.556145613522425
1994-04-21 11:34:47.697545194,34.93177810725939,35.40366108508285,34.438556878620325,34.668990275224836,34.556167438849506
1994-04-23 11:37:40.532111502,34.931792915468634,35.40363909802645,34.43856183168424,34.668989264718455,34.55619011530433
1994-04-25 11:40:33.366677812,34.931806903322325,35.40361806180438,34.43856706496457,34.66898800320713,34.55621349430279
1994-04-27 11:43:26.201244122,34.93182025789144,35.40359789281667,34.43857255986984,34.66898657030244,34.55623743815505
1994-04-29 11:46:19.035810432,34.931833153846284,35.40357851182529,34.438578299107796,34.66898503739902,34.556261820065615
1994-05-01 11:49:11.870376742,34.9318457534565,35.403559843954106,34.43858426668544,34.66898346767457,34.55628652413326
1994-05-03 11:52:04.704943052,34.931858206591066,35.403541818688915,34.43859044790902,34.6689819160899,34.556311445351064
1994-05-05 11:54:57.539509360,34.931870650718274,35.40352436987742,34.43859682938403,34.66898042938883,34.55633648960641
1994-05-07 11:57:50.374075670,34.93188321090576,35.40350743572922,34.43860339901523,34.66897904609831,34.556361573680974
1994-05-09 12:00:43.208641980,34.93189599982049,35.403490958815865,34.438610146006575,34.66897779652832,34.55638662525073
1994-05-11 12:03:36.043208290,34.93190911772876,35.403474886070796,34.438617060861326,34.668976702771914,34.55641158288595
1994-05-13 12:06:28.877774600,34.9319226524962,35.40345916878937,34.43862413538195,34.668975778705246,34.55643639605121
1994-05-15 12:09:21.712348080,34.93193667958777,35.40344376262886,34.43863136267017,34.66897502998751,34.556461025105385
1994-05-17 12:12:14.546914390,34.93195126206776,35.403428627608456,34.43863873712697,34.66897445406097,34.55648544130163
1994-05-19 12:15:07.381480700,34.9319664505998,35.40341372810926,34.438646254452564,34.66897404015099,34.55650962678743
1994-05-21 12:18:00.216047010,34.931982283446835,35.40339903287428,34.43865391164641,34.668973769265975,34.556533574604536
1994-05-23 12:20:53.050613320,34.931998786471155,35.40338451500846,34.438661707007235,34.66897361419741,34.556557288689014
1994-05-25 12:23:45.885179630,34.93201597313438,35.40337015197864,34.43866964013298,34.668973539519854,34.55658078387123
1994-05-27 12:26:38.719745938,34.93203384449744,35.403355925613575,34.43867771192085,34.66897350159093,34.55660408587585
1994-05-29 12:29:31.554312248,34.932052389220644,35.40334182210395,34.43868592456731,34.668973448551334,34.55662723132182
1994-05-31 12:32:24.388878558,34.932071583563584,35.403327832002326,34.43869428156805,34.66897332032484,34.556650267722404
1994-06-02 12:35:17.223444868,34.93209139138521,35.40331395022323,34.438702787718,34.66897304861828,34.55667325348516
1994-06-04 12:38:10.058011178,34.93211176414379,35.40330017604307,34.43871144911136,34.66897255692155,34.55669625791193
1994-06-06 12:41:02.892577488,34.932132640896945,35.40328651310018,34.43872027314157,34.66897176050765,34.55671936119888
1994-06-08 12:43:55.727150968,34.9321539483016,35.40327296939479,34.4387292685013,34.66897056643262,34.556742654436455
1994-06-10 12:46:48.561717278,34.93217560061402,35.40325955728907,34.43873844518249,34.66896887353557,34.5567662396094
1994-06-12 12:49:41.396283588,34.93219749968982,35.403246293507095,34.4387478144763,34.6689665724387,34.556790229596764
1994-06-14 12:52:34.230849898,34.93221953498392,35.403233199134846,34.438757388973166,34.66896354554726,34.556814748171895
1994-06-16 12:55:27.065416206,34.93224159551574,35.40322029543494,34.43876718222702,34.668959661009374,34.55683992424319
1994-06-18 12:58:19.899982516,34.93226371957403,35.403207551425105,34.43877719449194,34.668954824640934,34.55686576216357
1994-06-20 13:01:12.734548826,34.93228590425732,35.40319495016938,34.43878740748897,34.66894921064443,34.55689217269224
1994-06-22 13:04:05.569115136,34.932308114326815,35.40318248548828,34.438797802641105,34.668943023563486,34.556919074443705
1994-06-24 13:06:58.403681446,34.93233031653685,35.40317014994277,34.43880836244634,34.66893645139425,34.55694639073324
1994-06-26 13:09:51.238247756,34.93235247963484,35.40315793483422,34.4388190704776,34.66892966558532,34.556974049576866
1994-06-28 13:12:44.072814064,34.93237457436132,35.40314583020444,34.43882991138281,34.66892282103773,34.557001983691386
1994-06-30 13:15:36.907380374,34.93239657344995,35.403133824835656,34.43884087088485,34.668916056105054,34.55703013049437
1994-07-02 13:18:29.741953856,34.93241845162747,35.40312190625054,34.43885193578159,34.668909492593286,34.55705843210413
1994-07-04 13:21:22.576520166,34.93244018561375,35.40311006071218,34.43886309394584,34.66890323576091,34.55708683533977
1994-07-06 13:24:15.411086474,34.932461754121746,35.40309827322408,34.43887433432539,34.66889737431888,34.55711529172115
1994-07-08 13:27:08.245652784,34.932483137857545,35.403086527530206,34.438885646943014,34.66889198043063,34.55714375746891
1994-07-10 13:30:01.080219094,34.932504319520326,35.403074806114915,34.43889702289644,34.66888710971205,34.55717219350443
1994-07-12 13:32:53.914785404,34.93252528380238,35.40306309020301,34.438908454358376,34.66888280123152,34.55720056544987
1994-07-14 13:35:46.749351714,34.932546017389114,35.40305135975973,34.43891993457649,34.66887907750988,34.55722884362817
1994-07-16 13:38:39.583918024,34.93256650895902,35.403039593490725,34.43893145787342,34.66887594452043,34.557257003063
1994-07-18 13:41:32.418484334,34.932586749183734,35.40302776884208,34.43894301964679,34.668873391688976,34.55728502347884
1994-07-20 13:44:25.253050644,34.93260673072796,35.4030158620003,34.43895461636917,34.668871391893774,34.55731288930091
1994-07-22 13:47:18.087616954,34.93262644824955,35.403003847892336,34.43896624558813,34.66886990146554,34.5573405896552
1994-07-24 13:50:10.922183264,34.93264589839942,35.40299170018555,34.438977905926166,34.6688688601875,34.55736811836846
1994-07-26 13:53:03.756756742,34.93266507982163,35.402979391287744,34.43898959708078,34.66886819129531,34.55739547396822
1994-07-28 13:55:56.591323052,34.93268399315334,35.40296689234714,34.439001319824435,34.66886780147712,34.557422659682764
1994-07-30 13:58:49.425889360,34.9327026410248,35.40295417325238,34.43901307600456,34.66886758087356,34.557449683441156
1994-08-01 14:01:42.260455672,34.93272102805938,35.402941202632555,34.43902486854355,34.668867403077705,34.557476557873215
1994-08-03 14:04:35.095021980,34.932739160873574,35.40292794785717,34.43903670143877,34.66886712513514,34.55750330030953
1994-08-05 14:07:27.929588292,34.93275704807695,35.402914375036154,34.439048579762584,34.66886658754387,34.55752993278145
1994-08-07 14:10:20.764154600,34.93277470027222,35.402900449019874,34.439060509662276,34.66886561425442,34.5575564820211
1994-08-09 14:13:13.598720912,34.93279213005517,35.40288613339913,34.43907249836013,34.66886401266977,34.55758297946136
1994-08-11 14:16:06.433287220,34.932809352014715,35.402871390505126,34.4390845541534,34.66886157364537,34.55760946123589
1994-08-13 14:18:59.267853532,34.93282641151825,35.40285617901529,34.439096682640006,34.668858051581,34.557635964944986
1994-08-15 14:21:52.102419840,34.93284347387762,35.4028404609937,34.439108867798275,34.66885322108558,34.557662486016305
1994-08-17 14:24:44.936986148,34.93286043460285,35.40282424521046,34.43912111750305,34.66884723741156,34.55768899542624
1994-08-19 14:27:37.771559628,34.9328771509897,35.40280754599627,34.43913344397468,34.668840298726266,34.55771546389756
1994-08-21 14:30:30.606125940,34.932893493887946,35.402790376912556,34.43914585799659,34.6688325938237,34.55774186075457
1994-08-23 14:33:23.440692248,34.93290934770148,35.402772750751495,34.439158368915244,34.6688243021246,34.55776815392313
1994-08-25 14:36:16.275258560,34.93292461038827,35.40275467953602,34.43917098464017,34.6688155936764,34.55779430993061
1994-08-27 14:39:09.109824868,34.93293919346032,35.40273617451978,34.43918371164394,34.668806629153245,34.557820293905934
1994-08-29 14:42:01.944391180,34.932953021983735,35.40271724618717,34.439196554962216,34.66879755985599,34.55784606957956
1994-08-31 14:44:54.778957488,34.93296603457869,35.402697904253344,34.43920951819367,34.66878852771219,34.557871599283494
1994-09-02 14:47:47.613523800,34.93297818341942,35.40267815766417,34.43922260350006,34.66877966527612,34.557896843951255
1994-09-04 14:50:40.448090108,34.93298943423426,35.40265801459627,34.4392358116062,34.66877109572875,34.557921763117925
1994-09-06 14:53:33.282656416,34.93299976630558,35.40263748245701,34.43924914179995,34.668762932877776,34.557946314920095
1994-09-08 14:56:26.117222728,34.933009172469845,35.40261656788449,34.43926259193222,34.66875528115758,34.55797045609592
1994-09-10 14:59:18.951789036,34.9330176591176,35.402595276747554,34.439276158416995,34.668748235629266,34.55799414198508
1994-09-12 15:02:11.786362516,34.93302524619345,35.40257361414579,34.4392898362313,34.668741881980644,34.558017326528784
1994-09-14 15:05:04.620928828,34.93303196719607,35.40255158440951,34.43930361891523,34.66873629652623,34.558039962269795
1994-09-16 15:07:57.455495136,34.93303786917822,35.40252919109979,34.439317498571924,34.66873154620725,34.5580620003524
1994-09-18 15:10:50.290061448,34.93304301274672,35.40250643700843,34.43933146586758,34.66872768859163,34.55808339052243
1994-09-20 15:13:43.124627756,34.933047472062476,35.40248332415796,34.439345510031465,34.668724771874025,34.55810408112725
1994-09-22 15:16:35.959194068,34.93305133484045,35.402459853801695,34.439359618855875,34.66872283487577,34.55812401911575
1994-09-24 15:19:28.793760376,34.9330547023497,35.40243602642365,34.439373778696186,34.66872190704493,34.5581431500384
1994-09-26 15:22:21.628326684,34.93305768941333,35.402411841738584,34.43938797447082,34.66872200845627,34.55816141804714
1994-09-28 15:25:14.462892996,34.933060424408545,35.40238729869201,34.43940218966126,34.66872314981126,34.55817876589551
1994-09-30 15:28:07.297459304,34.93306304926659,35.40236239546018,34.43941640631204,34.66872533243808,34.55819513493855
1994-10-02 15:31:00.132025616,34.93306571947283,35.402337129450075,34.43943060503076,34.66872854829162,34.55821046513285
1994-10-04 15:33:52.966599096,34.93306860406664,35.40231149729943,34.43944476498806,34.66873277995347,34.558224695036536
1994-10-06 15:36:45.801165404,34.93307188564152,35.402285494876715,34.43945886391765,34.668738000631954,34.558237761809266
1994-10-08 15:39:38.635731716,34.93307576034503,35.40225911728113,34.439472878116284,34.668744174162065,34.558249601212246
1994-10-10 15:42:31.470298024,34.93308047084288,35.402232363818115,34.43948677483966,34.668751305397706,34.55826008458782
1994-10-12 15:45:24.304864336,34.933086333533055,35.402205252971775,34.439500498957,34.668759571318084,34.55826887638303
1994-10-14 15:48:17.139430644,34.93309332666605,35.402177769129764,34.439514062469975,34.66876876558316,34.558276150977775
1994-10-16 15:51:09.973996952,34.933101383081656,35.40214989314571,34.43952748610541,34.66877863466073,34.55828214949472
1994-10-18 15:54:02.808563264,34.93311043830046,35.40212160844121,34.439540788986186,34.66878894185418,34.55828709763094
1994-10-20 15:56:55.643129572,34.93312043052385,35.40209290100585,34.439553988631225,34.66879946730243,34.5582912056579
1994-10-22 15:59:48.477695884,34.93313130063403,35.4020637593972,34.439567100955486,34.668810007979964,34.558294668421496
1994-10-24 16:02:41.312262192,34.933142992193986,35.40203417474081,34.43958014027,34.668820377696846,34.55829766534204
1994-10-26 16:05:34.146828504,34.933155451447504,35.40200414073022,34.43959311928183,34.66883040709869,34.55830036041423
1994-10-28 16:08:26.981401984,34.9331686273192,35.40197365362694,34.43960604909409,34.66883994366669,34.55830290220719
1994-10-30 16:11:19.815968292,34.93318247141445,35.40194271226048,34.43961893920593,34.66884885171759,34.55830542386445
1994-11-01 16:14:12.650534604,34.933196938019464,35.401911318028326,34.43963179751257,34.668857012403706,34.558308043103956
1994-11-03 16:17:05.485100912,34.93321198410125,35.401879474895935,34.43964463030525,34.6688643237129,34.55831086221807
1994-11-05 16:19:58.319667220,34.93322756930759,35.401847189396776,34.43965744227129,34.66887070046863,34.55831396807354
1994-11-07 16:22:51.154233532,34.9332436559671,35.40181447063228,34.43967023649403,34.668876074329894,34.55831743211155
1994-11-09 16:25:43.988799840,34.933260209089184,35.40178133027187,34.43968301445287,34.668880393791255,34.55832131034769
1994-11-11 16:28:36.823366152,34.93327719636404,35.40174778255294,34.43969577602325,34.66888362418285,34.55832564337194
1994-11-13 16:31:29.657932460,34.93329458816268,35.40171384428088,34.43970851947667,34.668885747670366,34.55833045634871
1994-11-15 16:34:22.492498772,34.93331235753692,35.401679534829064,34.439721241480655,34.66888676325507,34.55833575901683
1994-11-17 16:37:15.327065080,34.933330480219354,35.401644876138846,34.43973393709881,34.66888668677378,34.55834154568951
1994-11-19 16:40:08.161631392,34.933348934623396,35.40160989271956,34.43974659979075,34.66888555089889,34.5583477952544
1994-11-21 16:43:00.996204872,34.933367701843274,35.401574611648535,34.43975922141217,34.668883405138345,34.55835447117354
1994-11-23 16:45:53.830771180,34.93338676565398,35.40153906257107,34.43977179221479,34.668880315835665,34.558361521483384
1994-11-25 16:48:46.665337492,34.93340611251134,35.40150327770045,34.4397843008464,34.668876366169926,34.558368878794816
1994-11-27 16:51:39.499903800,34.93342573155198,35.40146729181795,34.43979673435081,34.668871656155765,34.55837646029311
1994-11-29 16:54:32.334470108,34.933445614593296,35.40143114227283,34.43980907816789,34.6688663026434,34.55838416773795
1994-12-01 16:57:25.169036420,34.933465756133515,35.401394868982315,34.43982131613357,34.66886043931859,34.558391887463436
1994-12-03 17:00:18.003602728,34.933486153351666,35.401358514431635,34.4398334304798,34.668854216702684,34.55839949037809
1994-12-05 17:03:10.838169040,34.93350680583812,35.40132212627489,34.43984539938545,34.6688478084628,34.558406822243256
1994-12-07 17:06:03.672735348,34.93352772685766,35.40128586088022,34.4398570953138,34.66884167343962,34.55841329678836
1994-12-09 17:08:56.507301660,34.93354900394372,35.4012497643476,34.43986848272201,34.66883603705807,34.55841868248065
1994-12-11 17:11:49.341867968,34.93357073619976,35.401213804411505,34.43987959736295,34.668830931116055,34.558423040442555
1994-12-13 17:14:42.176434280,34.933593013740534,35.40117795130777,34.439890472238645,34.668826383099805,34.55842643356318
1994-12-15 17:17:35.011007760,34.93361591769206,35.401142177773586,34.4399011376003,34.66882241618391,34.55842892649828
1994-12-17 17:20:27.845574068,34.933639520191626,35.4011064590475,34.43991162094833,34.668819049231296,34.558430585670315
1994-12-19 17:23:20.680140376,34.933663884387826,35.40107077286941,34.43992194703231,34.66881629679326,34.5584314792684
1994-12-21 17:26:13.514706688,34.93368906444051,35.401035099480595,34.43993213785102,34.66881416910942,34.55843167724832
1994-12-23 17:29:06.349272996,34.93371510552082,35.40099942162368,34.43994221265239,34.66881267210775,34.55843125133256
1994-12-25 17:31:59.183839308,34.93374204381117,35.400963724542635,34.439952187933585,34.66881180740457,34.55843027501024
1994-12-27 17:34:52.018405616,34.93376990650526,35.40092799598281,34.43996207744092,34.66881157230456,34.55842882353718
1994-12-29 17:37:44.852971928,34.933798711808066,35.40089222619091,34.43997189216989,34.66881195980073,34.55842697393586
1994-12-31 17:40:37.687538236,34.933828468935836,35.40085640791499,34.4399816403652,34.668812958574435,34.55842480499544
1995-01-02 17:43:30.522104545,34.9338591781161,35.400820536404474,34.439991327520715,34.668814552995386,34.55842239727176
1995-01-04 17:46:23.356670855,34.93389083058768,35.400784609410124,34.4400009563795,34.66881672312165,34.55841983308733
1995-01-06 17:49:16.191237165,34.933923408600656,35.400748627184086,34.440010526933804,34.668819444699615,34.558417196531316
1995-01-08 17:52:09.025810645,34.9339568854164,35.400712592479856,34.44002003642504,34.668822689164045,34.55841457345958
1995-01-10 17:55:01.860376955,34.93399122530757,35.40067651055229,34.440029479343835,34.66882642363802,34.55841205149465
1995-01-12 17:57:54.694943265,34.934026383558084,35.40064038915758,34.44003884742998,34.668830610933,34.558409720025715
1995-01-14 18:00:47.529509574,34.934062306463154,35.40060423855332,34.44004812967246,34.66883520954877,34.55840767020866
1995-01-16 18:03:40.364075884,34.93409893132926,35.40056807149843,34.440057312309435,34.66884017367345,34.55840599496603
1995-01-18 18:06:33.198642194,34.93413618647418,35.40053190325319,34.44006637882826,34.66884545318355,34.55840478898704
1995-01-20 18:09:26.033208504,34.93417399122694,35.40049575157926,34.440075309965465,34.668850993643886,34.55840414872758
1995-01-22 18:12:18.867774814,34.934212255927875,35.400459636739626,34.44008408370677,34.66885673630764,34.558404172410235
1995-01-24 18:15:11.702341123,34.934250881928584,35.40042358149868,34.44009267528708,34.668862618116336,34.55840496002423
1995-01-26 18:18:04.536907433,34.934289761591955,35.40038761112212,34.44010105719049,34.66886857169984,34.55840661332548
1995-01-28 18:20:57.371473743,34.934328778292134,35.40035175337703,34.44010919915025,34.66887452537638,34.55840923583658
1995-01-30 18:23:50.206040052,34.93436780641457,35.40031603853187,34.44011706814884,34.668880403152514,34.558412932846785
1995-02-01 18:26:43.040613533,34.934406562823874,35.400280661312465,34.44012453879624,34.66888623730288,34.55841765799211
1995-02-03 18:29:35.875179843,34.93444466757601,35.40024591713911,34.44013141233191,34.66889219495666,34.55842315202016
1995-02-05 18:32:28.709746152,34.93448204461265,35.400211774544815,34.440137660235834,34.66889826984685,34.55842937091169
1995-02-07 18:35:21.544312462,34.93451863267888,35.40017819337246,34.4401432624641,34.66890445077299,34.55843627695333
1995-02-09 18:38:14.378878772,34.93455437880412,35.4001451318976,34.440148203660044,34.6689107259576,34.55844383302565
1995-02-11 18:41:07.213445082,34.93458923830214,35.400112546828474,34.44015247315426,34.66891708304613,34.55845200260312
1995-02-13 18:44:00.048011391,34.934623174771005,35.400080393305984,34.44015606496459,34.66892350910698,34.55846074975415
1995-02-15 18:46:52.882577701,34.93465616009314,35.400048624903704,34.44015897779613,34.6689299906315,34.55847003914105
1995-02-17 18:49:45.717144011,34.93468817443529,35.40001719362789,34.44016121504122,34.668936513533964,34.558479836020055
1995-02-19 18:52:38.551710320,34.93471920624852,35.399986049917466,34.44016278477946,34.668943063151616,34.55849010624134
1995-02-21 18:55:31.386276630,34.93474925226825,35.39995514264403,34.440163699777685,34.66894962424465,34.55850081624896
1995-02-23 18:58:24.220842941,34.9347783175142,35.39992441911185,34.44016397749001,34.66895618099618,34.55851193308092
1995-02-25 19:01:17.055416421,34.934806415290446,35.39989382505787,34.44016364005777,34.6689627170123,34.55852342436914
1995-02-27 19:04:09.889982730,34.93483356718537,35.39986330465171,34.440162714309565,34.66896921532201,34.55853525833945
1995-03-01 19:07:02.724549040,34.93485980307172,35.399832800495666,34.440161231761245,34.66897565837729,34.558547403811595
1995-03-03 19:09:55.559115350,34.93488516110652,35.39980225362469,34.44015922861591,34.66898202805306,34.55855983019926
1995-03-05 19:12:48.393681659,34.934909687731185,35.39977160350642,34.440156745763915,34.66898830564716,34.558572507510036
1995-03-07 19:15:41.228247969,34.93493343767142,35.39974078804118,34.440153828782854,34.66899447188042,34.55858540634543
1995-03-09 19:18:34.062814279,34.93495647393726,35.39970974356194,34.44015052793759,34.66900050689657,34.558598497900874
1995-03-11 19:21:26.897380589,34.934978867823105,35.39967840483436,34.44014689818022,34.66900639026233,34.55861175396572
1995-03-13 19:24:19.731946899,34.93500069890764,35.399646705056774,34.440142999150105,34.66901210096733,34.55862514692324
1995-03-15 19:27:12.566513209,34.93502205505391,35.39961457586018,34.44013889517384,34.66901761742416,34.55863864975062
1995-03-17 19:30:05.401079518,34.93504303240929,35.39958194730825,34.44013465526529,34.66902291746836,34.55865223601897
1995-03-19 19:32:58.235645828,34.935063735405464,35.39954874789734,34.44013035312556,34.669027978358415,34.55866587989332
1995-03-21 19:35:51.070219308,34.93508427675847,35.399514904556476,34.44012606714301,34.66903277677575,34.55867955613261
1995-03-23 19:38:43.904785618,34.93510477746865,35.399480342647344,34.44012188039325,34.66903728882474,34.55869324008972
1995-03-25 19:41:36.739351927,34.93512536534338,35.3994449876039,34.44011787972997,34.66904149044172,34.55870690763664
1995-03-27 19:44:29.573918237,34.9351459855884,35.3994089786342,34.440114047672395,34.669045406005225,34.55872052355652
1995-03-29 19:47:22.408484547,34.93516651440633,35.39937254470986,34.440110351547325,34.669049067286686,34.5587340441605
1995-03-31 19:50:15.243050857,34.93518690599705,35.39933582356872,34.440106812396564,34.66905248116272,34.558747432114735
1995-04-02 19:53:08.077617167,34.93520711392676,35.399298945672975,34.440103451127996,34.66905565369681,34.55876065402857
1995-04-04 19:56:00.912183477,34.93522709112798,35.39926203420922,34.44010028851556,34.66905859013927,34.558773680454586
1995-04-06 19:58:53.746749787,34.935246789899615,35.39922520508843,34.440097345199284,34.66906129492728,34.55878648588858
1995-04-08 20:01:46.581316097,34.93526616190688,35.399188566945966,34.440094641685235,34.66906377168486,34.55879904876957
1995-04-10 20:04:39.415882405,34.93528515818135,35.39915222114157,34.44009219834558,34.66906602322287,34.558811351479775
1995-04-12 20:07:32.250455886,34.93530372912093,35.39911626175937,34.440090035418535,34.66906805153904,34.55882338034465
1995-04-14 20:10:25.085022196,34.935321824489876,35.39908077560788,34.440088173008384,34.66906985781794,34.558835125632854
1995-04-16 20:13:17.919588506,34.93533939341878,35.399045842219984,34.4400866310855,34.66907144243098,34.55884658155627
1995-04-18 20:16:10.754154814,34.93535638440457,35.39901153385296,34.44008542948629,34.66907280493644,34.55885774626999
1995-04-20 20:19:03.588721124,34.93537274531054,35.39897791548849,34.44008458791326,34.66907394407944,34.55886862187235
1995-04-22 20:21:56.423287434,34.935388423366305,35.398945044832594,34.44008412593497,34.66907485779194,34.55887921440487
1995-04-24 20:24:49.257853744,34.93540336516782,35.39891297231571,34.44008406298605,34.66907554319277,34.5588895338523
1995-04-26 20:27:42.092420054,34.935417516677404,35.39888174109265,34.440084418367206,34.66907599658759,34.55889959414262
1995-04-28 20:30:34.926986364,34.93543082322369,35.39885138704262,34.4400852112452,34.66907621346891,34.558909413147006
1995-04-30 20:33:27.761552672,34.93544322950168,35.39882193876919,34.44008646065287,34.66907618851612,34.55891901267987
1995-05-02 20:36:20.596118982,34.93545467957269,35.39879341760032,34.44008818548912,34.669075915595414,34.55892841849882
1995-05-04 20:39:13.430685292,34.935465116864414,35.398765837588364,34.44009040451893,34.669075387759875,34.558937660304714
1995-05-06 20:42:06.265258774,34.935474484170854,35.39873920551005,34.44009313637333,34.66907459724941,34.5589467717416
1995-05-08 20:44:59.099825082,34.93548272365236,35.398713520866494,34.44009639954944,34.66907353549079,34.558955790396745
1995-05-10 20:47:51.934391392,34.93548977683566,35.3986887758832,34.44010021241043,34.66907219309763,34.558964757800645
1995-05-12 20:50:44.768957702,34.93549558461377,35.39866495551004,34.44010459318556,34.66907055987039,34.55897371942701
1995-05-14 20:53:37.603524012,34.935500087246076,35.39864203742129,34.44010955997013,34.669068624796395,34.55898272469277
1995-05-16 20:56:30.438090322,34.935503160731095,35.39862000219773,34.44011513785923,34.66906636151173,34.55899180589768
1995-05-18 20:59:23.272656632,34.93550454497865,35.39859887370249,34.440121356888724,34.669063723033865,34.559000906518506
1995-05-20 21:02:16.107222942,34.93550454778912,35.39857862250836,34.44012816752737,34.66906080875206,34.55901008772526
1995-05-22 21:05:08.941789250,34.93550352726552,35.398559207709965,34.44013551311312,34.6690577302793,34.55901942530211
1995-05-24 21:08:01.776355560,34.93550181087421,35.39854058676353,34.44014334001966,34.66905459175499,34.55902898803023
1995-05-26 21:10:54.610921870,34.935499695444975,35.398522715486926,34.4401515976564,34.66905148984492,34.559038837687794
1995-05-28 21:13:47.445488180,34.93549744717097,35.39850554805963,34.44016023846848,34.669048513741245,34.55904902904998
1995-05-30 21:16:40.280061660,34.93549530160875,35.39848903702276,34.44016921793674,34.669045745162535,34.55905960988899
1995-06-01 21:19:33.114627970,34.93549346367826,35.39847313327906,34.440178494577786,34.66904325835374,34.55907062097402
1995-06-03 21:22:25.949194280,34.93549210766283,35.39845778609289,34.4401880299439,34.669041120086185,34.55908209607126
1995-06-05 21:25:18.783760590,34.935491377209175,35.398442943090245,34.440197788623124,34.669039389657605,34.559094061943924
1995-06-07 21:28:11.618326900,34.93549138532741,35.39842855025874,34.440207738239216,34.66903811889212,34.55910653835223
1995-06-09 21:31:04.452893210,34.93549221439103,35.398414551947624,34.44021784945165,34.66903735214022,34.5591195380534
1995-06-11 21:33:57.287459518,34.93549391613693,35.39840089086776,34.44022809595563,34.66903712627881,34.559133066801664
1995-06-13 21:36:50.122025828,34.935496511665384,35.39838750809165,34.44023845448209,34.66903747071116,34.55914712334825
1995-06-15 21:39:42.956592138,34.93549999144006,35.39837434305342,34.440248904797684,34.66903840736694,34.559161699441404
1995-06-17 21:42:35.791158448,34.93550431528802,35.39836133354881,34.440259429704774,34.66903995070222,34.559176779826366
1995-06-19 21:45:28.625724758,34.93550941239971,35.39834841573521,34.44027001504148,34.66904210769944,34.5591923422454
1995-06-21 21:48:21.460291070,34.93551518132896,35.3983355241316,34.44028064968162,34.669044877867435,34.55920835743776
1995-06-23 21:51:14.294864548,34.93552148999301,35.39832259161862,34.44029132553474,34.66904825324143,34.55922478913972
1995-06-25 21:54:07.129430858,34.93552817567247,35.39830954943854,34.440302037546125,34.66905221838303,34.55924159408453
1995-06-27 21:56:59.963997168,34.935535045011335,35.398296327195204,34.44031278369677,34.66905675038025,34.5592587220025
1995-06-29 21:59:52.798563478,34.93554187401701,35.398282852854145,34.440323565003396,34.66906181884748,34.55927611562089
1995-07-01 22:02:45.633129786,34.93554840806029,35.398269052742485,34.440334385518454,34.669067385925494,34.55929371066401
1995-07-03 22:05:38.467696096,34.93555436187533,35.398254851548984,34.44034525233012,34.669073406281456,34.55931143585314
1995-07-05 22:08:31.302262406,34.93555941955971,35.39824017232402,34.440356175562286,34.66907982710893,34.5593292129066
1995-07-07 22:11:24.136828716,34.935563234574374,35.39822493647962,34.44036716837457,34.66908658812786,34.559346956539684
1995-07-09 22:14:16.971395026,34.93556542974367,35.398209063789416,34.44037824696233,34.66909362158458,34.55936457446473
1995-07-11 22:17:09.805961336,34.935565562433304,35.39819245432419,34.44038942937836,34.669100874353866,34.55938194668469
1995-07-13 22:20:02.640527646,34.93556313147206,35.39817493086432,34.44040071943998,34.66910843961096,34.559398866711554
1995-07-15 22:22:55.475093958,34.93555830410789,35.398156557057625,34.44041211548538,34.66911622513235,34.559415413777586
1995-07-17 22:25:48.309667434,34.93555135150211,35.39813743946477,34.440423616489745,34.669124099113624,34.55943171528009
1995-07-19 22:28:41.144233744,34.93554253345903,35.39811767808179,34.44043522091291,34.66913194029314,34.55944788888211
1995-07-21 22:31:33.978800054,34.93553209842596,35.3980973663401,34.44044692669932,34.66913963795202,34.559464042512424
1995-07-23 22:34:26.813366364,34.935520283493204,35.3980765911065,34.44045873127807,34.669147091914155,34.55948027436552
1995-07-25 22:37:19.647932674,34.93550731439407,35.39805543268316,34.44047063156284,34.66915421254619,34.55949667290165
1995-07-27 22:40:12.482498984,34.93549340550487,35.39803396480764,34.440482623951965,34.66916092075755,34.55951331684679
1995-07-29 22:43:05.317065296,34.93547875984491,35.39801225465287,34.44049470432841,34.669167148000426,34.559530275192635
1995-07-31 22:45:58.151631604,34.93546356907649,35.39799036282717,34.440506868059735,34.669172836269766,34.55954760719664
1995-08-02 22:48:50.986197916,34.9354480135049,35.397968343374245,34.44051910999817,34.6691779381033,34.55956536238197
1995-08-04 22:51:43.820764224,34.935432262078464,35.397946243773156,34.440531424480525,34.66918241658151,34.559583580537534
1995-08-06 22:54:36.655330536,34.935416472388454,35.397924104938355,34.440543805328275,34.66918624532765,34.559602291717965
1995-08-08 22:57:29.489896844,34.935400790669185,35.397901961219695,34.44055624584749,34.66918940850775,34.55962151624365
1995-08-10 23:00:22.324470324,34.93538535179793,35.397879840402375,34.44056873882889,34.66919190083058,34.5596412647007
1995-08-12 23:03:15.159036632,34.935370279295014,35.397857763706995,34.44058127654779,34.669193727547714,34.55966153794094
1995-08-14 23:06:07.993602944,34.93535568532371,35.397835745789536,34.44059385076417,34.66919490445346,34.55968232708195
1995-08-16 23:09:00.828169252,34.9353416706903,35.39781379474134,34.440606452722605,34.66919545788491,34.55970361350705
1995-08-18 23:11:53.662735564,34.935328324844086,35.39779191208915,34.44061907315231,34.66919542472191,34.559725368865266
1995-08-20 23:14:46.497301872,34.93531572587736,35.39777009279508,34.44063170226713,34.66919485238709,34.55974755507138
1995-08-22 23:17:39.331868184,34.93530394052539,35.397748325256615,34.44064432976552,34.66919379884584,34.559770124305906
1995-08-24 23:20:32.166434492,34.93529302416647,35.397726591306636,34.440656944830565,34.66919233260631,34.55979301901508
1995-08-26 23:23:25.001000804,34.935283020821885,35.3977048662134,34.44066953612998,34.66919053271941,34.559816171910875
1995-08-28 23:26:17.835567112,34.93527396315591,35.39768311868053,34.440682091816115,34.669188488778836,34.559839505971006
1995-08-30 23:29:10.670133424,34.93526587247583,35.397661310847056,34.440694599525926,34.66918630092105,34.55986293443892
1995-09-01 23:32:03.504699728,34.93525875873191,35.39763939828735,34.440707046381014,34.66918407982525,34.55988636082378
1995-09-03 23:34:56.339273212,34.93525261040097,35.397617324960336,34.440719418566005,34.66918195084004,34.55990967544381
1995-09-05 23:37:49.173839520,34.9352469057626,35.39759479052088,34.4407316846657,34.66918023589183,34.55993259101953
1995-09-07 23:40:42.008405832,34.9352414122304,35.3975716720991,34.44074383630562,34.66917908890893,34.55995492648718
1995-09-09 23:43:34.842972140,34.93523620715262,35.397548007916605,34.440755880119056,34.6691785235505,34.55997661586592
1995-09-11 23:46:27.677538452,34.935231365799396,35.397523835525774,34.44076782277205,34.669178549157486,34.559997601126426
1995-09-13 23:49:20.512104760,34.935226961362716,35.39749919180977,34.44077967096341,34.66917917075273,34.56001783219089
1995-09-15 23:52:13.346671072,34.93522306495644,35.39747411298251,34.44079143142467,34.66918038904086,34.56003726693302
1995-09-17 23:55:06.181237380,34.93521974561631,35.39744863458869,34.440803110920136,34.669182200408386,34.56005587117805
1995-09-19 23:57:59.015803692,34.93521707029994,35.397422791503786,34.440814716246855,34.66918459692362,34.56007361870271
1995-09-22 00:00:51.850369996,34.93521510388681,35.397396617934014,34.44082625423462,34.66918756633673,34.560090491235265
1995-09-24 00:03:44.684936308,34.93521390917829,35.397370147416396,34.44083773174599,34.669191092079714,34.56010647845549
1995-09-26 00:06:37.519502616,34.93521354689758,35.39734341281871,34.44084915567625,34.66919515326642,34.56012157799467
1995-09-28 00:09:30.354076100,34.93521407568979,35.39731644633949,34.44086053295346,34.669199724692525,34.56013579543562
1995-09-30 00:12:23.188642408,34.9352155521219,35.397289279508065,34.440871870538416,34.66920477683554,34.56014914431267
1995-10-02 00:15:16.023208720,34.935218030682755,35.39726194318453,34.440883175424666,34.669210275854816,34.56016164611165
1995-10-04 00:18:08.857775028,34.93522156378305,35.397234467559734,34.44089445463852,34.669216183591544,34.56017333026993
1995-10-06 00:21:01.692341340,34.93522620175539,35.39720688215532,34.440905715239026,34.66922245756876,34.560184234176376
1995-10-08 00:23:54.526907648,34.93523199285423,35.39717921582367,34.44091696431798,34.66922905099132,34.56019440317138
1995-10-10 00:26:47.361473960,34.9352389832559,35.39715149674797,34.440928208999935,34.66923591274593,34.56020389054686
1995-10-12 00:29:40.196040264,34.935247217058595,35.39712375244217,34.4409394564422,34.66924298740114,34.56021275754623
1995-10-14 00:32:33.030606576,34.935256736282405,35.39709600975097,34.44095071383483,34.66925021520732,34.56022107336443
1995-10-16 00:35:25.865172884,34.93526758086927,35.39706829484985,34.44096198840062,34.66925753209669,34.56022891514793
1995-10-18 00:38:18.699739196,34.93527978868301,35.39704063324508,34.44097328739513,34.6692648696833,34.5602363679947
1995-10-20 00:41:11.534312676,34.93529339550932,35.397013049773676,34.44098461810666,34.66927215526305,34.560243524954224
1995-10-22 00:44:04.368878988,34.93530843505575,35.39698556860344,34.44099598785627,34.66927931181367,34.56025048702752
1995-10-24 00:46:57.203445296,34.93532493895176,35.39695821323293,34.441007403997766,34.66928625799472,34.560257363167096
1995-10-26 00:49:50.038011608,34.93534293674863,35.39693100649149,34.44101887391769,34.66929290814761,34.56026427027701
1995-10-28 00:52:42.872577916,34.93536244336994,35.39690396263585,34.44103040400459,34.669299179033835,34.56027133128702
1995-10-30 00:55:35.707144228,34.93538312939946,35.39687687920561,34.441041972631545,34.66930516666376,34.56027861590829
1995-11-01 00:58:28.541710532,34.93540470294467,35.396849577394605,34.44105356113371,34.66931094611626,34.56028617765325
1995-11-03 01:01:21.376276844,34.9354269920301,35.39682195585548,34.44106515981959,34.669316534335664,34.56029407445381
1995-11-05 01:04:14.210843152,34.93544983894173,35.3967939244256,34.441076759212976,34.669321947534094,34.5603023547478
1995-11-07 01:07:07.045409464,34.93547310022705,35.396765404127116,34.441088350052944,34.66932720119147,34.56031105747903
1995-11-09 01:09:59.879975772,34.935496646695,35.39673632716693,34.441099923293855,34.66933231005556,34.560320212097274
1995-11-11 01:12:52.714542084,34.93552036341602,35.3967066369367,34.441111470105355,34.66933728814192,34.560329838558246
1995-11-13 01:15:45.549115564,34.93554414972201,35.396676288012856,34.44112298187238,34.66934214873391,34.560339947323634
1995-11-15 01:18:38.383681876,34.935567919206356,35.39664524615659,34.441134450195165,34.669346904382714,34.56035053936107
1995-11-17 01:21:31.218248184,34.93559159972392,35.39661348831384,34.44114586688921,34.66935156690733,34.56036160614415
1995-11-19 01:24:24.052814496,34.93561513339104,35.396581002615314,34.44115722398532,34.669356147394566,34.56037312965242
1995-11-21 01:27:16.887380804,34.93563847658552,35.39654778837649,34.441168513729586,34.66936065619902,34.56038508237139
1995-11-23 01:30:09.721947112,34.93566159994666,35.396513856097584,34.44117972858337,34.66936510294313,34.560397427292536
1995-11-25 01:33:02.556513420,34.93568448837523,35.39647922746359,34.44119086122335,34.669369496517135,34.56041011791328
1995-11-27 01:35:55.391079732,34.93570714103347,35.39644393534425,34.44120190454146,34.66937384507907,34.560423098236996
1995-11-29 01:38:48.225646040,34.9357295713451,35.396408023794095,34.44121285164494,34.66937815605481,34.560436302773034
1995-12-01 01:41:41.060212352,34.93575180699533,35.39637154805238,34.44122369585632,34.66938243613801,34.56044965653668
1995-12-03 01:44:33.894778660,34.93577388993082,35.39633457454313,34.44123443071341,34.669386691290164,34.560463075049206
1995-12-05 01:47:26.729344972,34.935795876359734,35.396297180875166,34.441245049969304,34.66939092674055,34.5604764643378
1995-12-07 01:50:19.563918452,34.9358178367517,35.39625945584201,34.441255547592384,34.66939514698628,34.56048972093566
1995-12-09 01:53:12.398484764,34.93583985583783,35.39622149942199,34.44126591776633,34.66939935579227,34.56050273188188
1995-12-11 01:56:05.233051072,34.93586203261069,35.396183422778186,34.441276154890105,34.66940355619124,34.56051537472157
1995-12-13 01:58:58.067617380,34.93588448032437,35.39614534825843,34.44128625357796,34.669407750483735,34.56052751750576
1995-12-15 02:01:50.902183688,34.93590732649438,35.396107409395306,34.44129620865941,34.66941194023809,34.56053901879145
1995-12-17 02:04:43.736750000,34.93593071289774,35.396069750906186,34.4413060151793,34.66941612629047,34.56054972764161
1995-12-19 02:07:36.571316308,34.935954680576295,35.39603240517141,34.44131566081933,34.66942030359685,34.56055955041684
1995-12-21 02:10:29.405882620,34.93597911595107,35.39599530198291,34.441325126543866,34.66942447716149,34.560568565405106
1995-12-23 02:13:22.240448928,34.93600404220892,35.39595856303208,34.44133440469783,34.66942867007953,34.560576830774146
1995-12-25 02:16:15.075015240,34.936029479627386,35.39592230068805,34.44134348664579,34.66943290340856,34.56058440261326
1995-12-27 02:19:07.909581548,34.93605544235194,35.395886614067805,34.441352362530665,34.669437195897395,34.56059133622818
1995-12-29 02:22:00.744147860,34.936081938396,35.395851589036155,34.4413610212737,34.669441563986084,34.560597686141016
1995-12-31 02:24:53.578721340,34.93610896964094,35.39581729820578,34.441369450574484,34.669446021805925,34.560603506090295
1996-01-02 02:32:07.417159669,34.93613653183607,35.395783800937174,34.44137763691095,34.669450581179426,34.56060884903096
1996-01-04 02:42:54.149902873,34.93616461459864,35.3957511433387,34.44138556553936,34.66945525162034,34.560613767134335
1996-01-06 02:53:40.882646077,34.93619320141385,35.39571935826656,34.441393220494334,34.66946004033366,34.56061831178817
1996-01-08 03:04:27.615389281,34.936222269634854,35.3956884653248,34.4414005845888,34.6694649522156,34.5606225335966
1996-01-10 03:15:14.348132484,34.93625179048275,35.39565847086532,34.441407639414045,34.66946998985361,34.56062648238019
1996-01-12 03:26:01.080875688,34.93628172904656,35.395629367987844,34.441414365339696,34.66947515352638,34.56063020717587
1996-01-14 03:36:47.813618892,34.936312044283284,35.39560113653995,34.44142074151372,34.669480441203824,34.56063375623702
1996-01-16 03:47:34.546362096,34.936342689017835,35.39557374311708,34.441426745862394,34.66948584854709,34.560637177033385
1996-01-18 03:58:21.279105299,34.93637360994309,35.395547141062494,34.44143235509038,34.66949136890857,34.560640516251155
1996-01-20 04:09:08.011848503,34.93640474761987,35.39552127046732,34.44143754468064,34.669496993331876,34.56064381979288
1996-01-22 04:19:54.744591707,34.936436036476934,35.3954960581705,34.4414422888945,34.66950271055186,34.560647132777554
1996-01-24 04:30:41.477342101,34.93646740481099,35.39547141775886,34.44144656077161,34.6695085069946,34.56065049954055
1996-01-26 04:41:28.210085305,34.93649877478669,35.39544724956704,34.44145033212996,34.66951436677743,34.560653963633655
1996-01-28 04:52:14.942828509,34.936530062436645,35.395423440677554,34.44145357356589,34.669520271708876,34.560657567825054
1996-01-30 05:03:01.675571712,34.936561177661375,35.395399864920726,34.44145625445406,34.66952620128874,34.56066135409935
1996-02-01 05:13:48.408314916,34.936592024229384,35.39537638287475,34.44145834294749,34.66953213270803,34.56066536365754
1996-02-03 05:24:35.141058120,34.9366224997771,35.39535284186566,34.44145980597753,34.66953804084899,34.560669636917034
1996-02-05 05:35:21.873801323,34.93665249580891,35.39532907596733,34.44146060925385,34.66954389828511,34.560674213511625
1996-02-07 05:46:08.606544527,34.93668189555024,35.39530490557528,34.441460716439074,34.66954967475568,34.56067913323976
1996-02-09 05:56:55.339287731,34.93671036451835,35.395280116360695,34.44146000923716,34.669555285167604,34.560684530200575
1996-02-11 06:07:42.072030935,34.93673784190105,35.39525461195916,34.441458477983076,34.66956070825088,34.560690421626525
1996-02-13 06:18:28.804774139,34.93676448820132,35.395228361262724,34.44145620030158,34.66956597587908,34.56069672990006
1996-02-15 06:29:15.537517342,34.93679045378814,35.39520133992021,34.44145325175294,34.66957111695139,34.56070338405076
1996-02-17 06:40:02.270267736,34.9368158788965,35.3951735303372,34.44144970583296,34.66957615739257,34.56071031975531
1996-02-19 06:50:49.003010940,34.936840893627426,35.39514492167605,34.441445633972926,34.66958112015295,34.56071747933752
1996-02-21 07:01:35.735754144,34.936865617947916,35.39511550985587,34.44144110553965,34.66958602520847,34.560724811768345
1996-02-23 07:12:22.468497348,34.93689016169101,35.39508529755252,34.44143618783546,34.66959088956064,34.56073227266583
1996-02-25 07:23:09.201240552,34.93691462455575,35.39505429419866,34.44143094609817,34.66959572723655,34.56073982429517
1996-02-27 07:33:55.933983755,34.936939096107196,35.39502251598367,34.441425443501146,34.66960054928888,34.560747435568665
1996-02-29 07:44:42.666726959,34.9369636557764,35.394989985853734,34.441419741153226,34.66960536379591,34.56075508204575
1996-03-02 07:55:29.399470163,34.93698837286046,35.39495673351177,34.44141389809879,34.66961017586148,34.560762745932976
1996-03-04 08:06:16.132213366,34.93701330652246,35.39492279541747,34.4414079713177,34.66961498761503,34.56077041608401
1996-03-06 08:17:02.864956570,34.93703850579149,35.3948882147873,34.441402015725366,34.66961979821157,34.56077808799965
1996-03-08 08:27:49.597699774,34.937064009562675,35.39485304159447,34.441396084172666,34.66962460383172,34.56078576382783
1996-03-10 08:38:36.330442978,34.93708984659715,35.394817332568984,34.44139022744602,34.66962939768166,34.56079345236357
1996-03-12 08:49:23.063193372,34.93711603552203,35.39478115119756,34.44138449426736,34.66963416999317,34.56080116904905
1996-03-14 09:00:09.795936575,34.93714258483048,35.394744567723734,34.4413789312941,34.66963890802359,34.560808935973554
1996-03-16 09:10:56.528679779,34.93716949288166,35.39470765914777,34.44137358311921,34.66964359605589,34.560816781873484
1996-03-18 09:21:43.261422982,34.93719674790074,35.39467050922671,34.44136849227113,34.66964821539859,34.56082474213239
1996-03-20 09:32:29.994166187,34.93722432797891,35.39463320847435,34.44136369921384,34.66965274438579,34.560832858780905
1996-03-22 09:43:16.726909391,34.93725220107336,35.39459585416127,34.4413592423468,34.669657158377206,34.56084118049682
1996-03-24 09:54:03.459652594,34.93728032500731,35.39455855031478,34.44135515800502,34.6696614297581,34.56084976260503
1996-03-26 10:04:50.192395798,34.93730864746997,35.39452140771898,34.44135148045899,34.66966552793936,34.56085866707757
1996-03-28 10:15:36.925139002,34.93733710601658,35.39448454391474,34.44134824191473,34.66966941935742,34.560867962533564
1996-03-30 10:26:23.657882205,34.93736550803422,35.39444804032572,34.44134542589937,34.669673037906215,34.56087778137193
1996-04-01 10:37:10.390625409,34.93739344160266,35.39441192357009,34.44134293574674,34.66967626319296,34.56088836148373
1996-04-03 10:47:57.123368613,34.937420645540676,35.394376276240955,34.441340731034074,34.66967901601957,34.560899859617436
1996-04-05 10:58:43.856119007,34.9374468937419,35.39434117634917,34.441338777030616,34.66968123188147,34.56091240173062
1996-04-07 11:09:30.588862211,34.937471991285506,35.3943066957587,34.44133704313804,34.66968286002314,34.56092608480969
1996-04-09 11:20:17.321605414,34.937495774436215,35.394272900186586,34.44133550289044,34.66968386343809,34.56094097686983
1996-04-11 11:31:04.054348618,34.937518110644284,35.39423984920297,34.441334133954335,34.6696842188689,34.5609571169551
1996-04-13 11:41:50.787091821,34.9375388985455,35.39420759623108,34.44133291812865,34.6696839168072,34.560974515138334
1996-04-15 11:52:37.519835026,34.9375580679612,35.394176188547235,34.44133184134476,34.669682961493656,34.56099315252121
1996-04-17 12:03:24.252578228,34.93757557989825,35.39414566728087,34.44133089366645,34.66968137091798,34.56101298123423
1996-04-19 12:14:10.985321432,34.937591426549076,35.39411606741447,34.44133006928993,34.669679176818946,34.561033924436686
1996-04-21 12:24:57.718064636,34.93760563129162,35.394087417783666,34.44132936654384,34.66967642468437,34.561055876316715
1996-04-23 12:35:44.450807842,34.93761824868936,35.39405974107713,34.44132878788922,34.669673173751114,34.561078702091265
1996-04-25 12:46:31.183551046,34.93762936449134,35.39403305383666,34.44132833991956,34.66966949700509,34.56110223800612
1996-04-27 12:57:17.916301438,34.937639095632136,35.394007366457124,34.441328033360755,34.66966548118125,34.56112629133586
1996-04-29 13:08:04.649044642,34.93764759023183,35.393982683186515,34.441327883071146,34.669661226763616,34.56115064038389
1996-05-01 13:18:51.381787846,34.93765502759609,35.39395900212588,34.441327908041465,34.66965684798523,34.56117503448246
1996-05-03 13:29:38.114531050,34.937661618216076,35.39393631522938,34.4413281313949,34.66965247282822,34.5611991939926
1996-05-05 13:40:24.847274254,34.93766760376854,35.39391460830427,34.44132858038704,34.669648243023715,34.56122281030419
1996-05-07 13:51:11.580017456,34.937673257115726,35.393893861010895,34.441329286405896,34.669644314051936,34.56124554583591
1996-05-09 14:01:58.312760660,34.93767888230545,35.39387404686268,34.441330284971926,34.66964085514212,34.561267034035275
1996-05-11 14:12:45.045503864,34.93768479605812,35.39385513447649,34.441331610642905,34.66963804868988,34.56128687930739
1996-05-13 14:23:31.778247068,34.93769110511026,35.393837105549174,34.44133326313564,34.66963599130314,34.56130487491407
1996-05-15 14:34:18.510990272,34.93769780056691,35.39381995048054,34.44133525189963,34.66963463449664,34.56132115149431
1996-05-17 14:45:05.243733474,34.937704874205934,35.39380365635462,34.44133758930733,34.66963391875811,34.56133586724782
1996-05-19 14:55:51.976476680,34.93771231366285,35.39378820691821,34.44134028609688,34.669633784249015,34.56134918209668
1996-05-21 15:06:38.709227074,34.93772010243085,35.39377358258092,34.441343351372154,34.669634170804535,34.56136125768534
1996-05-23 15:17:25.441970278,34.937728219860816,35.39375976041513,34.44134679260273,34.669635017933565,34.56137225738066
1996-05-25 15:28:12.174713482,34.93773664116126,35.39374671415602,34.4413506156239,34.66963626481874,34.56138234627184
1996-05-27 15:38:58.907456684,34.9377453373984,35.393734414201546,34.44135482463667,34.66963785031641,34.56139169117048
1996-05-29 15:49:45.640199888,34.93775427549609,35.39372282761244,34.44135942220775,34.66963971295664,34.561400460610535
1996-05-31 16:00:32.372943092,34.93776341823589,35.393711918112245,34.44136440926958,34.66964179094322,34.561408824848364
1996-06-02 16:11:19.105686296,34.937772724256995,35.393701646087266,34.44136978512031,34.66964402215367,34.56141695586269
1996-06-04 16:22:05.838429500,34.937782148056286,35.393691968586616,34.44137554742378,34.669646344139224,34.56142502735461
1996-06-06 16:32:52.571172704,34.937791639988305,35.39368283932217,34.44138169220958,34.669648694124845,34.56143321474761
1996-06-08 16:43:39.303915906,34.93780114626528,35.3936742086686,34.441388213872976,34.669651009009215,34.561441695187526
1996-06-10 16:54:26.036659110,34.93781060895708,35.39366602366338,34.44139510517497,34.66965322536474,34.56145064754261
1996-06-12 17:05:12.769402314,34.93781996599126,35.393658228006736,34.441402357242275,34.66965527943755,34.561460252403464
1996-06-14 17:15:59.502152710,34.93782915115305,35.39365076206171,34.4414099595673,34.66965710714749,34.56147069208307
1996-06-16 17:26:46.234895912,34.937838094085336,35.39364356285412,34.441417900008204,34.66965864408814,34.561482150616804
1996-06-18 17:37:32.967639116,34.93784672028868,35.393636564072565,34.44142616478881,34.66965982552678,34.5614948137624
1996-06-20 17:48:19.700382320,34.93785495112131,35.39362969606844,34.44143473849869,34.66966058640443,34.56150886899997
1996-06-22 17:59:06.433125524,34.937862704719244,35.393622886703966,34.4414436043306,34.66966086169187,34.561524503851395
1996-06-24 18:09:53.165868728,34.937869998749825,35.39361609931384,34.44145275702382,34.66966065513255,34.56154170411353
1996-06-26 18:20:39.898611932,34.93787695105871,35.39360922388419,34.44146217682468,34.66966009539054,34.56156022551768
1996-06-28 18:31:26.631355134,34.93788365826397,35.39360211909108,34.44147183494871,34.66965931045271,34.56157985369729
1996-06-30 18:42:13.364098338,34.93789020859029,35.39359465845213,34.44148170510188,34.66965841506327,34.56160038926701
1996-07-02 18:53:00.096841542,34.937896681868985,35.393586730326525,34.441491763480606,34.66965751072372,34.56162164782268
1996-07-04 19:03:46.829584746,34.93790314953799,35.393578237915015,34.44150198877175,34.66965668569285,34.56164345994142
1996-07-06 19:14:33.562327950,34.937909674641844,35.3935690992599,34.441512362152615,34.669656014986764,34.56166567118152
1996-07-08 19:25:20.295078344,34.937916311831735,35.39355924724506,34.44152286729095,34.66965556037888,34.56168814208251
1996-07-10 19:36:07.027821548,34.93792310736545,35.39354862959591,34.441533490344945,34.66965537039988,34.56171074816512
1996-07-12 19:46:53.760564752,34.9379300991074,35.39353720887947,34.44154421996325,34.669655480337795,34.561733379931304
1996-07-14 19:57:40.493307956,34.93793731652862,35.39352496250429,34.44155504728493,34.669655912237914,34.56175594286425
1996-07-16 20:08:27.226051160,34.937944780706765,35.393511882720475,34.44156596593952,34.66965667490285,34.56177835742836
1996-07-18 20:19:13.958794362,34.937952504326105,35.39349797661972,34.44157697204698,34.66965776389252,34.561800559069226
1996-07-20 20:30:00.691537566,34.93796049167754,35.39348326613526,34.44158806421774,34.669659161524145,34.56182249821369
1996-07-22 20:40:47.424280770,34.93796873865859,35.39346778804191,34.44159924355265,34.669660836872225,34.56184414026979
1996-07-24 20:51:34.157023974,34.93797723277338,35.39345159395603,34.44161051364302,34.66966274576858,34.56186546562681
1996-07-26 21:02:20.889767178,34.937985953132674,35.39343475033556,34.44162188057059,34.66966483080233,34.56188646965523
1996-07-28 21:13:07.622510380,34.93799487045384,35.39341733847997,34.44163335290755,34.6696670213199,34.561907162706746
1996-07-30 21:23:54.355253584,34.93800394706089,35.39339945453034,34.44164494171655,34.66966923342501,34.56192757011428
1996-08-01 21:34:41.088003980,34.938013136884436,35.39338120946927,34.44165666055065,34.66967136997867,34.561947732191975
1996-08-03 21:45:27.820747180,34.93802238546171,35.393362729120945,34.44166852545339,34.66967332059922,34.56196770423519
1996-08-05 21:56:14.553490384,34.93803162993657,35.3933441541511,34.44168055495874,34.66967496166229,34.561987556520485
1996-08-07 22:07:01.286233588,34.938040834804255,35.3933258401432,34.441692811302666,34.669675926238334,34.56200747132787
1996-08-09 22:17:48.018976792,34.938049973433195,35.39330797688783,34.44170532471056,34.669676022879,34.56202754355069
1996-08-11 22:28:34.751719996,34.93805899381734,35.3932904638339,34.44171806698445,34.66967538438257,34.5620477219107
1996-08-13 22:39:21.484463200,34.9380678503265,35.39327320497834,34.44173101106592,34.669674137051274,34.56206795753705
1996-08-15 22:50:08.217206404,34.93807650370708,35.39325610887182,34.44174413103734,34.66967240068489,34.56208820396911
1996-08-17 23:00:54.949949608,34.938084921082094,35.39323908861867,34.441757402121794,34.66967028858075,34.56210841715651
1996-08-19 23:11:41.682692812,34.93809307595116,35.39322206187698,34.44177080068314,34.669667907533714,34.56212855545907
1996-08-21 23:22:28.415436020,34.9381009481905,35.393204950858504,34.44178430422597,34.66966535783621,34.56214857964689
1996-08-23 23:33:15.148179220,34.93810852405295,35.39318768232871,34.44179789139562,34.66966273327821,34.56216845290026
1996-08-25 23:44:01.880929616,34.93811579616794,35.39317018760677,34.4418115419782,34.66966012114721,34.562188140809724
1996-08-27 23:54:48.613672820,34.938122763541514,35.39315240256559,34.44182523690052,34.66965760222828,34.56220761137606
1996-08-30 00:05:35.346416024,34.93812943155631,35.39313426763173,34.44183895823018,34.66965525080401,34.56222683501026
1996-09-01 00:16:22.079159228,34.93813581197159,35.393115727785506,34.4418526891755,34.669653134654574,34.562245784533566
1996-09-03 00:27:08.811902428,34.9381419229232,35.3930967325609,34.44186641408556,34.66965131505765,34.56226443517743
1996-09-05 00:37:55.544645632,34.9381477889236,35.39307723604562,34.44188011845019,34.66964984678849,34.56228276458357
1996-09-07 00:48:42.277388836,34.93815344086186,35.39305719688108,34.44189378889996,34.66964877811988,34.56230075280389
1996-09-09 00:59:29.010132040,34.93815891600365,35.39303657826239,34.44190741320618,34.66964815082215,34.56231838230057
1996-09-11 01:10:15.742875244,34.93816425799125,35.393015347938366,34.44192098028093,34.66964800016319,34.562335637945985
1996-09-13 01:21:02.475618448,34.93816951684353,35.39299347821153,34.44193448017702,34.669648354908425,34.56235250702277
1996-09-15 01:31:49.208361652,34.93817474895599,35.392970945938124,34.441947904087996,34.66964923732083,34.56236897922377
1996-09-17 01:42:35.941104856,34.93818001710071,35.39294773252807,34.44196124434818,34.66965066316094,34.56238504665208
1996-09-19 01:53:22.673855248,34.9381853904264,35.39292382394501,34.44197449443262,34.669652641686795,34.562400703821005
1996-09-21 02:04:09.406598452,34.93819094445835,35.3928992107063,34.44198764895712,34.66965517565402,34.56241594765411
1996-09-23 02:14:56.139341656,34.938196761098474,35.39287388788298,34.442000703678225,34.66965826131579,34.562430777485154
1996-09-25 02:25:42.872084860,34.93820292862529,35.3928478550998,34.44201365549324,34.669661888422795,34.56244519505817
1996-09-27 02:36:29.604828064,34.93820954169391,35.392821116535245,34.4420265024402,34.669666040223284,34.562459204527386
1996-09-29 02:47:16.337571268,34.93821670133605,35.39279368092146,34.4420392436979,34.66967069346307,34.56247281245728
1996-10-01 02:58:03.070314472,34.93822451496005,35.39276556154431,34.44205187958587,34.669675818385485,34.562486027822565
1996-10-03 03:08:49.803057676,34.938233096350835,35.392736776243396,34.442064411564395,34.66968137873143,34.56249886200817
1996-10-05 03:19:36.535800876,34.93824265228538,35.3927075528524,34.4420768726418,34.66968712876263,34.562511415945536
1996-10-07 03:30:23.268544080,34.938253373942985,35.39267822883966,34.442089318769966,34.66969270303518,34.562523846532734
1996-10-09 03:41:10.001287284,34.93826527220503,35.39264882628799,34.44210176314022,34.66969804335947,34.562536181994275
1996-10-11 03:51:56.734030488,34.938278350483095,35.39261936153002,34.44211421739624,34.669703101056506,34.56254844641944
1996-10-13 04:02:43.466780888,34.93829260641187,35.39258984860602,34.442126692121384,34.66970783358282,34.56256066119321
1996-10-15 04:13:30.199524088,34.938308031849154,35.39256029926388,34.44213919683873,34.66971220453037,34.56257284499626
1996-10-17 04:24:16.932267292,34.93832461287586,35.3925307229591,34.44215174001104,34.66971618362663,34.56258501380495
1996-10-19 04:35:03.665010496,34.93834232979602,35.392501126854825,34.44216432904078,34.66971974673453,34.56259718089134
1996-10-21 04:45:50.397753700,34.938361157136775,35.39247151582182,34.442176970270125,34.66972287585247,34.56260935682318
1996-10-23 04:56:37.130496904,34.93838106364838,35.39244189243847,34.44218966898093,34.66972555911435,34.562621549463934
1996-10-25 05:07:23.863240108,34.93840201230421,35.39241225699079,34.44220242939477,34.669727790789516,34.56263376397274
1996-10-27 05:18:10.595983312,34.93842396030074,35.39238260747242,34.4422152546729,34.66972957128281,34.56264600280444
1996-10-29 05:28:57.328726516,34.93844685905758,35.392352939584626,34.44222814691631,34.66973090713455,34.56265826570957
1996-10-31 05:39:44.061469720,34.938470654217426,35.3923232467363,34.44224110716563,34.66973181102052,34.56267054973435
1996-11-02 05:50:30.794212924,34.938495285646106,35.39229352004394,34.44225413540124,34.669732301751985,34.562682849220714
1996-11-04 06:01:17.526963316,34.938520687432565,35.392263748331715,34.442267230543216,34.669732404275685,34.56269515580628
1996-11-06 06:12:04.259706520,34.93854678788885,35.392233918131375,34.44228039045131,34.669732149673834,34.56270745842436
1996-11-08 06:22:50.992449724,34.93857350955014,35.39220401368231,34.44229361192498,34.669731575164136,34.56271974330396
1996-11-10 06:33:37.725192928,34.93860076917469,35.39217401693154,34.44230689070339,34.66973072409974,34.56273199396979
1996-11-12 06:44:24.457936132,34.938628477743904,35.392143907533715,34.442320221465415,34.669729645969305,34.56274419124224
1996-11-14 06:55:11.190679336,34.9386565404623,35.392113662851095,34.4423335978296,34.66972839639694,34.56275631323741
1996-11-16 07:05:57.923422536,34.938684856757476,35.39208325795357,34.442347012354226,34.66972703714225,34.562768335367075
1996-11-18 07:16:44.656165740,34.938713320280186,35.39205266561867,34.44236045653723,34.6697256361003,34.56278023033874
1996-11-20 07:27:31.388908944,34.938741818904276,35.39202185633153,34.44237392081629,34.669724267301646,34.56279196815556
1996-11-22 07:38:18.121652148,34.9387702347267,35.39199079828493,34.442387394568755,34.6697230109123,34.56280351611642
1996-11-24 07:49:04.854395352,34.93879844406752,35.391959457379244,34.44240086611169,34.66972195323376,34.56281483881588
1996-11-26 07:59:51.587138556,34.93882631746995,35.391927797222515,34.44241432270186,34.669721186703015,34.56282589814421
1996-11-28 08:10:38.319888948,34.938853727730034,35.39189580229994,34.442427759463826,34.66972078067557,34.562836672165524
1996-11-30 08:21:25.052632152,34.938880636357155,35.391863600472036,34.44244120449415,34.66972066083839,34.562847217270836
1996-12-02 08:32:11.785375360,34.93890705627322,35.39183128391595,34.44245464082044,34.669720843634416,34.562857509800075
1996-12-04 08:42:58.518118564,34.93893300283412,35.39179892817788,34.442468044469194,34.669721360777935,34.56286751635204
1996-12-06 08:53:45.250861768,34.93895849442891,35.39176660492754,34.44248139141205,34.669722239882155,34.56287720773543
1996-12-08 09:04:31.983604972,34.93898355247987,35.391734381958116,34.442494657565824,34.66972350445924,34.56288655896885
1996-12-10 09:15:18.716348176,34.939008201442455,35.391702323186294,34.44250781879248,34.66972517392032,34.562895549280796
1996-12-12 09:26:05.449091380,34.93903246880534,35.39167048865225,34.44252085089914,34.66972726357546,34.56290416210967
1996-12-14 09:36:52.181834584,34.93905638509038,35.39163893451966,34.442533729638086,34.669729784633695,34.56291238510378
1996-12-16 09:47:38.914577784,34.93907998385265,35.391607713075686,34.442546430706756,34.66973274420301,34.56292021012133
1996-12-18 09:58:25.647320988,34.93910330168038,35.39157687273097,34.44255892974774,34.66973614529034,34.562927633230416
1996-12-20 10:09:12.380064192,34.93912637819505,35.39154645801966,34.44257120234881,34.66973998680157,34.56293465470905
1996-12-22 10:19:59.112814588,34.939149256051294,35.391516509599406,34.442583224042856,34.66974426354154,34.56294127904514
1996-12-24 10:30:45.845557792,34.93917198093697,35.39148706425133,34.44259497030797,34.66974896621405,34.56294751493649
1996-12-26 10:41:32.578300992,34.939194601573114,35.39145815488005,34.442606416567365,34.66975408142186,34.5629533752908
1996-12-28 10:52:19.311044196,34.93921716971398,35.391429810513685,34.44261753818943,34.66975959166665,34.5629588772257
1996-12-30 11:03:06.043787400,34.939239740146995,35.39140205630384,34.44262831048771,34.66976547534909,34.562964042068664
1997-01-01 11:12:02.304463581,34.9392623706928,35.39137491352562,34.442638708720914,34.669771706768785,34.56296889535713
1997-01-03 11:14:55.139029891,34.939285122205234,35.3913483995776,34.44264870809289,34.669778256124296,34.5629734668384
1997-01-05 11:17:47.973596201,34.939308058571335,35.391322527981885,34.442658283752664,34.66978508951314,34.56297779046968
1997-01-07 11:20:40.808162510,34.93933124671132,35.39129730838404,34.4426674107944,34.66979216893179,34.56298190441808
1997-01-09 11:23:33.642728820,34.939354756578616,35.39127274655313,34.44267606425744,34.66979945227566,34.562985851060624
1997-01-11 11:26:26.477295130,34.93937866115985,35.391248844381714,34.44268421912627,34.669806893339135,34.562989676984216
1997-01-13 11:29:19.311861440,34.93940303647485,35.39122559988584,34.44269185033055,34.66981444181555,34.562993432985664
1997-01-15 11:32:12.146434920,34.93942796157663,35.391203007205064,34.44269893274507,34.66982204329716,34.56299717407169
1997-01-17 11:35:04.981001230,34.93945351855139,35.39118105660242,34.442705441189794,34.66982963927523,34.56300095945891
1997-01-19 11:37:57.815567539,34.93947979251856,35.39115973446443,34.44271135042986,34.66983716713993,34.56300485257383
1997-01-21 11:40:50.650133849,34.939506871630755,35.391139023301115,34.442716635175536,34.669844560180415,34.56300892105288
1997-01-23 11:43:43.484700159,34.939534815831784,35.39111890282034,34.44272127821758,34.66985176607233,34.56301321866567
1997-01-25 11:46:36.319266469,34.939563446099854,35.39109930937202,34.44272532440978,34.669858776554136,34.56301779284517
1997-01-27 11:49:29.153832779,34.93959260088801,35.391080108688044,34.44272881355745,34.669865439079324,34.56302288292657
1997-01-29 11:52:21.988399088,34.939622144565796,35.39106116998139,34.442731779626456,34.66987159977561,34.56302872347259
1997-01-31 11:55:14.822965398,34.93965194775863,35.39104237200306,34.4427342559642,34.669877125779685,34.563035518320504
1997-02-02 11:58:07.657531708,34.93968188734779,35.39102360304208,34.44273627529966,34.669881905237204,34.56304344058206
1997-02-04 12:01:00.492098018,34.93971184647046,35.39100476092553,34.4427378697434,34.669885847302815,34.563052632643505
1997-02-06 12:03:53.326664327,34.939741714519684,35.39098575301853,34.44273907078754,34.66988888214013,34.563063206165616
1997-02-08 12:06:46.161237808,34.939771387144404,35.39096649622422,34.442739909305786,34.66989096092173,34.56307524208364
1997-02-10 12:09:38.995804117,34.939800766249405,35.39094691698378,34.4427404155534,34.66989205582917,34.56308879060735
1997-02-12 12:12:31.830370427,34.93982975999539,35.39092695127643,34.44274061916723,34.669892160053,34.56310387122102
1997-02-14 12:15:24.664936737,34.939858282798916,35.390906544619405,34.442740549165684,34.669891287792716,34.563120472683394
1997-02-16 12:18:17.499503046,34.93988625533243,35.39088565206801,34.44274023394875,34.669889474256806,34.56313855302777
1997-02-18 12:21:10.334069357,34.93991360452426,35.390864238215556,34.442739701297974,34.66988677566272,34.5631580395619
1997-02-20 12:24:03.168635666,34.93994026355858,35.3908422771934,34.4427389783765,34.669883269236884,34.56317882886807
1997-02-22 12:26:56.003201976,34.9399661718755,35.39081975267094,34.442738091729005,34.669879053214714,34.56320078680305
1997-02-24 12:29:48.837768286,34.93999127517096,35.39079665785561,34.44273706728178,34.669874246840585,34.56322374849813
1997-02-26 12:32:41.672334596,34.940015525396795,35.39077299549286,34.44273593034266,34.66986899036784,34.563247518359084
1997-02-28 12:35:34.506900906,34.940038880760724,35.3907487778662,34.44273470560105,34.66986344505881,34.5632718700662
1997-03-02 12:38:27.341467215,34.940061305726346,35.39072402679715,34.44273341712794,34.669857793184796,34.56329654657427
1997-03-04 12:41:20.176040695,34.940082771013124,35.3906987736453,34.44273208837589,34.66985223802607,34.56332126011257
1997-03-06 12:44:13.010607005,34.940103253596405,35.390673059308234,34.44273074217902,34.66984700387188,34.5633456921849
1997-03-08 12:47:05.845173315,34.94012273670743,35.3906469342216,34.442729400753045,34.669842336020444,34.56336949356956
1997-03-10 12:49:58.679739624,34.940141153943785,35.39062040885633,34.44272808725071,34.66983851760908,34.563392305531934
1997-03-12 12:52:51.514305934,34.940158395009874,35.39059342613301,34.44272682366614,34.66983571452451,34.56341397232034
1997-03-14 12:55:44.348872244,34.94017459633615,35.39056611207998,34.442725622547925,34.66983385501765,34.56343447643149
1997-03-16 12:58:37.183438553,34.94018990333671,35.39053859834578,34.442724495711204,34.66983285582323,34.56345381223987
1997-03-18 13:01:30.018004864,34.940204453732576,35.390511008664014,34.442723454778175,34.66983263296498,34.56347198422503
1997-03-20 13:04:22.852571174,34.940218377551695,35.39048345885333,34.44272251117808,34.66983310175567,34.563489006971636
1997-03-22 13:07:15.687137484,34.94023179712893,35.39045605681746,34.44272167614721,34.66983417679707,34.56350490516941
1997-03-24 13:10:08.521703793,34.94024482710605,35.39042890254518,34.44272096072889,34.669835771979955,34.56351971361317
1997-03-26 13:13:01.356270103,34.940257574431755,35.39040208811033,34.442720375773504,34.669837800484146,34.56353347720282
1997-03-28 13:15:54.190843583,34.94027013836166,35.390375697671786,34.44271993193848,34.66984017477846,34.56354625094333
1997-03-30 13:18:47.025409892,34.9402826104583,35.390349807473534,34.44271963968827,34.669842806620736,34.56355809994479
1997-04-01 13:21:39.859976202,34.94029507459111,35.390324485844566,34.4427195092944,34.66984560705784,34.56356909942235
1997-04-03 13:24:32.694542512,34.94030760693648,35.390299793198956,34.44271955083543,34.669848486425636,34.563579334696236
1997-04-05 13:27:25.529108822,34.940320275977676,35.39027578203585,34.44271977419695,34.669851354349014,34.56358890119178
1997-04-07 13:30:18.363675131,34.94033314250491,35.390252496939425,34.442720189071636,34.66985411974188,34.56359790443937
1997-04-09 13:33:11.198241441,34.94034625961531,35.39022997457893,34.442720804959166,34.66985669080715,34.56360646007452
1997-04-11 13:36:04.032807751,34.9403596727129,35.390208243708685,34.442721631166286,34.66985897503678,34.563614693837785
1997-04-13 13:38:56.867374061,34.94037341950865,35.39018732516805,34.442722676806774,34.66986087921171,34.563622741574825
1997-04-15 13:41:49.701940370,34.94038753002044,35.39016723188145,34.44272395080147,34.66986230940192,34.56363074923639
1997-04-17 13:44:42.536506680,34.94040202657305,35.39014796885837,34.442725461878254,34.6698631709664,34.5636388728783
1997-04-19 13:47:35.371072990,34.940416923798196,35.39012953319336,34.442727218572045,34.669863368553145,34.56364727866147
1997-04-21 13:50:28.205646470,34.940432228634506,35.39011191406602,34.4427292292248,34.66986280609919,34.56365614285188
1997-04-23 13:53:21.040212780,34.94044794032753,35.39009509274101,34.44273150198555,34.66986138683056,34.56366565182063
1997-04-25 13:56:13.874779090,34.94046401876496,35.39007902732836,34.44273404563992,34.669859098718135,34.56367589584488
1997-04-27 13:59:06.709345400,34.94048023310246,35.39006354398007,34.442736876872395,34.66985615477246,34.56368680875347
1997-04-29 14:01:59.543911710,34.94049630560242,35.39004842185915,34.442740015040584,34.66985272270771,34.56369845394429
1997-05-01 14:04:52.378478018,34.9405119884906,35.39003346176718,34.44274347725374,34.6698489537754,34.56371088821894
1997-05-03 14:07:45.213044328,34.94052706406563,35.39001848653024,34.44274727833929,34.669844984956036,34.56372415800249
1997-05-05 14:10:38.047610638,34.94054134469906,35.39000334099884,34.44275143084287,34.66984093895912,34.56373829934353
1997-05-07 14:13:30.882176948,34.94055467283533,35.389987892047984,34.44275594502827,34.66983692422316,34.56375333791409
1997-05-09 14:16:23.716743258,34.940566920991806,35.38997202857713,34.44276082887749,34.669833034915655,34.56376928900976
1997-05-11 14:19:16.551309568,34.940577991758715,35.38995566151021,34.442766088090714,34.66982935093309,34.56378615754957
1997-05-13 14:22:09.385883048,34.940587817799205,35.38993872379562,34.4427717260863,34.66982593790096,34.56380393807608
1997-05-15 14:25:02.220449358,34.940596361849316,35.38992117040625,34.44277774400079,34.66982284717375,34.56382261475531
1997-05-17 14:27:55.055015668,34.940603616717986,35.3899029783394,34.44278414068893,34.66982011583493,34.5638421613768
1997-05-19 14:30:47.889581978,34.94060960528706,35.3898841466169,34.44279091272363,34.669817766696994,34.56386254135356
1997-05-21 14:33:40.724148286,34.94061438051128,35.38986469628502,34.44279805439599,34.66981580830141,34.56388370772211
1997-05-23 14:36:33.558714596,34.940618025418274,35.38984467041448,34.44280555771531,34.66981423491864,34.563905603142466
1997-05-25 14:39:26.393280906,34.94062065310859,35.38982413410051,34.44281341240905,34.669813026548155,34.56392815989812
1997-05-27 14:42:19.227847216,34.94062240675565,35.38980317446278,34.44282160592289,34.66981214891841,34.56395129989607
1997-05-29 14:45:12.062413526,34.9406234596058,35.38978190064542,34.44283012342065,34.66981155348687,34.563974934666795
1997-05-31 14:48:04.896979836,34.94062401497828,35.38976044381705,34.442838947784374,34.66981117743999,34.56399896536428
1997-06-02 14:50:57.731546144,34.940624306265214,35.38973895717076,34.44284805961427,34.6698109436932,34.56402328276599
1997-06-04 14:53:50.566112454,34.940624596931634,35.38971761592409,34.442857437228746,34.66981076089096,34.564047767272896
1997-06-06 14:56:43.400685936,34.94062518051547,35.38969661731905,34.442867056664376,34.66981052340671,34.56407228890946
1997-06-08 14:59:36.235252246,34.94062638062756,35.38967618062213,34.44287689167594,34.66981011134288,34.56409670732363
1997-06-10 15:02:29.069818554,34.940628555109605,35.3896565493203,34.44288691823954,34.669809421397986,34.56412084672813
1997-06-12 15:05:21.904384864,34.9406319273504,35.3896378677655,34.44289713199444,34.669808476490076,34.564144530840565
1997-06-14 15:08:14.738951174,34.94063646398743,35.38962009939338,34.44290751616969,34.66980720099854,34.56416782742369
1997-06-16 15:11:07.573517484,34.94064211158342,35.389603193681324,34.442918052835346,34.66980551010732,34.56419082391696
1997-06-18 15:14:00.408083794,34.940648813261895,35.38958709758945,34.442928725411846,34.66980332777696,34.56421360324046
1997-06-20 15:16:53.242650104,34.94065650870721,35.38957175556064,34.44293951866999,34.66980058674464,34.564236243794966
1997-06-22 15:19:46.077216414,34.94066513416448,35.389557109520524,34.442950418730916,34.66979722852416,34.56425881946186
1997-06-24 15:22:38.911782722,34.940674622439694,35.3895430988775,34.442961413066165,34.66979320340592,34.56428139960321
1997-06-26 15:25:31.746349032,34.940684902899584,35.38952966052272,34.442972490497596,34.669788470456936,34.56430404906171
1997-06-28 15:28:24.580915344,34.94069590147171,35.38951672883006,34.44298364119746,34.669782997520855,34.56432682816073
1997-06-30 15:31:17.415488824,34.94070754064446,35.3895042356562,34.442994856688344,34.66977676121793,34.56434979270428
1997-07-02 15:34:10.250055132,34.940719739466985,35.38949211034052,34.44300612984322,34.66976974694503,34.56437299397701
1997-07-04 15:37:03.084621442,34.94073241354928,35.3894802797052,34.44301745488541,34.66976194887564,34.56439647874423
1997-07-06 15:39:55.919187752,34.94074547506212,35.38946866805514,34.44302882738858,34.669753369959864,34.56442028925191
1997-07-08 15:42:48.753754062,34.94075883273711,35.38945719717802,34.443040244276794,34.66974402192442,34.564444463226664
1997-07-10 15:45:41.588320372,34.94077239186664,35.389445786344254,34.44305170382445,34.66973392527265,34.56446903387575
1997-07-12 15:48:34.422886682,34.9407860543039,35.38943435230702,34.44306320565632,34.669723109284504,34.56449402988709
1997-07-14 15:51:27.257452990,34.94079971846291,35.38942280930226,34.44307475074753,34.66971161201655,34.56451947542926
1997-07-16 15:54:20.092019300,34.94081327931849,35.38941106904864,34.44308634142355,34.669699480301965,34.56454539015146
1997-07-18 15:57:12.926585610,34.940826628406256,35.38939904074761,34.44309798136026,34.669686769750555,34.56457178918357
1997-07-20 16:00:05.761151922,34.94083965382263,35.38938663108337,34.443109675583855,34.66967354474873,34.56459868313611
1997-07-22 16:02:58.595718232,34.94085224022484,35.38937374422285,34.4431214304709,34.66965987845954,34.56462607810026
1997-07-24 16:05:51.430291712,34.94086426883093,35.38936028181576,34.44313325374835,34.66964585282262,34.56465397564784
1997-07-26 16:08:44.264858022,34.94087561741974,35.389346142994555,34.44314515449348,34.66963155855423,34.56468237283133
1997-07-28 16:11:37.099424328,34.940886160330926,35.389331224374445,34.44315714313395,34.66961709514726,34.56471126218384
1997-07-30 16:14:29.933990640,34.940895800483055,35.38931544977481,34.44316923638578,34.66960260023318,34.564740578864104
1997-08-01 16:17:22.768556948,34.94090459289334,35.389298865768524,34.44318146467953,34.669588300297995,34.56477006852716
1997-08-03 16:20:15.603123260,34.94091255706031,35.38928146215854,34.4431938380567,34.66957430903085,34.56479962807807
1997-08-05 16:23:08.437689568,34.94091970712297,35.38926322235977,34.44320636303262,34.6695607193902,34.5648291798322
1997-08-07 16:26:01.272255880,34.94092606126664,35.389244133225006,34.443219044671004,34.669547615547664,34.56485865211635
1997-08-09 16:28:54.106822188,34.940931641722834,35.389224185044924,34.44323188658394,34.66953507288809,34.56488797926876
1997-08-11 16:31:46.941388500,34.940936474769366,35.38920337154811,34.44324489093187,34.6695231580095,34.56491710163913
1997-08-13 16:34:39.775954808,34.94094059073029,35.389181689901065,34.44325805842363,34.66951192872312,34.564945965588606
1997-08-15 16:37:32.610521120,34.940944023975916,35.389159140708145,34.44327138831642,34.66950143405339,34.564974523489774
1997-08-17 16:40:25.445094596,34.94094681292281,35.389135728011645,34.443284878415795,34.66949171423792,34.565002733726665
1997-08-19 16:43:18.279660908,34.9409490000338,35.38911145929174,34.44329852507571,34.66948280072754,34.56503056069477
1997-08-21 16:46:11.114227216,34.94095063181797,35.38908634546649,34.44331232319846,34.669474716186286,34.56505797480103
1997-08-23 16:49:03.948793528,34.94095175883065,35.389060400891864,34.443326266234735,34.669467474491356,34.5650849524638
1997-08-25 16:51:56.783359836,34.940952435673445,35.389033643361735,34.44334034618359,34.66946108073317,34.565111476112925
1997-08-27 16:54:49.617926148,34.940952720994204,35.38900609410786,34.44335455359244,34.669455531215355,34.565137534189674
1997-08-29 16:57:42.452492456,34.94095267748704,35.3889777777999,34.443368877557084,34.669450813454716,34.56516312114676
1997-08-31 17:00:35.287058768,34.94095237189231,35.388948722545415,34.44338330572169,34.669446906181264,34.56518823744835
1997-09-02 17:03:28.121625076,34.940951874996635,35.38891895988986,34.44339782427879,34.66944377933821,34.56521288957008
1997-09-04 17:06:20.956191388,34.9409512616329,35.38888852481657,34.44341241796929,34.669441394081964,34.56523708999898
1997-09-06 17:09:13.790757696,34.94095061068023,35.38885745574681,34.443427070082485,34.66943970278213,34.565260857233575
1997-09-08 17:12:06.625324008,34.940950005064025,35.38882579453971,34.443441762456004,34.66943864902151,34.56528421578383
1997-09-10 17:14:59.459897484,34.94094953175593,35.388793586492326,34.443456475475884,34.669438167596105,34.565307196171126
1997-09-12 17:17:52.294463796,34.940949281773854,35.38876088033959,34.44347118807651,34.66943818451512,34.565329834928335
1997-09-14 17:20:45.129030104,34.94094935018195,35.38872772825434,34.44348587774064,34.66943861700094,34.56535217459974
1997-09-16 17:23:37.963596416,34.940949836090645,35.3886941858473,34.44350052049943,34.669439373489176,34.56537426374109
1997-09-18 17:26:30.798162724,34.940950842656605,35.38866031216711,34.44351509093236,34.669440353628616,34.565396156919576
1997-09-20 17:29:23.632729036,34.94095247708277,35.3886261697003,34.44352956216732,34.66944144828125,34.56541791471384
1997-09-22 17:32:16.467295344,34.940954784803786,35.38859178950015,34.44354392574257,34.66944263274661,34.56543953958967
1997-09-24 17:35:09.301861656,34.94095772461444,35.38855718992755,34.44355819783605,34.66944401987732,34.565460934220425
1997-09-26 17:38:02.136427964,34.94096130772918,35.38852243525322,34.443572378243445,34.66944565396621,34.56548204555808
1997-09-28 17:40:54.970994276,34.94096554446986,35.388487585176144,34.44358646749957,34.66944757351297,34.56550282518672
1997-09-30 17:43:47.805560584,34.94097044371241,35.38845269444967,34.443600467049,34.669449811961904,34.56552322882793
1997-10-02 17:46:40.640126892,34.94097601288684,35.38841781288151,34.44361437924601,34.66945239770193,34.56554321634079
1997-10-04 17:49:33.474700372,34.94098225797723,35.388382985333706,34.4436282073546,34.66945535406657,34.56556275172192
1997-10-06 17:52:26.309266684,34.940989183521744,35.38834825172267,34.44364195554853,34.669458699333966,34.56558180310542
1997-10-08 17:55:19.143832992,34.94099679261263,35.38831364701916,34.44365562891125,34.669462446726854,34.56560034276288
1997-10-10 17:58:11.978399304,34.9410050868962,35.388279201248274,34.443669233435976,34.669466604412605,34.56561834710343
1997-10-12 18:01:04.812965612,34.94101406657285,35.388244939489475,34.44368277602562,34.66947117550318,34.5656357966737
1997-10-14 18:03:57.647531924,34.94102373039705,35.388210881876574,34.44369626449284,34.669476158055176,34.56565267615782
1997-10-16 18:06:50.482098232,34.94103407567737,35.38817704359772,34.44370970756003,34.66948154506977,34.56566897437741
1997-10-18 18:09:43.316664544,34.94104509827643,35.38814343489544,34.44372311485929,34.669487324492785,34.56568468429162
1997-10-20 18:12:36.151230852,34.941056792610944,35.388110061066584,34.44373649693246,34.66949347921462,34.5656998029971
1997-10-22 18:15:28.985797164,34.941069151651696,35.38807692246237,34.443749865231105,34.66949998707032,34.56571433172801
1997-10-24 18:18:21.820363468,34.94108216692355,35.38804401448835,34.44376323211654,34.669506820839516,34.565728275855996
1997-10-26 18:21:14.654929780,34.94109582850546,35.38801132760446,34.443776610859764,34.66951394824646,34.565741644890245
1997-10-28 18:24:07.489503260,34.941110125030434,35.38797884732495,34.44379001564155,34.66952133196002,34.565754452477414
1997-10-30 18:27:00.324069572,34.94112504368558,35.38794655421845,34.44380346155236,34.66952892959367,34.56576671640169
1997-11-01 18:29:53.158635880,34.94114057021207,35.38791442390792,34.44381696459243,34.66953669370549,34.56577845858476
1997-11-03 18:32:45.993202192,34.94115668890517,35.387882427070686,34.44383054167168,34.669544571798184,34.56578970508581
1997-11-05 18:35:38.827768500,34.941173382614195,35.38785052943842,34.44384421060978,34.66955250631906,34.56580048610155
1997-11-07 18:38:31.662334812,34.941190632742575,35.38781869179713,34.44385799013614,34.66956043466004,34.565810835966175
1997-11-09 18:41:24.496901120,34.94120841924779,35.387786869987195,34.44387189988986,34.66956828915766,34.5658207931514
1997-11-11 18:44:17.331467432,34.94122672064142,35.38775501490335,34.443885960419806,34.669575997093055,34.56583040026645
1997-11-13 18:47:10.166033736,34.94124551398909,35.38772307249466,34.44390019318456,34.66958348069198,34.565839704058035
1997-11-15 18:50:03.000600048,34.94126475583892,35.38769100370149,34.44391462960618,34.669590696157,34.56584871647241
1997-11-17 18:52:55.835166356,34.94128438608835,35.38765884971586,34.4439292889069,34.66959770406551,34.56585735678375
1997-11-19 18:55:48.669739840,34.94130446664504,35.38762660685935,34.44394410645927,34.66960440802478,34.56586571587808
1997-11-21 18:58:41.504306148,34.9413250617811,35.38759426690388,34.443959015438686,34.66961070379326,34.565873892406096
1997-11-23 19:01:34.338872460,34.94134622658825,35.38756182475613,34.44397395358975,34.669616497954785,34.565881973373116
1997-11-25 19:04:27.173438768,34.94136800697791,35.38752927845753,34.443988863226224,34.66962170791861,34.56589003413908
1997-11-27 19:07:20.008005080,34.94139043968112,35.38749662918421,34.4440036912311,34.66962626191939,34.56589813841854
1997-11-29 19:10:12.842571388,34.941413552248605,35.3874638812471,34.44401838905655,34.6696300990172,34.56590633828065
1997-12-01 19:13:05.677137700,34.94143736305071,35.38743104209184,34.44403291272395,34.66963316909752,34.5659146741492
1997-12-03 19:15:58.511704004,34.941461881277476,35.38739812229881,34.44404722282383,34.66963543287124,34.565923174802585
1997-12-05 19:18:51.346270316,34.941487106938574,35.38736513558315,34.444061284515975,34.66963686187466,34.56593185737382
1997-12-07 19:21:44.180836624,34.941513030863334,35.38733209879473,34.444075067529305,34.66963743846948,34.56594072735054
1997-12-09 19:24:37.015402936,34.94153963470075,35.38729903191817,34.44408854616198,34.669637155842814,34.565949778574975
1997-12-11 19:27:29.849969244,34.94156689091947,35.38726595807282,34.44410169928131,34.669636018007196,34.565958993244
1997-12-13 19:30:22.684542728,34.94159476280778,35.38723290351278,34.444114510323836,34.669634039800556,34.56596834190909
1997-12-15 19:33:15.519109036,34.94162320447366,35.387199897626914,34.444126967295276,34.66963124688623,34.565977783476335
1997-12-17 19:36:08.353675348,34.941652160844704,35.38716697293879,34.44413906277054,34.66962767575299,34.565987265206445
1997-12-19 19:39:01.188241656,34.941681567668184,35.38713416510675,34.44415079389373,34.66962337371498,34.56599672271474
1997-12-21 19:41:54.022807968,34.941711351511024,35.387101512923856,34.44416216237815,34.669618398911766,34.56600607997118
1997-12-23 19:44:46.857374276,34.941741429759816,35.38706905831792,34.4441731745063,34.669612820308345,34.5660152493003
1997-12-25 19:47:39.691940584,34.94177171062078,35.38703684635151,34.44418384112985,34.66960671769509,34.56602413138128
1997-12-27 19:50:32.526506892,34.94180209311981,35.38700492522193,34.44419417766969,34.6696001816878,34.56603261524791
1997-12-29 19:53:25.361073204,34.94183246710246,35.38697334626121,34.444204204115884,34.66959331372769,34.5660405782886
1997-12-31 19:56:18.195639512,34.94186271323393,35.38694216393613,34.444213945027705,34.669586226081364,34.566047886246366
1998-01-02 19:59:11.030205823,34.94189270299908,35.38691143584824,34.44422342953362,34.66957904184086,34.566054393218835
1998-01-04 20:02:03.864772133,34.94192228674244,35.386881229086406,34.44423269584789,34.66957190234512,34.566059930116914
1998-01-06 20:04:56.699345613,34.9419511880651,35.386851671690614,34.44424183487659,34.6695650291809,34.56606420735027
1998-01-08 20:07:49.533911923,34.94197934154403,35.386822768545336,34.44425086673262,34.66955850694209,34.56606714926645
1998-01-10 20:10:42.368478233,34.94200675744588,35.38679448312929,34.44425978414963,34.669552370025414,34.56606875822592
1998-01-12 20:13:35.203044543,34.94203345351378,35.386766775080616,34.4442685771909,34.669546645617764,34.56606904779176
1998-01-14 20:16:28.037610852,34.942059454967335,35.38673960019684,34.444277233249274,34.66954135369613,34.5660680427297
1998-01-16 20:19:20.872177162,34.942084794502634,35.3867129104349,34.444285737047196,34.66953650702768,34.56606577900807
1998-01-18 20:22:13.706743472,34.94210951229227,35.38668665391116,34.44429407063669,34.669532111169666,34.56606230379785
1998-01-20 20:25:06.541309782,34.9421336559853,35.386660774901365,34.444302213399354,34.66952816446951,34.56605767547263
1998-01-22 20:27:59.375876092,34.942157280707285,35.38663521384069,34.44431014204638,34.66952465806476,34.566051963608636
1998-01-24 20:30:52.210442401,34.94218044906026,35.3866099073237,34.44431783061857,34.66952157588309,34.56604524898471
1998-01-26 20:33:45.045008711,34.942203231122754,35.38658478810438,34.44432525048627,34.669518894642316,34.566037623582325
1998-01-28 20:36:37.879575021,34.94222570444978,35.386559785096125,34.44433237034944,34.669516583850374,34.566029190585574
1998-01-30 20:39:30.714148501,34.94224795407284,35.38653482337172,34.44433915623762,34.669514605805354,34.56602006438119
1998-02-01 20:42:23.548714811,34.94227007249991,35.38650982416337,34.44434557150993,34.66951291559547,34.56601037055853
1998-02-03 20:45:16.383281121,34.94229215971547,35.386484704862696,34.44435157685507,34.669511461099056,34.56600024590955
1998-02-05 20:48:09.217847430,34.94231432318047,35.38645937902071,34.444357130291344,34.66951018298461,34.56598983842886
1998-02-07 20:51:02.052413740,34.94233667783235,35.38643375634784,34.44436218716663,34.66950901471074,34.565979307313704
1998-02-09 20:53:54.886980050,34.94235934608505,35.38640774271393,34.4443667001584,34.669507882526204,34.56596882296391
1998-02-11 20:56:47.721546360,34.94238245782898,35.386381240148204,34.4443706192737,34.66950670546987,34.56595856698197
1998-02-13 20:59:40.556112670,34.94240615043104,35.38635414683933,34.444373891849175,34.66950539537076,34.56594873217299
1998-02-15 21:02:33.390678979,34.942430568734615,35.38632635713536,34.444376462551034,34.66950385684803,34.5659395225447
1998-02-17 21:05:26.225245289,34.942455865059586,35.38629776154376,34.44437827337511,34.669501987310966,34.56593115330746
1998-02-19 21:08:19.059811598,34.94248214301489,35.3862682868166,34.44437929260402,34.66949970940937,34.56592377509478
1998-02-21 21:11:11.894377908,34.942509215964016,35.38623804363104,34.44437958445572,34.66949712258889,34.56591724308893
1998-02-23 21:14:04.728951389,34.942536847043506,35.386207157651505,34.44437919045619,34.66949436335658,34.56591143188183
1998-02-25 21:16:57.563517699,34.942564815097526,35.38617574754655,34.444378151202415,34.669491554941104,34.56590622789465
1998-02-27 21:19:50.398084008,34.94259291181405,35.38614392768006,34.44437650928055,34.669488808629545,34.56590152301898
1998-03-01 21:22:43.232650318,34.94262094172487,35.3861118081113,34.44437430926591,34.66948622376736,34.565897214616754
1998-03-03 21:25:36.067216628,34.94264872220557,35.38607949459489,34.44437159772298,34.669483887758375,34.5658932055203
1998-03-05 21:28:28.901782937,34.94267608347556,35.38604708858082,34.44436842320542,34.669481876064836,34.5658894040323
1998-03-07 21:31:21.736349247,34.94270286859806,35.386014687214434,34.44436483625605,34.66948025220736,34.56588572392584
1998-03-09 21:34:14.570915557,34.94272893348008,35.38598238333645,34.444360889406866,34.669479067764925,34.56588208444437
1998-03-11 21:37:07.405481867,34.94275414687248,35.385950265482954,34.44435663717903,34.66947836237494,34.56587841030171
1998-03-13 21:40:00.240048177,34.94277839036988,35.38591841788538,34.44435213608286,34.66947816373317,34.56587463168206
1998-03-15 21:42:53.074614487,34.94280155841075,35.38588692047053,34.44434744461787,34.66947848759377,34.56587068424
1998-03-17 21:45:45.909180797,34.94282355827735,35.38585584886059,34.444342623272725,34.669479337769296,34.56586650910048
1998-03-19 21:48:38.743754276,34.94284431009575,35.38582527437307,34.444337734525256,34.66948070613067,34.56586205285885
1998-03-21 21:51:31.578320586,34.94286374683583,35.38579526402089,34.44433284284247,34.66948257260722,34.56585726758079
1998-03-23 21:54:24.412886896,34.942881814311306,35.385765880512295,34.444328014680536,34.66948490518665,34.565852110802396
1998-03-25 21:57:17.247453206,34.94289847117966,35.38573718225092,34.444323318484805,34.66948765991504,34.56584654553012
1998-03-27 22:00:10.082019515,34.94291368894221,35.385709223335745,34.44431882468979,34.669490780896886,34.565840540240806
1998-03-29 22:03:02.916585825,34.942927451944094,35.385682053561126,34.44431460571915,34.669494200295034,34.56583406888166
1998-03-31 22:05:55.751152135,34.942939757374226,35.38565571841678,34.44431073598576,34.66949783833074,34.565827110870266
1998-04-02 22:08:48.585718445,34.94295061368793,35.38563026092787,34.44430729303464,34.66950160175334,34.565819646374635
1998-04-04 22:11:41.420284755,34.94295987308698,35.38560591808251,34.44430447824589,34.669505219410304,34.5658111488164
1998-04-06 22:14:34.254851065,34.94296753045426,35.385582770255105,34.44430239282886,34.66950853922199,34.565801476385154
1998-04-08 22:17:27.089417374,34.94297372689859,35.38556072793088,34.444301028083196,34.66951155420104,34.565790916686744
1998-04-10 22:20:19.923983684,34.94297859883075,35.38553970629882,34.44430037414685,34.66951425943582,34.565779741484235
1998-04-12 22:23:12.758557163,34.94298227796347,35.38551962525167,34.444300419996075,34.669516652090486,34.565768206697875
1998-04-14 22:26:05.593123473,34.942984891311475,35.38550040938592,34.44430115344544,34.66951873140492,34.56575655240509
1998-04-16 22:28:58.427689784,34.94298656119144,35.38548198800183,34.444302561147815,34.66952049869476,34.56574500284051
1998-04-18 22:31:51.262256094,34.94298740522201,35.38546429510342,34.444304628594374,34.66952195735139,34.56573376639594
1998-04-20 22:34:44.096822404,34.94298753632382,35.38544726939845,34.4443073401146,34.66952311284196,34.56572303562039
1998-04-22 22:37:36.931388714,34.94298706271943,35.38543085429845,34.44431067887628,34.66952397270935,34.56571298722004
1998-04-24 22:40:29.765955024,34.94298608793341,35.385414997918716,34.44431462688549,34.66952454657221,34.565703782058286
1998-04-26 22:43:22.600521332,34.942984710792274,35.385399653078274,34.44431916498665,34.66952484612493,34.56569556515568
1998-04-28 22:46:15.435087642,34.94298302542451,35.38538477729993,34.444324272862445,34.66952488513765,34.56568846568999
1998-04-30 22:49:08.269653952,34.94298112126058,35.38537033281024,34.4443299290339,34.66952467945627,34.56568259699616
1998-05-02 22:52:01.104220262,34.942979083032895,35.38535628653952,34.444336110860306,34.66952424700244,34.565678056566334
1998-05-04 22:54:53.938786572,34.94297699077586,35.38534261012183,34.4443427945393,34.669523607773556,34.56567492604983
1998-05-06 22:57:46.773360052,34.94297491982583,35.38532927989501,34.444349955106794,34.66952278384276,34.56567327125317
1998-05-08 23:00:39.607926362,34.94297294082113,35.385316276900646,34.444357566437034,34.66952179935895,34.56567314214005
1998-05-10 23:03:32.442492672,34.94297111970205,35.38530358688406,34.44436560124254,34.66952068054678,34.56567457283137
1998-05-12 23:06:25.277058982,34.94296951771087,35.385291200294375,34.444374031074155,34.669519455706656,34.56567758160521
1998-05-14 23:09:18.111625292,34.942968191391806,35.38527911228444,34.444382826321025,34.669518155214725,34.56568217089684
1998-05-16 23:12:10.946191600,34.94296719259106,35.38526732271085,34.44439195621061,34.66951681152289,34.56568832729873
1998-05-18 23:15:03.780757910,34.942966568456804,35.385255836134,34.44440138880865,34.66951545915881,34.56569602156052
1998-05-20 23:17:56.615324220,34.94296636143916,35.38524466181801,34.444411091019234,34.66951413472588,34.56570520858905
1998-05-22 23:20:49.449890530,34.94296660929025,35.38523381373076,34.444421028584706,34.66951287690326,34.565715827448365
1998-05-24 23:23:42.284456840,34.942967345064126,35.385223310543886,34.44443116608575,34.66951172644587,34.565727801359664
1998-05-26 23:26:35.119023150,34.94296859711684,35.385213175632806,34.444441466941335,34.66951072618435,34.56574103770136
1998-05-28 23:29:27.953596630,34.942970389106385,35.38520343707666,34.44445189340876,34.66950992102512,34.565755428009055
1998-05-30 23:32:20.788162940,34.94297273999275,35.38519412765837,34.44446240658361,34.66950935795033,34.56577084797553
1998-06-01 23:35:13.622729250,34.94297566403785,35.385185284864605,34.44447296639978,34.669509086017904,34.56578715745076
1998-06-03 23:38:06.457295560,34.94297917080563,35.385176950885786,34.444483531629466,34.6695091563615,34.56580420044191
1998-06-05 23:40:59.291861868,34.94298326516194,35.38516917261611,34.444494059883176,34.669509622190525,34.56582180511333
1998-06-07 23:43:52.126428178,34.94298794727464,35.385162001653505,34.44450450760972,34.66951053879015,34.565839783786565
1998-06-09 23:46:44.960994488,34.94299321261354,35.38515549429968,34.444514830096225,34.66951196352128,34.565857932940354
1998-06-11 23:49:37.795560798,34.94299905622256,35.38514976433489,34.44452498150545,34.6695139538377,34.565875973720736
1998-06-13 23:52:30.630127108,34.94300547026257,35.385145129705656,34.44453494650173,34.66951651863563,34.565893401239045
1998-06-15 23:55:23.464693418,34.94301238774801,35.38514148474928,34.444544758890686,34.669519615101926,34.565910209975236
1998-06-17 23:58:16.299259728,34.9430197360609,35.38513865875169,34.44455445446426,34.66952319955785,34.5659264756239
1998-06-20 00:01:09.133826036,34.943027444831294,35.3851364895425,34.44456406713644,34.66952723002617,34.56594227070595
1998-06-22 00:04:01.968399518,34.94303544593736,35.385134823495015,34.44457362894329,34.66953166623112,34.56595766456862
1998-06-24 00:06:54.802965828,34.94304367350532,35.38513351552626,34.44458317004291,34.669536469598434,34.56597272338548
1998-06-26 00:09:47.637532138,34.9430520639095,35.385132429096956,34.44459271871548,34.6695416032553,34.56598751015641
1998-06-28 00:12:40.472098446,34.94306055577226,35.385131436211516,34.44460230136321,34.66954703203042,34.566002084707634
1998-06-30 00:15:33.306664756,34.943069089964084,35.38513041741805,34.444611942510384,34.669552722453965,34.56601650369168
1998-07-02 00:18:26.141231066,34.943077609603485,35.38512926180837,34.44462166480334,34.66955864275759,34.56603082058742
1998-07-04 00:21:18.975797376,34.94308606005709,35.38512786701801,34.44463148901048,34.66956476287445,34.56604508570005
1998-07-06 00:24:11.810363686,34.943094388939585,35.38512613922615,34.44464143402225,34.66957105443915,34.566059346161076
1998-07-08 00:27:04.644929996,34.94310254611374,35.38512399315573,34.44465151685115,34.66957749078781,34.56607364592835
1998-07-10 00:29:57.479496304,34.9431104836904,35.385121352073355,34.44466175263176,34.66958404695802,34.56608802578603
1998-07-12 00:32:50.314062614,34.943118156028476,35.38511814778932,34.44467215462069,34.66959069968886,34.56610252334461
1998-07-14 00:35:43.148628924,34.94312551973496,35.38511432065765,34.444682734196626,34.669597427420875,34.566117173040915
1998-07-16 00:38:35.983202406,34.94313253366495,35.38510981957605,34.4446935008603,34.66960421029613,34.56613200613809
1998-07-18 00:41:28.817768716,34.94313915892157,35.38510460198594,34.44470446223451,34.66961103015812,34.5661470507256
1998-07-20 00:44:21.652335026,34.94314535885606,35.3850986338724,34.4447156240641,34.66961787055189,34.56616233171924
1998-07-22 00:47:14.486901336,34.943151099067705,35.38509188976427,34.444726990215976,34.66962471672391,34.56617787086113
1998-07-24 00:50:07.321467642,34.94315634740391,35.385084352734026,34.444738562679106,34.66963155562216,34.56619368671972
1998-07-26 00:53:00.156033952,34.943161073960106,35.385076014397896,34.44475034156451,34.669638375896106,34.56620979468978
1998-07-28 00:55:52.990600262,34.94316525107984,35.38506687491578,34.44476232510526,34.6696451678967,34.566226206992404
1998-07-30 00:58:45.825166572,34.94316885335472,35.38505694299128,34.4447745096565,34.66965192367635,34.566242932675024
1998-08-01 01:01:38.659732880,34.94317185762443,35.3850462358717,34.44478688969541,34.66965863698898,34.566259977611374
1998-08-03 01:04:31.494299192,34.943174242976724,35.38503477934804,34.44479945782124,34.66966530328998,34.56627734450154
1998-08-05 01:07:24.328865504,34.94317599074745,35.38502260775501,34.4448122047553,34.66967191973623,34.56629503287192
1998-08-07 01:10:17.163431812,34.943177084520514,35.385009763971006,34.44482511934095,34.669678485186104,34.56631303907523
1998-08-09 01:13:09.998005292,34.94317751012792,35.384996299418134,34.444838188543606,34.66968500019943,34.56633135629053
1998-08-11 01:16:02.832571604,34.94317725564972,35.38498227406219,34.44485139745075,34.669691467037545,34.5663499745232
1998-08-13 01:18:55.667137908,34.94317631141408,35.38496775641267,34.444864729271906,34.66969788966326,34.56636888060493
1998-08-15 01:21:48.501704220,34.943174669997205,35.38495282352279,34.44487816533867,34.66970427374088,34.56638805819375
1998-08-17 01:24:41.336270528,34.9431723262234,35.38493756098942,34.444891685104686,34.669710626636174,34.566407487774015
1998-08-19 01:27:34.170836840,34.943169277165026,35.38492206295319,34.44490526614565,34.669716957416405,34.5664271466564
1998-08-21 01:30:27.005403148,34.943165523499395,35.384906352429645,34.44491890043457,34.66972326751917,34.56644702613667
1998-08-23 01:33:19.839969460,34.94316119611549,35.384890337136845,34.44493260038903,34.66972952944056,34.566467066590626
1998-08-25 01:36:12.674535768,34.94315650529706,35.384874001587434,34.44494636059018,34.66973571563419,34.566487146077144
1998-08-27 01:39:05.509102080,34.94315164874025,35.38485733327938,34.44496017499194,34.66974180195957,34.56650715221051
1998-08-29 01:41:58.343668392,34.94314681096941,35.384840321327886,34.44497403721458,34.66974776760035,34.566526982818
1998-08-31 01:44:51.178234700,34.94314216333712,35.384822956465456,34.44498794054464,34.669753595064385,34.56654654593979
1998-09-02 01:47:44.012808180,34.9431378640242,35.38480523104186,34.44500187793502,34.66975927018368,34.56656575982903
1998-09-04 01:50:36.847374488,34.94313405803968,35.38478713902412,34.4450158420049,34.66976478211442,34.56658455295182
1998-09-06 01:53:29.681940796,34.943130877220824,35.38476867599655,34.44502982503979,34.66977012333694,34.566602863987185
1998-09-08 01:56:22.516507108,34.94312844023312,35.38474983916071,34.445043818991515,34.66977528965576,34.56662064182713
1998-09-10 01:59:15.351073416,34.943126852570266,35.38473062733546,34.4450578154782,34.66978028019957,34.56663784557657
1998-09-12 02:02:08.185639728,34.94312620655422,35.384711040956894,34.445071805784295,34.669785097421205,34.56665444455342
1998-09-14 02:05:01.020206036,34.94312658133513,35.38469108207841,34.44508578086057,34.6697897470977,34.56667041828849
1998-09-16 02:07:53.854772348,34.943128042891395,35.38467075437065,34.4450997313241,34.66979423833025,34.56668575652556
1998-09-18 02:10:46.689338660,34.94313064402962,35.38465006312154,34.445113647458264,34.6697985835442,34.56670045922136
1998-09-20 02:13:39.523904968,34.94313442438466,35.38462901523628,34.44512751921278,34.66980279848909,34.56671453654557
1998-09-22 02:16:32.358471280,34.943139410419576,35.384607619237315,34.44514133620366,34.669806902238605,34.56672800888081
1998-09-24 02:19:25.193037588,34.94314561542565,35.384585885264386,34.44515508771324,34.66981091719062,34.56674090682265
1998-09-26 02:22:18.027611064,34.943153039522414,35.384563825074494,34.44516876269016,34.66981486906716,34.566753271179614
1998-09-28 02:25:10.862177376,34.943161669657606,35.384541452041915,34.44518234974938,34.66981878691443,34.56676515297316
1998-09-30 02:28:03.696743684,34.94317147960719,35.384518781158185,34.44519583717218,34.66982270310281,34.56677661343771
1998-10-02 02:30:56.531309996,34.94318242997536,35.38449582903211,34.44520921290615,34.66982665332683,34.56678772402063
1998-10-04 02:33:49.365876304,34.94319446819455,35.38447261388978,34.445222464565184,34.6698306766052,34.56679856638222
1998-10-06 02:36:42.200442616,34.94320752852539,35.384449155574536,34.44523557942951,34.669834815280794,34.56680923239574
1998-10-08 02:39:35.035008924,34.94322153205676,35.384425475547005,34.44524854444565,34.66983911502067,34.5668198241474
1998-10-10 02:42:27.869575236,34.943236386705756,35.38440159688508,34.44526134622644,34.66984362481603,34.56683045393636
1998-10-12 02:45:20.704141548,34.9432519872177,35.38437754428391,34.44527397105106,34.66984839698227,34.56684124427471
1998-10-14 02:48:13.538707856,34.94326821516614,35.38435334405593,34.445286404864966,34.66985348715893,34.5668523278875
1998-10-16 02:51:06.373274168,34.94328493953155,35.38432902416806,34.44529863321995,34.66985895444386,34.56686384750829
1998-10-18 02:53:59.207840476,34.94330222626579,35.38430461778871,34.445310630492465,34.669864877755394,34.56687584724882
1998-10-20 02:56:52.042413952,34.943320104747144,35.384280122361425,34.44532241259587,34.66987121784439,34.566888265078205
1998-10-22 02:59:44.876980264,34.94333844759353,35.38425551915682,34.44533401927312,34.66987787816573,34.56690107066844
1998-10-24 03:02:37.711546572,34.94335713920789,35.38423079201985,34.4453454878924,34.6698847696173,34.56691423344082
1998-10-26 03:05:30.546112884,34.943376075778076,35.384205927369806,34.445356853447144,34.66989181054001,34.56692772256588
1998-10-28 03:08:23.380679192,34.94339516527695,35.38418091420031,34.44536814855602,34.66989892671775,34.56694150696345
1998-10-30 03:11:16.215245504,34.94341432746231,35.38415574407933,34.44537940346292,34.66990605137743,34.56695555530263
1998-11-01 03:14:09.049811812,34.94343349387693,35.38413041114917,34.445390646037005,34.66991312518896,34.56696983600178
1998-11-03 03:17:01.884378124,34.94345260784857,35.384104912126475,34.445401901772655,34.66992009626525,34.56698431722855
1998-11-05 03:19:54.718944436,34.94347162448993,35.38407924630222,34.44541319378948,34.669926920162226,34.56699896689986
1998-11-07 03:22:47.553510744,34.94349051069869,35.38405341554172,34.44542454283235,34.66993355987879,34.5670137526819
1998-11-09 03:25:40.388077052,34.943509245157486,35.384027424284646,34.44543596727135,34.66993998585688,34.56702864199013
1998-11-11 03:28:33.222643360,34.94352781833393,35.384001279544975,34.44544748310183,34.66994617598142,34.56704360198928
1998-11-13 03:31:26.057216840,34.94354623248061,35.38397499091104,34.445459103944366,34.66995211558035,34.56705859959337
1998-11-15 03:34:18.891783152,34.94356450163505,35.38394857054553,34.44547084104476,34.6699577974246,34.56707360146569
1998-11-17 03:37:11.726349460,34.94358265161977,35.383922033185435,34.44548270327407,34.66996322172811,34.567088574018776
1998-11-19 03:40:04.560915772,34.94360072004224,35.38389539614211,34.445494697128574,34.66996839614783,34.56710348341447
1998-11-21 03:42:57.395482080,34.94361875629491,35.38386867930124,34.44550682672982,34.6699733357837,34.56711829556388
1998-11-23 03:45:50.230048392,34.94363682155518,35.38384190512284,34.445519093824565,34.66997806317869,34.567132976127375
1998-11-25 03:48:43.064614704,34.943654988785426,35.383815098641286,34.44553149778481,34.66998260831873,34.56714749051461
1998-11-27 03:51:35.899181012,34.943673342733,35.383788287465265,34.44554403560781,34.66998700863281,34.5671618038845
1998-11-29 03:54:28.733747320,34.9436919799302,35.38376150177782,34.44555670191604,34.66999130899288,34.56717588114525
1998-12-01 03:57:21.568313628,34.94371100869431,35.38373477433632,34.44556948895722,34.669995561713904,34.56718968695433
1998-12-03 04:00:14.402879940,34.94373054912756,35.38370814047248,34.44558238660431,34.66999982655386,34.567203185718476
1998-12-05 04:03:07.237453420,34.943750733117156,35.38368163809236,34.44559538235551,34.67000417071373,34.56721634159371
1998-12-07 04:06:00.072019728,34.94377170433529,35.38365530767634,34.44560846133425,34.67000866883749,34.56722911848532
1998-12-09 04:08:52.906586040,34.943793618239084,35.38362919227916,34.44562160628922,34.67001340301212,34.56724148004787
1998-12-11 04:11:45.741152348,34.94381664207066,35.38360333752987,34.445634797594316,34.67001846276762,34.56725338968519
1998-12-13 04:14:38.575718660,34.94384096417447,35.38357779609368,34.44564801976113,34.67002395270648,34.567264800985704
1998-12-15 04:17:31.410284968,34.94386688839034,35.38355268745905,34.44566137772599,34.67003009042124,34.56727550801141
1998-12-17 04:20:24.244851280,34.94389432367625,35.3835279769364,34.44567482129004,34.670036821295994,34.56728558371119
1998-12-19 04:23:17.079417592,34.94392305622535,35.3835035758515,34.4456882320161,34.67004399827281,34.56729520863139
1998-12-21 04:26:09.913983896,34.943952886205466,35.38347940163181,34.445701500250685,34.67005148615072,34.56730454998734
1998-12-23 04:29:02.748550208,34.94398362775912,35.38345537780651,34.44571452512401,34.67005916158568,34.56731376166333
1998-12-25 04:31:55.583116516,34.94401510900347,35.38343143400649,34.44572721454997,34.67006691309058,34.567322984212566
1998-12-27 04:34:48.417682828,34.9440471720304,35.383407505964335,34.44573948522615,34.67007464103526,34.56733234485725
1998-12-29 04:37:41.252256308,34.94407967290644,35.383383535514355,34.44575126263384,34.67008225764646,34.5673419574885
1998-12-31 04:40:34.086822616,34.9441124816728,35.38335947059256,34.44576248103801,34.6700896870079,34.56735192266641
1999-01-02 04:43:26.921388927,34.944145482345384,35.38333526523666,34.44577308348733,34.6700968650602,34.567362327620025
1999-01-04 04:46:19.755955236,34.94417857291476,35.3833108795861,34.44578302181416,34.670103739600926,34.56737324624732
1999-01-06 04:49:12.590521546,34.94421166534616,35.383286279882,34.44579225663454,34.67011027028457,34.567384739115255
1999-01-08 04:52:05.425087856,34.94424468557952,35.383261438467215,34.445800757348216,34.67011642862257,34.56739685345973
1999-01-10 04:54:58.259654166,34.94427757352944,35.38323633378629,34.445808502138625,34.67012219798329,34.567409623185576
1999-01-12 04:57:51.094220475,34.9443102830852,35.3832109503855,34.445815477972886,34.67012757359204,34.56742306886661
1999-01-14 05:00:43.928786785,34.94434278211075,35.3831852789128,34.44582168060181,34.67013256253105,34.56743719774558
1999-01-16 05:03:36.763353095,34.94437505244472,35.38315931611787,34.44582711455992,34.6701371837395,34.56745200373421
1999-01-18 05:06:29.597919405,34.94440708990043,35.38313306485211,34.4458317931654,34.67014146801348,34.567467467413145
1999-01-20 05:09:22.432485714,34.94443890426585,35.38310653406861,34.44583573852015,34.67014545800604,34.56748355603201
1999-01-22 05:12:15.267059195,34.94447051930366,35.38307973882216,34.44583898150975,34.67014920822715,34.567500223509356
1999-01-24 05:15:08.101625505,34.94450197275119,35.383052700269296,34.445841561803476,34.670152785043726,34.56751741043272
1999-01-26 05:18:00.936191814,34.94453331632046,35.383025445668224,34.44584352785429,34.6701562666796,34.567535044058566
1999-01-28 05:20:53.770758124,34.94456461569816,35.38299800837888,34.44584493689885,34.67015974321555,34.56755303831231
1999-01-30 05:23:46.605324434,34.944595950545676,35.3829704278629,34.44584585495751,34.67016331658929,34.56757129378834
1999-02-01 05:26:39.439890743,34.94462741449904,35.38294274968363,34.445846356834316,34.67016710059547,34.56758969774999
1999-02-03 05:29:32.274457053,34.94465911516898,35.382915025506115,34.44584652611699,34.67017122088566,34.56760812412953
1999-02-05 05:32:25.109023363,34.944691174140914,35.382887313097136,34.445846455176955,34.67017581496838,34.567626433528204
1999-02-07 05:35:17.943589673,34.94472372697491,35.38285967632516,34.445846245169335,34.670181032209086,34.5676444732162
1999-02-09 05:38:10.778155983,34.94475695075672,35.38283219154542,34.44584601809556,34.67018706310012,34.56766205215075
1999-02-11 05:41:03.612722292,34.94479130081001,35.382804998345264,34.445846010958654,34.67019438779969,34.56767873451736
1999-02-13 05:43:56.447288602,34.94482673183608,35.38277811231165,34.445846222327916,34.67020294745964,34.56769455553026
1999-02-15 05:46:49.281862082,34.94486304545203,35.38275151148633,34.445846581692024,34.67021252182801,34.56770969014515
1999-02-17 05:49:42.116428392,34.94490005287169,35.38272517503811,34.4458470231945,34.67022290309121,34.567724303282475
1999-02-19 05:52:34.950994702,34.94493757490557,35.38269908326286,34.44584748563365,34.67023389587403,34.56773854982744
1999-02-21 05:55:27.785561012,34.94497544196096,35.38267321758346,34.445847912462604,34.67024531723962,34.567752574629985
1999-02-23 05:58:20.620127321,34.945013494041845,35.382647560549884,34.44584825178929,34.67025699668954,34.56776651250483
1999-02-25 06:01:13.454693631,34.94505158074892,35.382622095839146,34.44584845637645,34.67026877616369,34.56778048823144
1999-02-27 06:04:06.289259941,34.945089561279616,35.3825968082553,34.44584848364165,34.67028051004036,34.56779461655403
1999-03-01 06:06:59.123826250,34.9451273044281,35.38257168372945,34.44584829565722,34.670292065136216,34.567809002181576
1999-03-03 06:09:51.958392560,34.94516468858524,35.382546709319776,34.445847859150355,34.6703033207063,34.567823739787805
1999-03-05 06:12:44.792958871,34.945201601738624,35.38252187321147,34.445847145503016,34.67031416844403,34.56783891401119
1999-03-07 06:15:37.627525181,34.94523794147259,35.38249716471681,34.445846130751995,34.67032451248119,34.56785459945498
1999-03-09 06:18:30.462091490,34.94527361496818,35.382472574275106,34.44584479558889,34.67033426938795,34.56787086068716
1999-03-11 06:21:23.296664970,34.94530853900316,35.38244809345272,34.44584312536009,34.67034336817286,34.567887752240466
1999-03-13 06:24:16.131231280,34.94534263995201,35.38242371494309,34.44584111006683,34.670351750282826,34.567905318612404
1999-03-15 06:27:08.965797590,34.94537585378595,35.38239943256665,34.44583874436511,34.67035936960315,34.56792359426523
1999-03-17 06:30:01.800363899,34.94540812607291,35.38237524127095,34.445836027565775,34.67036619245749,34.567942603625944
1999-03-19 06:32:54.634930209,34.94543941197756,35.382351137130534,34.445832963634444,34.67037219760791,34.567962361086316
1999-03-21 06:35:47.469496519,34.945469676261276,35.382327117347046,34.44582956119159,34.670377376254805,34.567982871002854
1999-03-23 06:38:40.304062828,34.94549889328215,35.38230318024914,34.445825833512444,34.670381732036994,34.56800412769684
1999-03-25 06:41:33.138629138,34.94552704699501,35.382279325292544,34.445821798527085,34.67038528103163,34.56802611545429
1999-03-27 06:44:25.973195449,34.945554130951415,35.38225555306004,34.44581747882038,34.670388051754266,34.56804880852599
1999-03-29 06:47:18.807761758,34.94558014829963,35.38223186526144,34.44581290163201,34.67039008515882,34.568072171127454
1999-03-31 06:50:11.642328068,34.94560511178465,35.38220826473363,34.445808098856475,34.670391434637594,34.568096157439
1999-04-02 06:53:04.476894378,34.945629043748184,35.382184755440534,34.44580310704307,34.670392166021266,34.56812071160565
1999-04-04 06:55:57.311467858,34.94565201466634,35.38216135041635,34.445797973726435,34.67039239349539,34.56814572706063
1999-04-06 06:58:50.146034167,34.945674411301276,35.382138130027876,34.44579281647764,34.6703925341517,34.56817077099838
1999-04-08 07:01:42.980600476,34.9456963190226,35.382115117866704,34.44578773101581,34.67039273208027,34.5681957442015
1999-04-10 07:04:35.815166786,34.945717730816355,35.382092319288496,34.4457827961058,34.67039304077728,34.56822064885341
1999-04-12 07:07:28.649733096,34.94573863966239,35.38206973992867,34.44577808568916,34.67039350809514,34.56824548970547
1999-04-14 07:10:21.484299406,34.945759038534376,35.38204738570236,34.4457736688841,34.67039417624261,34.56827027407704
1999-04-16 07:13:14.318865716,34.945778920399825,35.38202526280445,34.44576960998553,34.67039508178469,34.56829501185547
1999-04-18 07:16:07.153432026,34.94579827822005,35.38200337770956,34.44576596846506,34.6703962556427,34.56831971549608
1999-04-20 07:18:59.987998336,34.9458171049502,35.38198173717204,34.44576279897097,34.67039772309422,34.56834440002218
1999-04-22 07:21:52.822564644,34.94583539353922,35.381960348225974,34.44576015132821,34.670399503773126,34.56836908302507
1999-04-24 07:24:45.657130954,34.945853136929905,35.3819392181852,34.445758070538446,34.67040161166958,34.56839378466402
1999-04-26 07:27:38.491697264,34.94587032805884,35.38191835464327,34.44575659678001,34.670404055130035,34.56841852766629
1999-04-28 07:30:31.326270746,34.94588695985646,35.38189776547348,34.44575576540793,34.67040683685722,34.56844333732712
1999-04-30 07:33:24.160837054,34.94590302524699,35.38187745882887,34.44575560695391,34.67040995391014,34.56846824150974
1999-05-02 07:36:16.995403364,34.945918517148506,35.3818574431422,34.44575614712635,34.67041339770412,34.56849327064536
1999-05-04 07:39:09.829969674,34.945933428472884,35.38183772712598,34.44575740681032,34.670417154010735,34.56851845773318
1999-05-06 07:42:02.664535984,34.945947752125825,35.38181831977246,34.4457594020676,34.67042120295787,34.568543838340354
1999-05-08 07:44:55.499102294,34.94596148100686,35.3817992303536,34.44576214413663,34.67042551902968,34.568569450602055
1999-05-10 07:47:48.333668604,34.945974608009315,35.381780468421134,34.445765639432544,34.67043007106661,34.568595335221424
1999-05-12 07:50:41.168234912,34.94598712602037,35.381762043806496,34.445769889547165,34.67043482226541,34.56862153546959
1999-05-14 07:53:34.002801222,34.945999027921,35.381743966620874,34.445774891249,34.67043973017908,34.56864809718565
1999-05-16 07:56:26.837367532,34.946010306586004,35.3817262472552,34.44578063648325,34.67044474671694,34.568675068776706
1999-05-18 07:59:19.671933842,34.94602095488402,35.381708896380125,34.44578711237178,34.67044981814456,34.568702501217835
1999-05-20 08:02:12.506500152,34.94603096567748,35.38169192494605,34.44579430121317,34.67045488508384,34.56873044805209
1999-05-22 08:05:05.341073632,34.94604033182265,35.38167534418309,34.445802180482644,34.67045988251293,34.56875896539051
1999-05-24 08:07:58.175639942,34.94604904616962,35.38165916560113,34.44581072283216,34.670464739766274,34.56878811191212
1999-05-26 08:10:51.010206252,34.94605710156229,35.38164340098976,34.44581989609032,34.670469380534605,34.56881794886393
1999-05-28 08:13:43.844772562,34.94606459936761,35.38162808514542,34.44582965389498,34.67047379109549,34.568848438381316
1999-05-30 08:16:36.679338872,34.946071823460024,35.38161328880562,34.44583992115879,34.6704780787336,34.56887935451282
1999-06-01 08:19:29.513905180,34.946078880428416,35.381599041552334,34.44585063152153,34.670482251962916,34.56891061811904
1999-06-03 08:22:22.348471490,34.946085859561656,35.38158536633407,34.4458617231819,34.6704863154358,34.56894216083705
1999-06-05 08:25:15.183037800,34.94609283947177,35.381572280875474,34.4458731384646,34.67049027399174,34.56897391911215
1999-06-07 08:28:08.017604110,34.94609988809391,35.38155979767737,34.4458848238203,34.67049413265729,34.56900583419791
1999-06-09 08:31:00.852170420,34.946107062686394,35.381547924016715,34.44589672982564,34.670497896646104,34.56903785215606
1999-06-11 08:33:53.686736730,34.946114409830656,35.381536661946626,34.44590881118326,34.670501571358926,34.5690699238566
1999-06-13 08:36:46.521310210,34.946121965431296,35.38152600829638,34.445921026721756,34.6705051623836,34.56910200497774
1999-06-15 08:39:39.355876520,34.946129754716026,35.381515954671414,34.44593333939571,34.67050867549504,34.56913405600592
1999-06-17 08:42:32.190442830,34.94613779223573,35.3815064874533,34.44594571628568,34.67051211665528,34.5691660422358
1999-06-19 08:45:25.025009140,34.94614608186441,35.381497587799785,34.44595812859822,34.67051549201342,34.56919793377026
1999-06-21 08:48:17.859575450,34.94615461679923,35.38148923164476,34.44597055166584,34.67051880790566,34.569229705520414
1999-06-23 08:51:10.694141758,34.946163379560474,35.381481389698266,34.445982964947035,34.67052207085529,34.5692613372056
1999-06-25 08:54:03.528708068,34.94617234199158,35.38147402744651,34.44599535202629,34.670525287572694,34.56929281335338
1999-06-27 08:56:56.363274378,34.94618146525913,35.38146710515184,34.44600770061404,34.67052846495535,34.56932412329953
1999-06-29 08:59:49.197840688,34.94619069985284,35.38146057785278,34.44602000254674,34.67053161008782,34.56935526118807
1999-07-01 09:02:42.032406998,34.94619998558557,35.38145439536399,34.44603225378678,34.67053473024176,34.56938622597123
1999-07-03 09:05:34.866973308,34.94620925159333,35.381448502276285,34.44604445442257,34.670537832875915,34.56941702140947
1999-07-05 09:08:27.701539618,34.94621841633526,35.38144283795665,34.446056608668464,34.67054092563612,34.569447656071475
1999-07-07 09:11:20.536113098,34.946227387593645,35.38143733654821,34.44606872486481,34.67054401635531,34.56947814333416
1999-07-09 09:14:13.370679408,34.94623606247391,35.381431926970244,34.446080815477934,34.6705471130535,34.56950850138265
1999-07-11 09:17:06.205245718,34.94624432740463,35.38142653291819,34.44609289710014,34.67055022393781,34.56953875321031
1999-07-13 09:19:59.039812026,34.9462520581375,35.381421072863645,34.4461049904497,34.670553357402426,34.56956892661872
1999-07-15 09:22:51.874378338,34.946259119747396,35.38141546005436,34.446117120370886,34.670556522028654,34.56959905421769
1999-07-17 09:25:44.708944648,34.946265366632296,35.38140960251423,34.44612931583393,34.67055972658488,34.56962917342526
1999-07-19 09:28:37.543510954,34.946270646152506,35.38140340585414,34.44614160846867,34.670562979491784,34.56965932507002
1999-07-21 09:31:30.378077264,34.94627498786475,35.38139688294712,34.446153975948235,34.670566279128295,34.56968948157834
1999-07-23 09:34:23.212643574,34.946278526598505,35.38139003134126,34.44616640696324,34.67056965649455,34.56971957801352
1999-07-25 09:37:16.047209884,34.94628135739005,35.381382807703716,34.446178913108824,34.67057315358141,34.56974956573858
1999-07-27 09:40:08.881776196,34.946283572403054,35.38137517347597,34.44619150478266,34.67057680943512,34.569779397830125
1999-07-29 09:43:01.716342504,34.94628526092863,35.38136709487381,34.44620419118499,34.67058066015735,34.569809029078336
1999-07-31 09:45:54.550915988,34.946286509385324,35.381358542887334,34.4462169803186,34.6705847389052,34.569838415986986
1999-08-02 09:48:47.385482296,34.9462874013191,35.38134949328096,34.44622987898884,34.67058907589114,34.569867516773414
1999-08-04 09:51:40.220048608,34.94628801740334,35.38133992659341,34.446242892803596,34.67059369838307,34.569896291368565
1999-08-06 09:54:33.054614916,34.94628843543888,35.38132982813774,34.44625602617334,34.67059863070432,34.56992470141696
1999-08-08 09:57:25.889181228,34.946288730353956,35.38131918800129,34.446269282311064,34.670603894233594,34.5699527102767
1999-08-10 10:00:18.723747532,34.94628897420425,35.381308001045745,34.44628266323234,34.670609507405025,34.56998028301948
1999-08-12 10:03:11.558313844,34.94628923617286,35.38129626690708,34.44629616975528,34.67061548570817,34.570007386430575
1999-08-14 10:06:04.392880152,34.94628958257031,35.38128398999558,34.44630980150055,34.67062184168796,34.57003398900883
1999-08-16 10:08:57.227446464,34.946290076834565,35.38127117949587,34.44632355689137,34.670628584944765,34.57006006096669
1999-08-18 10:11:50.062012772,34.94629077953101,35.381257849366854,34.44633743315354,34.67063572213436,34.570085574230184
1999-08-20 10:14:42.896579084,34.94629174835246,35.38124401834178,34.44635142631537,34.67064325696792,34.57011050243892
1999-08-22 10:17:35.731145392,34.94629303811913,35.3812297099282,34.44636553120776,34.67065119021205,34.5701348209461
1999-08-24 10:20:28.565718876,34.946294700778715,35.381214952407966,34.44637974146415,34.67065951968874,34.57015850681849
1999-08-26 10:23:21.400285184,34.94629678540629,35.38119977883726,34.44639404952053,34.670668240275404,34.57018153883645
1999-08-28 10:26:14.234851496,34.94629933820438,35.38118422704656,34.44640844661545,34.67067734390488,34.57020389749394
1999-08-30 10:29:07.069417800,34.946302402502944,35.38116833964067,34.44642292279002,34.670686819565375,34.57022556499848
1999-09-01 10:31:59.903984112,34.94630601875934,35.38115216399872,34.44643746688789,34.67069665330055,34.57024652527118
1999-09-03 10:34:52.738550420,34.946310224558374,35.38113575227412,34.44645206655528,34.67070682820946,34.570266763946755
1999-09-05 10:37:45.573116732,34.94631505461228,35.38111916139462,34.446466708240955,34.670717324446564,34.57028626837347
1999-09-07 10:40:38.407683040,34.946320540760716,35.381102453062276,34.446481377196235,34.670728119221735,34.5703050276132
1999-09-09 10:43:31.242249352,34.94632671197076,35.38108569375345,34.446496057474995,34.670739186800255,34.5703230324414
1999-09-11 10:46:24.076815660,34.94633363529862,35.3810690157308,34.446510739108895,34.670750521092565,34.570340235015955
1999-09-13 10:49:16.911381972,34.946341436883316,35.38105261939287,34.44652542984914,34.6707621586398,34.570356531772326
1999-09-15 10:52:09.745948280,34.946350039846656,35.38103637224728,34.44654011169965,34.670774037429396,34.57037202318887
1999-09-17 10:55:02.580521764,34.946359355872374,35.381020125235146,34.446554765463475,34.67078608972697,34.570386821620595
1999-09-19 10:57:55.415088068,34.946369303375285,35.38100374128354,34.44656937349927,34.670798251491405,34.57040103323416
1999-09-21 11:00:48.249654380,34.94637980750132,35.38098709530546,34.4465839197213,34.670810462374874,34.57041475800785
1999-09-23 11:03:41.084220688,34.946390800127496,35.380970074199816,34.446598389599416,34.67082266572279,34.57042808973154
1999-09-25 11:06:33.918787000,34.94640221986193,35.380952576851485,34.44661277015908,34.670834808573844,34.570441116006776
1999-09-27 11:09:26.753353308,34.94641401204384,35.38093451413126,34.44662704998135,34.67084684165998,34.57045391824669
1999-09-29 11:12:19.587919620,34.94642612874353,35.380915808895885,34.4466412192029,34.67085871940642,34.570466571676064
1999-10-01 11:15:12.422485928,34.94643852876243,35.380896395988,34.446655269516015,34.67087039993164,34.57047914533128
1999-10-03 11:18:05.257052240,34.946451177633016,35.38087622223623,34.44666919416855,34.670881845047376,34.570491702060366
1999-10-05 11:20:58.091618548,34.94646404761892,35.3808552464551,34.44668298796399,34.67089302025864,34.57050429852297
1999-10-07 11:23:50.926184860,34.946477117714835,35.38083343944508,34.44669664726141,34.670903894763704,34.57051698519036
1999-10-09 11:26:43.760751168,34.946490373646554,35.380810783992565,34.4467101699755,34.67091444145411,34.57052980634543
1999-10-11 11:29:36.595324648,34.94650380787099,35.3807872748699,34.44672355557655,34.67092463691464,34.570542800082684
1999-10-13 11:32:29.429890956,34.94651741957612,35.380762918835366,34.44673680509044,34.67093446142338,34.57055599830828
1999-10-15 11:35:22.264457268,34.94653121468105,35.38073773463315,34.44674992109867,34.67094389895165,34.57056942673998
1999-10-17 11:38:15.099023576,34.94654520583597,35.380711752993406,34.44676290773833,34.67095293716403,34.57058310490717
1999-10-19 11:41:07.933589888,34.946559412422154,35.380685016632206,34.44677577070213,34.6709615674184,34.57059704615088
1999-10-21 11:44:00.768156196,34.946573860552,35.38065758025155,34.44678851723837,34.670969784765866,34.57061125762373
1999-10-23 11:46:53.602722508,34.94658858306898,35.38062951053939,34.44680115615094,34.670977587950816,34.57062574029
1999-10-25 11:49:46.437288816,34.94660361954769,35.38060088616961,34.446813697799364,34.6709849794109,34.57064048892556
1999-10-27 11:52:39.271855128,34.946619016293795,35.38057179780201,34.446826154098744,34.67099196527704,34.57065549211795
1999-10-29 11:55:32.106421436,34.94663482634407,35.38054234808234,34.446838538519806,34.67099855537341,34.57067073226628
1999-10-31 11:58:24.940987748,34.946651109466394,35.380512651642285,34.44685086608886,34.67100476321745,34.57068618558133
1999-11-02 12:01:17.775554056,34.94666793215973,35.38048283509945,34.44686315338783,34.67101060601986,34.570701822085475
1999-11-04 12:04:10.610127536,34.94668536765415,35.38045303705739,34.446875418554235,34.67101610468463,34.570717605612735
1999-11-06 12:07:03.444693844,34.94670355676797,35.38042347282631,34.446887685115385,34.67102127697143,34.57073350207269
1999-11-08 12:09:56.279260156,34.946722893652634,35.380394633193184,34.44689999055465,34.67102612070063,34.570749494508235
1999-11-10 12:12:49.113826464,34.94674333991928,35.3803665502648,34.44691233988892,34.6710306896967,34.5707654906406
1999-11-12 12:15:41.948392776,34.946764786572444,35.38033917565336,34.44692473188348,34.67103504394806,34.5707813930208
1999-11-14 12:18:34.782959084,34.94678713033805,35.380312461271544,34.44693716417586,34.671039240397775,34.570797110885856
1999-11-16 12:21:27.617525396,34.946810273663445,35.38028635933256,34.446949633275814,34.6710433329435,34.570812560158814
1999-11-18 12:24:20.452091704,34.946834124717356,35.38026082235014,34.44696213456535,34.671047372437485,34.570827663448725
1999-11-20 12:27:13.286658016,34.946858597389934,35.38023580313852,34.446974662298686,34.67105140668661,34.57084235005067
1999-11-22 12:30:06.121224324,34.946883611292726,35.380211254812444,34.44698720960232,34.67105548045233,34.57085655594575
1999-11-24 12:32:58.955790632,34.9469090917587,35.38018713078719,34.44699976847494,34.67105963545073,34.57087022380109
1999-11-26 12:35:51.790356940,34.946934969842204,35.380163384778534,34.44701232978749,34.671063910352494,34.57088330296981
1999-11-28 12:38:44.624930424,34.94696118231901,35.380139970802766,34.44702488328316,34.67106834078291,34.57089574949107
1999-11-30 12:41:37.459496732,34.946987671686294,35.380116843176694,34.44703741757736,34.67107295932186,34.57090752609005
1999-12-02 12:44:30.294063044,34.94701438616263,35.38009395651765,34.44704992015776,34.671077795503855,34.57091860217794
1999-12-04 12:47:23.128629352,34.947041279688,35.38007126574346,34.44706237738423,34.67108287581799,34.57092895385195
1999-12-06 12:50:15.963195664,34.94706831192379,35.380048726072474,34.4470747744889,34.671088223707976,34.570938563895304
1999-12-08 12:53:08.797761972,34.94709544825281,35.38002629302357,34.44708709557614,34.671093859572125,34.570947421777255
1999-12-10 12:56:01.632328284,34.94712265977925,35.38000392241611,34.44709932362255,34.671099800763365,34.570955523653076
1999-12-12 12:58:54.466894592,34.9471499233287,35.37998157036999,34.44711144047696,34.671106061589214,34.57096287236404
1999-12-14 13:01:47.301460904,34.94717722144819,35.379959193305616,34.44712342686045,34.671112653311795,34.57096947743747
1999-12-16 13:04:40.136027208,34.94720454240613,35.379936747943916,34.44713526236633,34.67111958414786,34.570975355086674
1999-12-18 13:07:32.970593520,34.94723188019234,35.37991419130632,34.44714692546014,34.67112685926874,34.57098052821101
1999-12-20 13:10:25.805167000,34.94725923451804,35.379891480714775,34.44715839347966,34.67113448080038,34.570985026395824
1999-12-22 13:13:18.639733312,34.94728661081588,35.37986857379174,34.44716964263492,34.671142447823335,34.570988885912506
1999-12-24 13:16:11.474299620,34.94731402023987,35.3798454284602,34.447180648008164,34.67115075637277,34.57099214971845
1999-12-26 13:19:04.308865932,34.947341479665475,35.37982200294364,34.44719138355389,34.67115939943843,34.570994867457074
1999-12-28 13:21:57.143432240,34.94736901168953,35.37979825576606,34.447201822098826,34.67116836696469,34.57099709545782
1999-12-30 13:24:49.977998552,34.947396644630295,35.37977414575199,34.44721193534194,34.671177645850534,34.57099889673614
2000-01-01 13:29:55.587393804,34.94742445892148,35.37974965338239,34.44722169436135,34.671187216699735,34.57100034648993
2000-01-03 13:40:42.320137008,34.94745302020307,35.37972501721749,34.44723107893895,34.67119701643525,34.571001593449616
2000-01-05 13:51:29.052880211,34.94748247717424,35.37970035758376,34.447240073810235,34.67120699630963,34.571002758254785
2000-01-07 14:02:15.785623415,34.94751281516877,35.37967572601118,34.447248664494445,34.67121711936889,34.5710039394852
2000-01-09 14:13:02.518366619,34.94754401471907,35.37965116977052,34.44725683807648,34.67122735112105,34.57100522975638
2000-01-11 14:23:49.251109823,34.947576051556155,35.379626731873365,34.44726458320689,34.67123765953607,34.571006715719605
2000-01-13 14:34:35.983860217,34.94760889660966,35.37960245107211,34.447271890101874,34.67124801504594,34.57100847806192
2000-01-15 14:45:22.716603421,34.94764251600784,35.37957836185993,34.44727875054329,34.671258390544615,34.57101059150614
2000-01-17 14:56:09.449346624,34.94767687107756,35.37955449447083,34.447285157878646,34.671268761388035,34.57101312481085
2000-01-19 15:06:56.182089828,34.94771191834431,35.379530874879606,34.447291107021115,34.67127910539411,34.57101614077038
2000-01-21 15:17:42.914833032,34.94774760953219,35.37950752480186,34.4472965944495,34.67128940284277,34.57101969621486
2000-01-23 15:28:29.647576236,34.947783891563915,35.379484461694005,34.44730161820828,34.67129963647588,34.57102384201015
2000-01-25 15:39:16.380319439,34.94782070656082,35.37946169875325,34.44730617790757,34.67130979149732,34.57102862305789
2000-01-27 15:50:03.113062643,34.94785799184285,35.37943924491762,34.44731027472316,34.67131985557297,34.57103407829549
2000-01-29 16:00:49.845805847,34.947895679928585,35.37941710486593,34.44731391139646,34.67132981883064,34.57104024069612
2000-01-31 16:11:36.578549050,34.94793369853519,35.379395279017814,34.44731709223458,34.67133967386018,34.571047137268714
2000-02-02 16:22:23.311292255,34.94797197057847,35.3793737635337,34.447319823110234,34.67134941571339,34.57105478905797
2000-02-04 16:33:10.044035458,34.94801041417284,35.37935255031482,34.44732211146182,34.67135904190406,34.571063211144356
2000-02-06 16:43:56.776785852,34.94804894263134,35.37933162700322,34.44732396629339,34.671368552407976,34.57107241264411
2000-02-08 16:54:43.509529056,34.948087464465594,35.37931097698175,34.447325398174634,34.6713779496629,34.571082396709215
2000-02-10 17:05:30.242272259,34.948125883385885,35.37929057937405,34.4473264192409,34.67138723856856,34.57109316052744
2000-02-12 17:16:16.975015463,34.948164098301085,35.37927040904458,34.4473270431932,34.6713964264867,34.57110469532231
2000-02-14 17:27:03.707758667,34.94820200331869,35.3792504365986,34.44732728529818,34.671405523241035,34.57111698635312
2000-02-16 17:37:50.440501871,34.948239487744814,35.379230628382174,34.44732716238816,34.67141454111725,34.57113001291492
2000-02-18 17:48:37.173245075,34.948276436084186,35.37921094648217,34.44732669286111,34.67142349486303,34.57114374833854
2000-02-20 17:59:23.905988279,34.94831272804015,35.37919134872626,34.447325896680645,34.67143240168804,34.57115815999057
2000-02-22 18:10:10.638731482,34.94834823851466,35.37917178868292,34.447324795376026,34.671441281263924,34.571173209273354
2000-02-24 18:20:57.371474686,34.9483828376083,35.379152215661435,34.44732341204219,34.671450155724315,34.57118885162501
2000-02-26 18:31:44.104217890,34.94841660650821,35.37913257844331,34.447321761132635,34.67145907144302,34.571205030582384
2000-02-28 18:42:30.836961093,34.948449998387474,35.37911283974534,34.44731984548677,34.67146809474785,34.57122167526729
2000-03-01 18:53:17.569711488,34.94848312720902,35.37909296888519,34.447317688351205,34.67147723892588,34.571238726816134
2000-03-03 19:04:04.302454691,34.94851607894237,35.37907294087449,34.447315314264664,34.67148651064106,34.571256132029895
2000-03-05 19:14:51.035197895,34.94854892464735,35.37905273652406,34.44731274837156,34.67149591150782,34.571273843028266
2000-03-07 19:25:37.767941099,34.94858172047414,35.37903234244396,34.447310016421966,34.67150543809109,34.571291817249644
2000-03-09 19:36:24.500684302,34.948614507663244,35.37901175104348,34.44730714477166,34.671515081906264,34.57131001745116
2000-03-11 19:47:11.233427506,34.94864731254551,35.3789909605311,34.4473041603821,34.67152482941925,34.57132841170864
2000-03-13 19:57:57.966170710,34.9486801465421,35.37896997491453,34.44730109082042,34.67153466204642,34.57134697341664
2000-03-15 20:08:44.698913914,34.94871300616452,35.37894880400072,34.447297964259434,34.67154455615465,34.57136568128841
2000-03-17 20:19:31.431657118,34.9487458730146,35.37892746339582,34.44729480947766,34.67155448306131,34.57138451935594
2000-03-19 20:30:18.164400321,34.948778713784506,35.37890597450521,34.44729165585928,34.671564409034225,34.57140347696992
2000-03-21 20:41:04.897143525,34.94881148025674,35.37888436453347,34.44728853339417,34.67157429529174,34.57142254879975
2000-03-23 20:51:51.629886729,34.94884410930412,35.37886266648443,34.44728547267788,34.671584098002675,34.57144173483356
2000-03-25 21:02:38.362637123,34.94887652288981,35.37884091916113,34.44728250491167,34.67159376828634,34.57146104037818
2000-03-27 21:13:25.095380327,34.948908628067315,35.3788191671658,34.447279661902435,34.67160325221252,34.571480476059165
2000-03-29 21:24:11.828123530,34.94894031698044,35.378797460899946,34.4472769760628,34.671612490801515,34.57150005782077
2000-03-31 21:34:58.560866734,34.948971466863355,35.378775856564246,34.44727448041106,34.671621420024074,34.571519806925984
2000-04-02 21:45:45.293609938,34.94900194004054,35.37875441615862,34.44727220857118,34.67162997080147,34.57153974995649
2000-04-04 21:56:32.026353141,34.94903158392682,35.378733207482206,34.44727019477282,34.671638069005446,34.57155991881272
2000-04-06 22:07:18.759096345,34.94906023102734,35.37871230413335,34.44726847385133,34.67164563545823,34.57158035071377
2000-04-08 22:18:05.491839549,34.94908769893758,35.37869178550964,34.44726708124772,34.671652585932556,34.57160108819748
2000-04-10 22:28:52.224582752,34.94911379034336,35.37867173680787,34.44726605300872,34.67165883115161,34.57162217912041
2000-04-12 22:39:38.957325956,34.94913829302083,35.37865224902404,34.44726542578671,34.6716642767891,34.571643676657835
2000-04-14 22:50:25.690069160,34.94916097983646,35.378633418953406,34.44726523683977,34.67166882346921,34.57166563930372
2000-04-16 23:01:12.422812364,34.94918160874707,35.37861534919041,34.447265524031664,34.67167236676661,34.57168813087076
2000-04-18 23:11:59.155562758,34.94920004886728,35.37859808616154,34.44726631155422,34.671674812504826,34.5717111893103
2000-04-20 23:22:45.888305962,34.949216517259664,35.3785815548689,34.44726759389068,34.671676267079356,34.57173475541746
2000-04-22 23:33:32.621049166,34.94923123575986,35.37856570853743,34.4472693706601,34.67167693563126,34.571758762445484
2000-04-24 23:44:19.353792370,34.94924441673051,35.3785505005023,34.44727164082419,34.67167700934358,34.57178314837022
2000-04-26 23:55:06.086535574,34.94925626391627,35.37853588362233,34.44727440255537,34.67167666501939,34.57180785572005
2000-04-29 00:05:52.819278776,34.949266972443745,35.37852181028,34.447277653236824,34.67167606508182,34.57183283157587
2000-05-01 00:16:39.552021980,34.949276728821566,35.37850823238142,34.44728138946244,34.671675357574046,34.571858027571125
2000-05-03 00:27:26.284765184,34.949285710940316,35.37849510135638,34.44728560703686,34.67167467615929,34.571883399891796
2000-05-05 00:38:13.017508388,34.949294088072584,35.37848236815828,34.44729030097546,34.67167414012083,34.571908909276395
2000-05-07 00:48:59.750251592,34.94930202087294,35.378469983264196,34.44729546550433,34.671673854361984,34.57193452101597
2000-05-09 00:59:46.482994794,34.94930966137794,35.37845789667485,34.44730109406033,34.671673909406124,34.57196020495408
2000-05-11 01:10:33.215737998,34.94931715300612,35.378446057914616,34.447307179291,34.67167438139667,34.571985935486865
2000-05-13 01:21:19.948488394,34.94932463055802,35.378434416031496,34.447313713054676,34.67167533209709,34.57201169156296
2000-05-15 01:32:06.681231598,34.949332220216135,35.37842291959716,34.44732068642038,34.67167680889089,34.572037456683546
2000-05-17 01:42:53.413974802,34.949340039544985,35.37841151670693,34.44732808966789,34.671678844781646,34.57206321890234
2000-05-19 01:53:40.146718004,34.94934819749105,35.37840015497977,34.44733591228771,34.67168145839296,34.57208897082559
2000-05-21 02:04:26.879461208,34.949356794382794,35.37838878155829,34.44734414298109,34.671684653968505,34.57211470961209
2000-05-23 02:15:13.612204412,34.94936592193068,35.37837734310876,34.447352769659986,34.67168842137198,34.57214043697314
2000-05-25 02:26:00.344947616,34.94937566322716,35.37836578582108,34.44736177944712,34.671692736087145,34.57216615917262
2000-05-27 02:36:47.077690820,34.94938609274666,35.37835405540882,34.44737115867593,34.67169755921781,34.57219188702688
2000-05-29 02:47:33.810434022,34.949397276345586,35.3783420971092,34.44738089289059,34.67170283748782,34.57221763590487
2000-05-31 02:58:20.543177226,34.949409271262354,35.37832985568306,34.447390966846015,34.67170850324109,34.57224342572804
2000-06-02 03:09:07.275920430,34.949422126117355,35.37831727541493,34.44740136450785,34.671714474441565,34.57226928097037
2000-06-04 03:19:54.008663634,34.94943588993425,35.37830427508984,34.447412070645576,34.671720643831364,34.57229523450573
2000-06-06 03:30:40.741414028,34.94945071134949,35.37829044247543,34.447423092387325,34.671726742615924,34.572321375869564
2000-06-08 03:41:27.474157232,34.94946656280463,35.378275769030324,34.44743441576951,34.67173266316758,34.57234773656894
2000-06-10 03:52:14.206900436,34.94948335479959,35.37826040422613,34.447446017892936,34.67173837172734,34.57237432124488
2000-06-12 04:03:00.939643640,34.94950099951217,35.37824448907146,34.44745787694571,34.67174383836814,34.57240113255589
2000-06-14 04:13:47.672386844,34.94951941079809,35.37822815611189,34.44746997220325,34.671749036994825,34.572428171177975
2000-06-16 04:24:34.405130048,34.94953850419098,35.37821152942994,34.44748228402829,34.671753945344214,34.572455435804656
2000-06-18 04:35:21.137873250,34.94955819690239,35.37819472464514,34.447494793870845,34.67175854498504,34.57248292314694
2000-06-20 04:46:07.870616454,34.94957840782175,35.37817784891398,34.44750748426826,34.67176282131798,34.57251062793335
2000-06-22 04:56:54.603359658,34.94959905751641,35.37816100092991,34.44752033884517,34.67176676357564,34.57253854290989
2000-06-24 05:07:41.336102862,34.94962006823163,35.37814427092337,34.447533342313534,34.67177036482256,34.57256665884009
2000-06-26 05:18:28.068846066,34.9496413638906,35.378127740661775,34.4475464804726,34.67177362195522,34.57259496450495
2000-06-28 05:29:14.801596460,34.94966287009438,35.378111483449494,34.447559740208945,34.67177653570203,34.572623446703005
2000-06-30 05:40:01.534339662,34.949684514121955,35.378095564127875,34.447573109496425,34.67177911062335,34.57265209025026
2000-07-02 05:50:48.267082866,34.949706224930225,35.37808003907525,34.447586577396216,34.67178135511145,34.57268087798024
2000-07-04 06:01:34.999826070,34.94972793315398,35.37806495620691,34.447600134056806,34.67178328139055,34.572709790743964
2000-07-06 06:12:21.732569276,34.94974957110595,35.37805035497514,34.447613770713986,34.67178490551681,34.572738807409955
2000-07-08 06:23:08.465312480,34.94977107277673,35.37803626636916,34.44762747969085,34.671786247378314,34.57276790486423
2000-07-10 06:33:55.198055682,34.94979237383485,35.37802271291519,34.4476412543978,34.67178733069509,34.572797058010316
2000-07-12 06:44:41.930798886,34.949813411626764,35.37800970867643,34.44765508933254,34.67178818301908,34.572826239769235
2000-07-14 06:55:28.663542088,34.94983412517679,35.37799725925303,34.4476689800801,34.671788835734205,34.57285542107951
2000-07-16 07:06:15.396285292,34.94985445518719,35.37798536178212,34.44768292331279,34.67178932405627,34.572884570897166
2000-07-18 07:17:02.129028496,34.94987434403812,35.37797400493782,34.44769691679024,34.671789687033055,34.57291365619573
2000-07-20 07:27:48.861771702,34.94989373578765,35.377963168931196,34.4477109593594,34.67178996754425,34.57294264196623
2000-07-22 07:38:35.594522096,34.94991257617174,35.3779528255103,34.447725050954496,34.67179021230149,34.57297149121719
2000-07-24 07:49:22.327265300,34.94993081260429,35.37794293796016,34.447739192597076,34.67179047184834,34.573000164974644
2000-07-26 08:00:09.060008504,34.949948394177085,35.377933461102764,34.44775338639601,34.671790800560316,34.573028622282116
2000-07-28 08:10:55.792751708,34.94996527165981,35.37792434129709,34.44776763554745,34.671791256644845,34.573056820200634
2000-07-30 08:21:42.525494912,34.9499813975001,35.37791551643907,34.44778194433487,34.67179190214131,34.57308471380873
2000-08-01 08:32:29.258238116,34.949996725823446,35.37790691596163,34.44779631812904,34.67179280292101,34.57311225620245
2000-08-03 08:43:15.990981320,34.95001121243328,35.37789846083465,34.44781076338805,34.6717940286872,34.57313939849531
2000-08-05 08:54:02.723724520,34.95002481481093,35.37789006356499,34.44782528765728,34.671795652975064,34.573166089818336
2000-08-07 09:04:49.456467724,34.95003749211564,35.37788162819648,34.44783989956943,34.6717977531517,34.57319227732008
2000-08-09 09:15:36.189210928,34.95004913495024,35.37787296455559,34.4478546226833,34.67180047062081,34.573217820168416
2000-08-11 09:26:22.921954132,34.950059556197665,35.37786370240673,34.44786950299071,34.67180400865707,34.57324244815772
2000-08-13 09:37:09.654697336,34.95006891773176,35.37785381129919,34.4478845245781,34.67180826192011,34.57326628097909
2000-08-15 09:47:56.387447728,34.95007740034466,35.37784329192441,34.447899667210045,34.67181310883839,34.573289460261385
2000-08-17 09:58:43.120190932,34.95008517571958,35.37783214581435,34.4479149115458,34.671818436073586,34.57331211678525
2000-08-19 10:09:29.852934136,34.95009240643087,35.377820375341564,34.44793023913929,34.67182413852062,34.57333437048316
2000-08-21 10:20:16.585677340,34.950099245944024,35.37780798371912,34.4479456324391,34.67183011930764,34.57335633043935
2000-08-23 10:31:03.318420544,34.95010583861565,35.37779497500067,34.447961074788495,34.671836289796026,34.57337809488989
2000-08-25 10:41:50.051163748,34.95011231969346,35.377781354080376,34.4479765504254,34.671842569580384,34.573399751222624
2000-08-27 10:52:36.783906952,34.95011881531632,35.377767126692994,34.447992044482426,34.67184888648856,34.5734213759772
2000-08-29 11:03:23.516650156,34.950125442514214,35.377752299413814,34.448007542986836,34.67185517658164,34.57344303484506
2000-08-31 11:14:10.249393360,34.950132309208236,35.37773687965867,34.44802303286057,34.671861384153914,34.573464782669475
2000-09-02 11:24:56.982136564,34.95013951421061,35.37772087568396,34.44803850192024,34.67186746173292,34.57348666344547
2000-09-04 11:35:43.714879768,34.950147147224705,35.37770429658664,34.4480539388771,34.671873370079446,34.5735087103199
2000-09-06 11:46:30.447622968,34.95015528884498,35.3776871523042,34.44806933333713,34.671879078187466,34.57353094559141
2000-09-08 11:57:17.180373368,34.95016401055705,35.377669453614686,34.44808467580092,34.67188456328424,34.573553380710436
2000-09-10 12:08:03.913116572,34.95017337473764,35.377651212136705,34.44809995766377,34.67188981083021,34.573576016279226
2000-09-12 12:18:50.645859776,34.95018343465459,35.37763244032942,34.448115171215626,34.67189481451908,34.57359884205182
2000-09-14 12:29:37.378602976,34.950194234466885,35.377613151492525,34.448130309641115,34.67189957627778,34.57362183693406
2000-09-16 12:40:24.111346180,34.95020580922462,35.37759335976629,34.44814536701953,34.67190410626646,34.57364496898358
2000-09-18 12:51:10.844089384,34.950218184869016,35.37757308013151,34.448160338324826,34.671908422878516,34.573668195409816
2000-09-20 13:01:57.576832588,34.95023137823243,35.377552328409564,34.44817521942564,34.67191255274057,34.57369146257401
2000-09-22 13:12:44.309575792,34.95024539703833,35.37753112126236,34.44819000708528,34.67191653071248,34.5737147059892
2000-09-24 13:23:31.042318996,34.95026023990131,35.37750947619236,34.4482046989617,34.67192039988732,34.57373785032021
2000-09-26 13:34:17.775062200,34.950275896327106,35.37748741154258,34.44821929360756,34.67192421159142,34.573760809383664
2000-09-28 13:45:04.507805404,34.95029234671255,35.3774649464966,34.44823379047014,34.671928025384304,34.57378348614802
2000-09-30 13:55:51.240548608,34.95030956234562,35.37744210107854,34.44824818989145,34.67193190905878,34.573805772733486
2000-10-02 14:06:37.973299000,34.95032750540541,35.377418896153074,34.44826249310812,34.671935938640836,34.5738275504121
2000-10-04 14:17:24.706042204,34.950346128962146,35.37739535342542,34.44827670225146,34.671940198389734,34.573848689607686
2000-10-06 14:28:11.438785408,34.95036537697717,35.377371495441366,34.448290820347474,34.67194478079793,34.573869049895876
2000-10-08 14:38:58.171528612,34.950385184302945,35.37734734558724,34.4483048513168,34.67194978659114,34.573888480004086
2000-10-10 14:49:44.904271816,34.950405476683066,35.377322928089924,34.44831879997478,34.6719553247283,34.57390681781155
2000-10-12 15:00:31.637015020,34.950426168462236,35.37729826928397,34.4483326716929,34.6719615182842,34.57392388240029
2000-10-14 15:11:18.369758224,34.95044713229184,35.377273412930684,34.44834646466663,34.67196860624767,34.57393934109015
2000-10-16 15:22:05.102501424,34.95046838901215,35.3772483165837,34.44836019120165,34.67197650427245,34.573953310418425
2000-10-18 15:32:51.835244628,34.950490011382634,35.37722291347702,34.448373869391226,34.67198500652572,34.57396607217599
2000-10-20 15:43:38.567987832,34.95051206747698,35.377197145019004,34.44838751605972,34.67199392125153,34.573977888092095
2000-10-22 15:54:25.300731036,34.950534620683115,35.37717096079236,34.44840114676259,34.67200307077083,34.57398899983431
2000-10-24 16:05:12.033474240,34.950557729703206,35.37714431855416,34.44841477578642,34.67201229148145,34.57399962900856
2000-10-26 16:15:58.766224632,34.95058144855364,35.3771171842358,34.448428416148865,34.67202143385815,34.5740099771591
2000-10-28 16:26:45.498967836,34.95060582656506,35.377089531943035,34.448442079598706,34.67203036245254,34.57402022576852
2000-10-30 16:37:32.231711040,34.950630908382315,35.37706134395599,34.44845577661583,34.67203895589315,34.57403053625778
2000-11-01 16:48:18.964454248,34.95065673396452,35.37703261072911,34.448469516411215,34.672047106885394,34.57404104998615
2000-11-03 16:59:05.697197452,34.95068333858501,35.3770033308912,34.44848330692694,34.67205472221158,34.574051888251255
2000-11-05 17:09:52.429940656,34.95071075283134,35.37697351124542,34.44849715483621,34.672061722730916,34.57406315228907
2000-11-07 17:20:39.162683860,34.95073900260533,35.37694316676927,34.44851106554331,34.6720680433795,34.5740749232739
2000-11-09 17:31:25.895427064,34.95076810912301,35.376912320614615,34.44852504318363,34.67207363317031,34.57408726231838
2000-11-11 17:42:12.628170268,34.95079808891465,35.376881004107645,34.448539090623676,34.67207845519324,34.57410021047351
2000-11-13 17:52:59.360913472,34.95082895382477,35.376849256748926,34.44855320946106,34.672082486615054,34.574113788728624
2000-11-15 18:03:46.093656676,34.9508607110121,35.37681712621335,34.44856740002449,34.67208571867944,34.574127998011384
2000-11-17 18:14:32.826399876,34.950893362949614,35.376784668350176,34.44858166137376,34.67208815670695,34.57414281918781
2000-11-19 18:25:19.559150272,34.95092690742454,35.376751947182996,34.4485959912998,34.67208982009503,34.57415821306226
2000-11-21 18:36:06.291893476,34.95096133753831,35.376719034909776,34.44861038632462,34.672090742318055,34.57417412037743
2000-11-23 18:46:53.024636680,34.95099664170661,35.376686011902805,34.44862484170134,34.67209097092725,34.57419046181434
2000-11-25 18:57:39.757379884,34.95103280365935,35.37665296670873,34.448639351414194,34.67209056755076,34.57420713799238
2000-11-27 19:08:26.490123084,34.95106980244069,35.376619996048554,34.44865390817851,34.67208960789361,34.57422402946928
2000-11-29 19:19:13.222866288,34.95110758963776,35.37658722043312,34.44866850083614,34.6720882332908,34.57424092461102
2000-12-01 19:29:59.955609492,34.95114602492983,35.37655483364195,34.44868310668089,34.6720868009612,34.57425730772292
2000-12-03 19:40:46.688352696,34.95118501062768,35.37652299888474,34.44869770677902,34.67208557006464,34.574272802687624
2000-12-05 19:51:33.421095900,34.951224461590016,35.37649185457071,34.448712282864285,34.67208475771236,34.57428709977497
2000-12-07 20:02:20.153839104,34.951264299432786,35.37646151778685,34.4487268166901,34.67208455167483,34.57429993802997
2000-12-09 20:13:06.886582308,34.951304452529264,35.37643208429791,34.44874129002954,34.67208511038168,34.574311105272805
2000-12-11 20:23:53.619325512,34.95134485601001,35.376403628546406,34.44875568467536,34.67208656292176,34.57432043809885
2000-12-13 20:34:40.352075904,34.95138545176288,35.37637620365262,34.448769982439984,34.67208900904312,34.57432782187865
2000-12-15 20:45:27.084819108,34.95142618843305,35.37634984141461,34.4487841651555,34.67209251915298,34.57433319075791
2000-12-17 20:56:13.817562312,34.95146702142294,35.376324552308176,34.448798214673666,34.67209713431779,34.57433652765755
2000-12-19 21:07:00.550305516,34.95150791289233,35.3763003254869,34.44881211286591,34.67210286626317,34.57433786427364
2000-12-21 21:17:47.283048720,34.95154883175827,35.37627712878214,34.44882584162332,34.67210969737395,34.57433728107744
2000-12-23 21:28:34.015791924,34.95158975369509,35.376254908703,34.44883938285666,34.672117580694156,34.57433490731539
2000-12-25 21:39:20.748535132,34.95163066113444,35.37623359043635,34.44885271849636,34.672126439927005,34.5743309210091
2000-12-27 21:50:07.481278332,34.95167154326526,35.37621307784684,34.44886583049252,34.67213616943492,34.574325548955365
2000-12-29 22:00:54.214021536,34.9517123960338,35.37619325347688,34.448878700814916,34.67214663423951,34.574319066726154
2000-12-31 22:11:40.946764740,34.95175322214357,35.37617397854663,34.44889131145296,34.67215767002159,34.57431179866862
2001-01-02 22:14:51.538307102,34.95179403105543,35.37615509295405,34.44890364441578,34.672169083121176,34.574304117905086
2001-01-04 22:17:44.372880582,34.9518348389875,35.37613641527482,34.44891568173214,34.672180650537456,34.574296446333065
2001-01-06 22:20:37.207446892,34.9518756689152,35.37611774276243,34.44892740545047,34.672192119928845,34.57428925462524
2001-01-08 22:23:30.042013201,34.951916550571255,35.37609885134811,34.44893879763888,34.67220320961294,34.57428306222947
2001-01-10 22:26:22.876579511,34.9519575155708,35.376079538013634,34.448949854027525,34.672213693133685,34.574278282434555
2001-01-12 22:29:15.711145821,34.95199855029957,35.37605976159567,34.44896056308598,34.6722235329105,34.57427501053656
2001-01-14 22:32:08.545712131,34.95203961990986,35.376039527672155,34.44897089193149,34.67223270179187,34.574273339299964
2001-01-16 22:35:01.380278440,34.95208069043934,35.37601884674422,34.44898080993262,34.67224118211996,34.57427334218908
2001-01-18 22:37:54.214844750,34.95212172883421,35.37599773424828,34.44899028876566,34.67224896587147,34.57427507308387
2001-01-20 22:40:47.049411060,34.95216270294918,35.37597621055601,34.44899930241457,34.67225605465759,34.574278566279986
2001-01-22 22:43:39.883977370,34.95220358154748,35.37595430097437,34.449007827171016,34.672262459724024,34.574283836488746
2001-01-24 22:46:32.718543680,34.95224433430082,35.375932035745585,34.44901584163434,34.672268201950985,34.57429087883715
2001-01-26 22:49:25.553109989,34.95228493178944,35.37590945004715,34.449023326711604,34.6722733118532,34.57429966886786
2001-01-28 22:52:18.387683470,34.9523253455021,35.375886583991864,34.44903026561752,34.67227782957991,34.57431016253922
2001-01-30 22:55:11.222249779,34.95236554783605,35.37586348262777,34.449036643874535,34.67228180491485,34.57432229622525
2001-02-01 22:58:04.056816089,34.95240551209706,35.37584019593819,34.449042449312756,34.67228529727628,34.574335986715624
2001-02-03 23:00:56.891382399,34.95244521249939,35.375816778841724,34.449047672069995,34.67228837571696,34.57435113121572
2001-02-05 23:03:49.725948708,34.95248462416585,35.37579329119226,34.44905230459175,34.67229111892417,34.57436760734657
2001-02-07 23:06:42.560515018,34.95252372312772,35.375769797778936,34.44905634163123,34.672293615219694,34.574385273144884
2001-02-09 23:09:35.395081328,34.952562486324815,35.37574636832618,34.44905978024929,34.672295962559815,34.57440396706304
2001-02-11 23:12:28.229647638,34.95260089160544,35.375723077493696,34.44906261981454,34.67229826853534,34.5744235079691
2001-02-13 23:15:21.064213948,34.95263891772643,35.37570000487645,34.44906486200323,34.67230065037159,34.5744436951468
2001-02-15 23:18:13.898780257,34.952676544353125,35.37567723500469,34.449066510799334,34.67230323492838,34.574464308295525
2001-02-17 23:21:06.733346567,34.95271375205936,35.37565485734393,34.449067572494485,34.67230615870004,34.57448510753038
2001-02-19 23:23:59.567912877,34.952750519918595,35.375632965076974,34.44906805538078,34.672309561269046,34.57450584454179
2001-02-21 23:26:52.402486357,34.95278681489839,35.37561156211731,34.44906797801378,34.67231341974572,34.57452653486616
2001-02-23 23:29:45.237052667,34.9528227217036,35.37559050722414,34.44906739910772,34.67231771195412,34.57454716589797
2001-02-25 23:32:38.071618977,34.95285834479719,35.37556966017468,34.44906638355459,34.672322455561975,34.574567652453595
2001-02-27 23:35:30.906185286,34.95289377256458,35.37554889602347,34.44906499429935,34.6723276612204,34.57458792033752
2001-03-01 23:38:23.740751596,34.95292907731365,35.3755281051023,34.44906329233998,34.67233333256389,34.57460790634231
2001-03-03 23:41:16.575317906,34.952964315274734,35.37550719302028,34.44906133672746,34.672339466210275,34.574627558248594
2001-03-05 23:44:09.409884216,34.95299952660063,35.37548608066385,34.44905918456575,34.67234605176081,34.574646834825124
2001-03-07 23:47:02.244450525,34.95303473536659,35.37546470419669,34.44905689101181,34.67235307180009,34.5746657058287
2001-03-09 23:49:55.079016835,34.95306994957035,35.37544301505981,34.449054509275605,34.67236050189607,34.574684152004224
2001-03-11 23:52:47.913583145,34.95310516113206,35.37542097997151,34.44905209062009,34.67236831060012,34.57470216508469
2001-03-13 23:55:40.748149455,34.95314034589436,35.375398580927396,34.44904968436122,34.67237645944695,34.57471974779114
2001-03-15 23:58:33.582715765,34.95317546362236,35.37537581520036,34.44904733786795,34.67238490295465,34.57473691383276
2001-03-18 00:01:26.417289245,34.95321045800359,35.37535269534059,34.44904509656222,34.67239358862467,34.57475368790677
2001-03-20 00:04:19.251855555,34.953245256648074,35.37532924917558,34.44904300391899,34.67240245694187,34.57477010569849
2001-03-22 00:07:12.086421864,34.95327977108828,35.37530551981013,34.449041101466186,34.67241144137444,34.57478621388134
2001-03-24 00:10:04.920988174,34.95331389677915,35.3752815656263,34.449039428784744,34.672420468373964,34.574802070116796
2001-03-26 00:12:57.755554484,34.95334751309805,35.3752574602835,34.449038023508606,34.6724294573754,34.574817743054446
2001-03-28 00:15:50.590120793,34.95338048334485,35.37523329271839,34.44903692132471,34.67243832079707,34.57483331233195
2001-03-30 00:18:43.424687103,34.953412654741854,35.37520916714496,34.44903615597297,34.67244696404067,34.574848868575046
2001-04-01 00:21:36.259253413,34.953443858433815,35.37518520305448,34.44903575924632,34.67245528549126,34.57486451339757
2001-04-03 00:24:29.093819723,34.953473909487975,35.37516153521551,34.44903576099068,34.6724631765173,34.57488035940143
2001-04-05 00:27:21.928386033,34.95350260689401,35.375138313673936,34.44903618910497,34.67247052147059,34.574896530176645
2001-04-07 00:30:14.762952343,34.95352952470158,35.375115783067685,34.44903710746829,34.67247710193311,34.57491319224325
2001-04-09 00:33:07.597518653,34.95355429935513,35.37509414905868,34.44903857428763,34.67248273512887,34.57493047586981
2001-04-11 00:36:00.432092132,34.95357708393581,35.37507340343308,34.44904056086393,34.67248748091395,34.5749484055896
2001-04-13 00:38:53.266658442,34.95359803741544,35.375053531921345,34.449043038472745,34.67249140293177,34.574966999919155
2001-04-15 00:41:46.101224752,34.95361731700411,35.375034517235584,34.44904597969789,34.672494565063786,34.57498627272694
2001-04-17 00:44:38.935791062,34.95363507815018,35.3750163390695,34.449049358431445,34.672497031429515,34.5750062332334
2001-04-19 00:47:31.770357372,34.953651474540266,35.374998974098375,34.44905314987373,34.672498866386526,34.575026886010924
2001-04-21 00:50:24.604923680,34.95366665809925,35.37498239597915,34.44905733053333,34.67250013453044,34.575048230983846
2001-04-23 00:53:17.439489990,34.95368077899029,35.37496657535035,34.44906187822711,34.672500900694935,34.57507026342845
2001-04-25 00:56:10.274056300,34.9536939856148,35.374951479832106,34.4490667720802,34.67250122995175,34.57509297397299
2001-04-27 00:59:03.108622610,34.95370642461244,35.37493707402617,34.44907199252595,34.67250118761068,34.57511634859767
2001-04-29 01:01:55.943188920,34.95371824086117,35.374923319515894,34.44907752130602,34.67250083921956,34.57514036863462
2001-05-01 01:04:48.777755230,34.95372957747719,35.37491017486624,34.449083341470306,34.67250025056429,34.575165010767954
2001-05-03 01:07:41.612321538,34.953740575814976,35.374897595623786,34.44908943737696,34.67249948766884,34.575190247033724
2001-05-05 01:10:34.446895020,34.95375137546725,35.37488553431671,34.44909579469242,34.672498616795195,34.575216044819946
2001-05-07 01:13:27.281461330,34.95376211426502,35.37487394045481,34.44910240039136,34.672497704443444,34.57524236686657
2001-05-09 01:16:20.116027640,34.95377292827755,35.37486276052949,34.44910924275673,34.6724968173517,34.575269171265504
2001-05-11 01:19:12.950593948,34.95378395181237,35.37485193801376,34.449116311379726,34.672496022496134,34.57529641146063
2001-05-13 01:22:05.785160258,34.95379531741526,35.37484141336224,34.44912359715983,34.67249538709098,34.57532403624775
2001-05-15 01:24:58.619726568,34.953807155870294,35.37483112401115,34.449131092304775,34.672494978588524,34.57535198977464
2001-05-17 01:27:51.454292878,34.953819596199786,35.37482100437835,34.449138790330544,34.6724948646791,34.57538021154103
2001-05-19 01:30:44.288859188,34.95383276566432,35.37481098586327,34.44914668606138,34.67249511329111,34.575408636398585
2001-05-21 01:33:37.123425498,34.95384678976275,35.37480099684698,34.44915477562982,34.67249579259101,34.57543719455094
2001-05-23 01:36:29.957991808,34.95386179223218,35.37479096269214,34.44916305647662,34.67249697098329,34.575465811553684
2001-05-25 01:39:22.792558116,34.953877895048,35.37478080574303,34.44917152735083,34.67249871711052,34.575494408314334
2001-05-27 01:42:15.627124426,34.95389521842385,35.37477044532554,34.44918018830974,34.67250109985332,34.575522901092384
2001-05-29 01:45:08.461697908,34.95391375414504,35.374759844802,34.44918906800714,34.67250413483579,34.575551220161884
2001-05-31 01:48:01.296264216,34.953933059663925,35.37474913160843,34.44919828110058,34.67250764395408,34.57557936569371
2001-06-02 01:50:54.130830526,34.95395292309004,35.374738355562485,34.449207880293656,34.672511532599444,34.57560731878109
2001-06-04 01:53:46.965396836,34.9539731718542,35.37472755603867,34.44921790436003,34.672515719656396,34.5756350630176
2001-06-06 01:56:39.799963146,34.95399364591566,35.374716771730945,34.44922838420694,34.67252012661635,34.57566258812231
2001-06-08 01:59:32.634529456,34.95401419776217,35.374706040652654,34.44923934287516,34.67252467757766,34.57568988993977
2001-06-10 02:02:25.469095766,34.954034692409934,35.37469540013658,34.44925079553908,34.67252929924564,34.57571697043996
2001-06-12 02:05:18.303662076,34.95405500740363,35.374684886834935,34.44926274950662,34.672533920932494,34.57574383771839
2001-06-14 02:08:11.138228384,34.95407503281642,35.37467453671934,34.449275204219305,34.67253847455738,34.575770505996
2001-06-16 02:11:03.972794694,34.95409467124991,35.37466438508083,34.449288151252205,34.67254289464638,34.575796995619214
2001-06-18 02:13:56.807361004,34.95411383783419,35.374654466529876,34.449301574313985,34.6725471183325,34.575823333059944
2001-06-20 02:16:49.641927314,34.954132460227825,35.37464481499637,34.44931544924686,34.6725510853557,34.57584955091556
2001-06-22 02:19:42.476500794,34.95415047861783,35.37463546372962,34.449329744026635,34.67255473806285,34.5758756879089
2001-06-24 02:22:35.311067104,34.95416784571971,35.37462644529834,34.44934441876267,34.67255802140776,34.57590178888829
2001-06-26 02:25:28.145633414,34.954184526777425,35.3746177915907,34.44935942569791,34.67256088295116,34.57592790482752
2001-06-28 02:28:20.980199724,34.95420049956341,35.37460953381426,34.44937470920885,34.67256327286073,34.57595409282587
2001-06-30 02:31:13.814766034,34.95421575437857,35.374601702496015,34.44939020580558,34.67256514391106,34.57598041610807
2001-07-02 02:34:06.649332344,34.954230294052294,35.374594327482384,34.44940584413175,34.67256645148369,34.576006944024314
2001-07-04 02:36:59.483898652,34.9542441339424,35.37458743793919,34.44942154496459,34.67256715356708,34.576033752050314
2001-07-06 02:39:52.318464962,34.95425730193523,35.374581062351695,34.44943722121489,34.672567210756625,34.57606092178721
2001-07-08 02:42:45.153031272,34.95426983844554,35.37457522852458,34.44945277792702,34.672566586254646,34.57608854096164
2001-07-10 02:45:37.987597582,34.954281796416595,35.37456996358193,34.44946811227891,34.672565245870395,34.57611670342571
2001-07-12 02:48:30.822163892,34.954293241320116,35.37456529396728,34.44948311358206,34.67256315802007,34.576145509157
2001-07-14 02:51:23.656737372,34.954304251156294,35.37456124544356,34.449497663281576,34.672560293726775,34.57617506425855
2001-07-16 02:54:16.491303682,34.954314875808365,35.37455787721697,34.449511638916306,34.67255656214999,34.576205520906605
2001-07-18 02:57:09.325869992,34.954325059405825,35.37455523069164,34.44952501938332,34.67255185145965,34.57623695434321
2001-07-20 03:00:02.160436302,34.954334844484364,35.37455314157538,34.44953787883369,34.67254637593029,34.576269133976616
2001-07-22 03:02:54.995002612,34.95434428127273,35.374551441332834,34.44955029033305,34.672540355558496,34.576301827025695
2001-07-24 03:05:47.829568922,34.95435341815646,35.3745499699234,34.44956232281923,34.672533994271106,34.57633481599277
2001-07-26 03:08:40.664135232,34.95436230167782,35.374548575801256,34.44957404110227,34.67252747992516,34.57636789866364
2001-07-28 03:11:33.498701542,34.95437097653587,35.37454711591535,34.449585505864334,34.672520984307944,34.576400888107564
2001-07-30 03:14:26.333267852,34.95437948558644,35.37454545570939,34.449596773659835,34.67251466313699,34.57643361267725
2001-08-01 03:17:19.167834160,34.95438786984213,35.374543469121846,34.44960789691533,34.67250865606003,34.57646591600887
2001-08-03 03:20:12.002400468,34.9543961684723,35.37454103858597,34.44961892392957,34.67250308665506,34.57649765702208
2001-08-05 03:23:04.836966780,34.95440441880307,35.37453805502978,34.449629898873496,34.672498062430286,34.57652870991998
2001-08-07 03:25:57.671540260,34.95441265631736,35.37453441787605,34.44964086179023,34.672493674824146,34.57655896418912
2001-08-09 03:28:50.506106572,34.95442091465483,35.37453003504234,34.44965184859507,34.67248999920533,34.57658832459953
2001-08-11 03:31:43.340672880,34.954429225611925,35.37452482294096,34.4496628910755,34.672487094872736,34.57661671120469
2001-08-13 03:34:36.175239192,34.95443761914185,35.37451870647901,34.4496740168912,34.6724850050555,34.57664405934157
2001-08-15 03:37:29.009805500,34.95444612335458,35.37451161905833,34.44968524957403,34.672483756913,34.57667031963055
2001-08-17 03:40:21.844371812,34.95445476451687,35.37450350257555,34.44969660852802,34.67248336153484,34.576695457975525
2001-08-19 03:43:14.678938120,34.95446356705223,35.37449430742206,34.4497081090294,34.67248381394085,34.57671945556382
2001-08-21 03:46:07.513504428,34.954472553540946,35.37448399248402,34.44971976222658,34.67248509308109,34.57674230886622
2001-08-23 03:49:00.348070736,34.95448174472007,35.37447252514236,34.44973157514015,34.67248716183587,34.576764029637
2001-08-25 03:51:53.182637048,34.95449115948343,35.37445988127276,34.44974355066289,34.67248996701571,34.576784644913864
2001-08-27 03:54:46.017203356,34.95450081488161,35.374446045245705,34.449755687559744,34.672493439361375,34.57680419701799
2001-08-29 03:57:38.851769668,34.95451072612198,35.37443100992641,34.44976798046788,34.67249749354385,34.57682274355403
2001-08-31 04:00:31.686343148,34.95452090656867,35.37441477667489,34.44978041989661,34.67250202816437,34.576840357410084
2001-09-02 04:03:24.520909460,34.95453136774257,35.3743973553459,34.44979299222746,34.67250692575438,34.576857126757716
2001-09-04 04:06:17.355475768,34.95454212424083,35.37437875660453,34.449805672619895,34.67251199492536,34.57687320733549
2001-09-06 04:09:10.190042080,34.95455321786681,35.37435896686869,34.44981837667545,34.67251665184443,34.57688911817687
2001-09-08 04:12:03.024608388,34.954564640882204,35.37433807478899,34.44983106505771,34.67252081763178,34.5769049374054
2001-09-10 04:14:55.859174696,34.95457637509467,35.37431618528772,34.449843714826784,34.672524540310675,34.57692063117001
2001-09-12 04:17:48.693741004,34.95458840341048,35.374293399100274,34.44985630542506,34.672527866366586,34.576936168388926
2001-09-14 04:20:41.528307316,34.95460070983455,35.37426981277512,34.449868818677224,34.67253084074716,34.57695152074967
2001-09-16 04:23:34.362873624,34.95461327947042,35.374245518673824,34.44988123879022,34.6725335068622,34.57696666270906
2001-09-18 04:26:27.197439936,34.95462609852024,35.37422060497103,34.4498935523533,34.67253590658372,34.57698157149323
2001-09-20 04:29:20.032006244,34.954639154284784,35.37419515565447,34.44990574833799,34.672538080245886,34.57699622709757
2001-09-22 04:32:12.866572556,34.954652435163474,35.37416925052497,34.44991781809809,34.67254006664506,34.57701061228679
2001-09-24 04:35:05.701146036,34.95466593065434,35.37414296519644,34.44992975536969,34.67254190303977,34.57702471259491
2001-09-26 04:37:58.535712348,34.95467963135404,35.37411637109587,34.44994155627116,34.672543625150745,34.577038516325224
2001-09-28 04:40:51.370278656,34.95469352895786,35.37408953546336,34.44995321930316,34.67254526716086,34.577052014550326
2001-09-30 04:43:44.204844968,34.95470761625972,35.37406252135206,34.44996474534862,34.67254686171519,34.577065201112106
2001-10-02 04:46:37.039411272,34.95472188715213,35.37403538762824,34.44997613767276,34.67254843992099,34.577078072621745
2001-10-04 04:49:29.873977584,34.95473633662627,35.37400818897124,34.449987401923096,34.67255003134768,34.577090628459736
2001-10-06 04:52:22.708543892,34.95475096077192,35.373980975873486,34.44999854612939,34.67255166402688,34.57710287077586
2001-10-08 04:55:15.543110204,34.95476575677749,35.373953794640514,34.450009580703735,34.67255336445236,34.577114804489185
2001-10-10 04:58:08.377676512,34.95478072293002,35.37392668739091,34.45002051844046,34.6725551575801,34.577126437288086
2001-10-12 05:01:01.212242824,34.954795858615164,35.37389969205638,34.450031374516215,34.67255706682823,34.57713777963023
2001-10-14 05:03:54.046809132,34.95481116431722,35.37387284238171,34.4500421664899,34.67255911407708,34.577148844742574
2001-10-16 05:06:46.881375444,34.954826641619086,35.37384616792475,34.45005291430273,34.67256131966915,34.57715964862139
2001-10-18 05:09:39.715948924,34.95484229320231,35.37381969405646,34.450063640278174,34.672563702409114,34.577170210032214
2001-10-20 05:12:32.550515236,34.95485812284705,35.373793441960885,34.450074369122,34.67256627956384,34.577180550509915
2001-10-22 05:15:25.385081540,34.9548741354321,35.373767428635155,34.45008512792225,34.67256906686236,34.57719069435863
2001-10-24 05:18:18.219647852,34.95489033693486,35.37374166688949,34.45009594614926,34.67257207849589,34.5772006686518
2001-10-26 05:21:11.054214160,34.954906734431376,35.373716165347176,34.45010685565564,34.672575327117826,34.577210503232166
2001-10-28 05:24:03.888780472,34.954923336096314,35.373690928444624,34.45011789067629,34.672578823843736,34.57722023071176
2001-10-30 05:26:56.723346780,34.95494015120296,35.373665956431296,34.45012908782837,34.67258257825138,34.57722988647191
2001-11-01 05:29:49.557913092,34.95495719012323,35.37364124536977,34.45014048611136,34.67258659838068,34.577239508663254
2001-11-03 05:32:42.392479400,34.954974478365706,35.37361674557678,34.45015213616347,34.67259068105633,34.577249379418554
2001-11-05 05:35:35.227045712,34.954992062355586,35.3735923528,34.450164076945605,34.672594454894764,34.57725991326834
2001-11-07 05:38:28.061612020,34.95500997212194,35.37356801345648,34.450176315940055,34.67259786968783,34.577271110348434
2001-11-09 05:41:20.896178332,34.955028234711655,35.373543677708184,34.45018885597455,34.67260088970118,34.57728295277467
2001-11-11 05:44:13.730751808,34.95504687445996,35.37351929861268,34.45020169553254,34.6726034889076,34.57729541043956
2001-11-13 05:47:06.565318120,34.95506591299046,35.373494832123136,34.45021482875319,34.67260565098702,34.577308441012335
2001-11-15 05:49:59.399884428,34.95508536921509,35.37347023708832,34.45022824543135,34.672607369326535,34.57732198993887
2001-11-17 05:52:52.234450740,34.95510525933413,35.37344547525261,34.45024193101759,34.67260864702034,34.57733599044178
2001-11-19 05:55:45.069017048,34.95512559683623,35.373420511255986,34.45025586661818,34.67260949686982,34.57735036352033
2001-11-21 05:58:37.903583360,34.955146392498385,35.37339531263402,34.45027002899511,34.67260994138346,34.57736501795049
2001-11-23 06:01:30.738149668,34.95516765438592,35.3733698498179,34.45028439056606,34.67261001277694,34.57737985028491
2001-11-25 06:04:23.572715980,34.95518938785253,35.3733440961344,34.45029891940444,34.67260975297304,34.577394744852946
2001-11-27 06:07:16.407282288,34.955211595540256,35.37331802780593,34.450313579239335,34.672609213601696,34.577409573760626
2001-11-29 06:10:09.241848600,34.95523427737949,35.37329162395046,34.450328329455566,34.67260845599999,34.57742419689066
2001-12-01 06:13:02.076414908,34.95525743058897,35.37326486658159,34.45034312509364,34.67260755121216,34.57743846190248
2001-12-03 06:15:54.910981220,34.9552810496758,35.37323774060853,34.45035791684979,34.67260657998957,34.57745220423217
2001-12-05 06:18:47.745554696,34.9553051264354,35.37321023383606,34.45037265107593,34.672605632790734,34.577465247092526
2001-12-07 06:21:40.580121008,34.95532964995157,35.3731823369646,34.45038726977971,34.67260480978131,34.577477401473026
2001-12-09 06:24:33.414687316,34.95535460659645,35.37315404359014,34.45040171062447,34.6726042208341,34.57748846613983
2001-12-11 06:27:26.249253628,34.955379980030536,35.3731253502043,34.45041590692925,34.672603985529044,34.5774982276358
2001-12-13 06:30:19.083819936,34.95540575120267,35.37309625619428,34.45042978766882,34.67260423315324,34.577506460280475
2001-12-15 06:33:11.918386248,34.955431898350035,35.37306676384291,34.45044327747363,34.672605102700906,34.57751292617009
2001-12-17 06:36:04.752952556,34.955458396998175,35.37303687832859,34.450456296629866,34.672606742873434,34.577517375177564
2001-12-19 06:38:57.587518868,34.95548526292652,35.37300658645623,34.45046879237005,34.67260927259212,34.57751955312194
2001-12-21 06:41:50.422085176,34.95551250161524,35.37297589317517,34.45048078010457,34.67261260628314,34.57751961857416
2001-12-23 06:44:43.256651488,34.955539991874055,35.372944877036765,34.45049224409036,34.67261660230457,34.57751804076304
2001-12-25 06:47:36.091217796,34.955567620835005,35.37291361355459,34.450503169099576,34.672621127820655,34.577515260975915
2001-12-27 06:50:28.925784104,34.95559528755309,35.37288217327072,34.450513542014264,34.672626058405356,34.57751168762745
2001-12-29 06:53:21.760357584,34.955622903006315,35.372850621755724,34.45052335182639,34.6726312780424,34.577507696259715
2001-12-31 06:56:14.594923896,34.95565039009567,35.372819019608656,34.45053258963786,34.67263667912526,34.577503629542136
2002-01-02 06:59:07.429490205,34.95567768364514,35.372787422457044,34.45054124866047,34.672642162457144,34.577499797271514
2002-01-04 07:02:00.264056514,34.955704730401685,35.372755880956916,34.45054932421595,34.67264763725102,34.57749647637201
2002-01-06 07:04:53.098622824,34.95573148903526,35.37272444079278,34.45055681373593,34.67265302112958,34.57749391089518
2002-01-08 07:07:45.933189134,34.95575793013881,35.372693142677626,34.45056371676198,34.672658240125266,34.57749231201992
2002-01-10 07:10:38.767755444,34.95578403622827,35.37266202235294,34.450570034945564,34.67266322868029,34.577491858052525
2002-01-12 07:13:31.602321753,34.95580980174256,35.37263111058869,34.450575772048076,34.672667929646586,34.577492694426645
2002-01-14 07:16:24.436888063,34.95583523304359,35.37260043318333,34.45058093394083,34.67267229428583,34.5774949337033
2002-01-16 07:19:17.271454373,34.95586034841625,35.37257001096379,34.450585528605046,34.67267628226946,34.57749865557089
2002-01-18 07:22:10.106020683,34.955885178068435,35.37253985978551,34.45058956613186,34.67267986167863,34.577503906845195
2002-01-20 07:25:02.940594163,34.955909764131015,35.37250999053239,34.45059305872235,34.67268300900429,34.57751070146933
2002-01-22 07:27:55.775160473,34.955934160657854,35.37248040911685,34.45059602068747,34.672685709147075,34.57751902051382
2002-01-24 07:30:48.609726783,34.95595843362581,35.37245111647975,34.45059846844813,34.67268795541741,34.577528812176546
2002-01-26 07:33:41.444293092,34.95598266093471,35.372422108590484,34.450600420535125,34.672689749535444,34.57753999178275
2002-01-28 07:36:34.278859402,34.95600693240739,35.372393376446894,34.45060189758919,34.672691101631074,34.57755244178506
2002-01-30 07:39:27.113425712,34.956031350464585,35.37236490627316,34.45060292242322,34.67269203030131,34.57756601020127
2002-02-01 07:42:19.947992022,34.95605613558115,35.372336701187216,34.45060352766806,34.67269258488121,34.57758024806754
2002-02-03 07:45:12.782558331,34.95608146799774,35.37230871856749,34.45060373631818,34.67269285982144,34.57759473011167
2002-02-05 07:48:05.617124641,34.95610743149563,35.372280887552535,34.45060356232415,34.672692947988544,34.57760923182654
2002-02-07 07:50:58.451690951,34.95613409427441,35.372253140483835,34.450603019565285,34.672692937263506,34.57762355513396
2002-02-09 07:53:51.286257261,34.95616150895198,35.37222541290578,34.450602121849684,34.672692910541755,34.57763752838464
2002-02-11 07:56:44.120823570,34.95618971256455,35.372197643565656,34.45060088291418,34.67269294573314,34.5776510063582
2002-02-13 07:59:36.955397051,34.95621872656665,35.3721697744137,34.45059931642437,34.67269311576195,34.577663870263166
2002-02-15 08:02:29.789963361,34.956248556831106,35.372141750603035,34.450597435974636,34.67269348856691,34.57767602773699
2002-02-17 08:05:22.624529670,34.956279193649074,35.37211352048971,34.45059525508808,34.67269412710117,34.57768741284602
2002-02-19 08:08:15.459095980,34.95631061173,35.372085035632686,34.450592787216614,34.67269508933233,34.5776979860855
2002-02-21 08:11:08.293662290,34.95634277020165,35.37205625079384,34.45059004574085,34.67269642824241,34.577707734379615
2002-02-23 08:14:01.128228600,34.95637561261012,35.37202712393796,34.45058704397023,34.67269819182787,34.57771667108143
2002-02-25 08:16:53.962794909,34.95640906691978,35.37199761623275,34.45058379514289,34.67270042309961,34.57772483597295
2002-02-27 08:19:46.797361219,34.95644304551334,35.37196769204883,34.45058031242577,34.67270316008297,34.577732295265065
2002-03-01 08:22:39.631927529,34.95647744519181,35.37193731895973,34.45057660891455,34.67270643581769,34.57773914159757
2002-03-03 08:25:32.466493838,34.95651214717451,35.3719064677419,34.45057269763369,34.672710278357975,34.57774549403919
2002-03-05 08:28:25.301060149,34.95654701709907,35.37187511237472,34.450568591536374,34.672714710772475,34.57775149808755
2002-03-07 08:31:18.135626459,34.95658190502144,35.37184323004043,34.45056430350459,34.672719751144236,34.57775732566918
2002-03-09 08:34:10.970199939,34.95661664541588,35.37181080112426,34.45055984634906,34.67272541257077,34.57776317513952
2002-03-11 08:37:03.804766248,34.95665105717494,35.3717778092143,34.45055523280927,34.672731703164004,34.57776927128294
2002-03-13 08:39:56.639332558,34.95668494360951,35.37174424110157,34.45055047555347,34.672738626050325,34.57777586531269
2002-03-15 08:42:49.473898868,34.956718092448774,35.371710086780006,34.45054558717867,34.67274617937052,34.57778323487094
2002-03-17 08:45:42.308465177,34.956750275840236,35.371675339446455,34.450540580210635,34.67275435627984,34.577791684028774
2002-03-19 08:48:35.143031487,34.95678138928521,35.371639929900596,34.45053544950586,34.67276323370603,34.57780134850847
2002-03-21 08:51:27.977597797,34.95681150329503,35.37160397039809,34.450530243273626,34.67277274908437,34.57781205268542
2002-03-23 08:54:20.812164106,34.95684062496944,35.3715677350375,34.45052505500414,34.67278267431861,34.577823678616575
2002-03-25 08:57:13.646730416,34.95686876235289,35.37153148062372,34.45051997228725,34.672792798998955,34.57783611495546
2002-03-27 09:00:06.481296727,34.95689592451383,35.37149544657693,34.45051507678689,34.67280293050394,34.577849256855174
2002-03-29 09:02:59.315863036,34.956922121544686,35.37145985493259,34.45051044424111,34.672812894000465,34.577863005968396
2002-03-31 09:05:52.150429346,34.95694736456185,35.37142491034145,34.450506144462054,34.67282253244374,34.577877270447345
2002-04-02 09:08:44.985002826,34.956971665705716,35.371390800069555,34.45050224133596,34.67283170657733,34.57789196494385
2002-04-04 09:11:37.819569136,34.95699503814064,35.37135769399823,34.45049879282318,34.672840294933124,34.577907010609295
2002-04-06 09:14:30.654135445,34.95701749605496,35.37132574462407,34.450495850958156,34.67284819383136,34.57792233509462
2002-04-08 09:17:23.488701755,34.957039054661,35.371295087058996,34.450493461849426,34.67285531738063,34.577937872550365
2002-04-10 09:20:16.323268065,34.95705973019507,35.37126583903017,34.45049166567963,34.67286159747783,34.57795356362662
2002-04-12 09:23:09.157834375,34.95707953991744,35.37123810088007,34.45049049670551,34.67286698380821,34.57796935547306
2002-04-14 09:26:01.992400685,34.957098502112366,35.37121195556645,34.450489983257924,34.67287144384537,34.577985201738926
2002-04-16 09:28:54.826966994,34.957116636088095,35.37118746866235,34.45049014774179,34.672874962851225,34.57800106257303
2002-04-18 09:31:47.661533304,34.95713396217684,35.371164688356096,34.45049100663616,34.67287754387605,34.57801690462376
2002-04-20 09:34:40.496099614,34.9571505017348,35.371143645451305,34.45049257049418,34.67287920775844,34.57803270103907
2002-04-22 09:37:33.330665924,34.957166277142164,35.37112435336687,34.450494843943076,34.67287999312534,34.578048431466485
2002-04-24 09:40:26.165232234,34.957181311803076,35.371106808136986,34.450497825684195,34.67287995639204,34.57806408205311
2002-04-26 09:43:18.999805714,34.95719563014568,35.37109098841112,34.45050150849298,34.67287917176213,34.57807964544562
2002-04-28 09:46:11.834372024,34.95720925762209,35.37107685545403,34.45050587921896,34.6728777312276,34.578095120790245
2002-04-30 09:49:04.668938334,34.9572222207084,35.371064353145755,34.45051091878578,34.67287574456873,34.57811051373282
2002-05-02 09:51:57.503504644,34.95723446377724,35.371053407257875,34.45051659316715,34.67287357799165,34.57812581715981
2002-05-04 09:54:50.338070954,34.95724593610452,35.37104387456153,34.450522850421955,34.67287158566847,34.578141081912676
2002-05-06 09:57:43.172637262,34.957256698742505,35.371035584047775,34.45052964369034,34.67286979035628,34.57815641162188
2002-05-08 10:00:36.007203572,34.95726681228474,35.37102837248809,34.45053692843495,34.67286820857817,34.5781719045253
2002-05-10 10:03:28.841769882,34.9572763366397,35.371022084468805,34.45054466242557,34.67286685127889,34.5781876533826
2002-05-12 10:06:21.676336192,34.957285331030796,35.37101657239107,34.45055280573911,34.67286572382487,34.57820374547536
2002-05-14 10:09:14.510902502,34.95729385399637,35.37101169647088,34.45056132075961,34.672864826004236,34.57822026260697
2002-05-16 10:12:07.345468812,34.957301963389696,35.371007324739075,34.45057017217826,34.6728641520268,34.57823728110269
2002-05-18 10:15:00.180035122,34.95730971637897,35.37100333304132,34.45057932699335,34.67286369052404,34.57825487180961
2002-05-20 10:17:53.014608602,34.95731716944735,35.370999605038136,34.450588754510335,34.67286342454913,34.578273100096695
2002-05-22 10:20:45.849174912,34.957324378392904,35.37099603220487,34.45059842634178,34.67286333157691,34.57829202585475
2002-05-24 10:23:38.683741222,34.95733139832863,35.370992513831716,34.45060831640738,34.67286338350394,34.578311703496425
2002-05-26 10:26:31.518307532,34.95733828368247,35.37098895702369,34.450618400934,34.67286354664842,34.578332181956235
2002-05-28 10:29:24.352873840,34.95734508819729,35.37098527670067,34.45062865845558,34.672863781750266,34.578353504690526
2002-05-30 10:32:17.187440150,34.95735186493091,35.370981395597354,34.45063906981323,34.67286404397105,34.57837570967751
2002-06-01 10:35:10.022006460,34.957358666256056,35.370977244263294,34.45064961815518,34.67286428289405,34.578398829417246
2002-06-03 10:38:02.856572770,34.9573655438604,35.370972761062866,34.4506602889368,34.67286444252421,34.57842289093164
2002-06-05 10:40:55.691139080,34.957372548746534,35.3709678921753,34.45067106992059,34.67286446128817,34.57844791576446
2002-06-07 10:43:48.525705390,34.95737973123202,35.37096259159464,34.45068195117616,34.67286427203424,34.5784739199813
2002-06-09 10:46:41.360271698,34.957387140949294,35.3709568211298,34.45069292508028,34.67286380203243,34.57850091416963
2002-06-11 10:49:34.194838008,34.95739482684578,35.37095055040451,34.45070398631685,34.672862972974414,34.578528903438766
2002-06-13 10:52:27.029411490,34.9574028371838,35.37094375685734,34.4507151318769,34.67286170097356,34.57855788741986
2002-06-15 10:55:19.863977800,34.957411219540624,35.370936425741725,34.45072636105856,34.67285989656492,34.57858786026593
2002-06-17 10:58:12.698544108,34.95742002080845,35.370928550125896,34.45073767546713,34.672857464705224,34.57861881065184
2002-06-19 11:01:05.533110418,34.957429287194415,35.370920130892955,34.45074907901504,34.67285430477289,34.578650721774295
2002-06-21 11:03:58.367676728,34.95743906422058,35.370911176740826,34.450760577921834,34.67285031056801,34.57868357135187
2002-06-23 11:06:51.202243038,34.957449396723945,35.37090170418229,34.450772180714196,34.67284537031237,34.57871733162497
2002-06-25 11:09:44.036809348,34.95746032885644,35.370891737544945,34.45078389822595,34.672839366649434,34.57875196935588
2002-06-27 11:12:36.871375658,34.95747190154506,35.3708813173664,34.45079574458592,34.67283219415398,34.57878743813067
2002-06-29 11:15:29.705941966,34.95748407762046,35.37087066169443,34.45080775710967,34.67282413178502,34.57882352306842
2002-07-01 11:18:22.540508276,34.95749677707763,35.37085992217616,34.45081996764688,34.6728154024508,34.578860052360206
2002-07-03 11:21:15.375074586,34.95750992938431,35.37084918132842,34.450832398865316,34.67280611465966,34.57889691287544
2002-07-05 11:24:08.209640896,34.95752346460704,35.37083851001068,34.4508450705808,34.67279637219469,34.57893399974758
2002-07-07 11:27:01.044214376,34.95753731341118,35.37082796742504,34.45085799975722,34.672786274113776,34.57897121637406
2002-07-09 11:29:53.878780686,34.95755140706088,35.37081760111626,34.450871200506526,34.672775914749565,34.57900847441634
2002-07-11 11:32:46.713346996,34.95756567741912,35.37080744697169,34.450884684088734,34.672765383709475,34.5790456937999
2002-07-13 11:35:39.547913306,34.95758005694768,35.37079752922133,34.450898458911915,34.672754765875695,34.57908280271423
2002-07-15 11:38:32.382479616,34.957594478707136,35.37078786043782,34.45091253053221,34.672744141405175,34.57911973761283
2002-07-17 11:41:25.217045926,34.957608876356915,35.37077844153642,34.450926901653794,34.67273358572965,34.579156443213215
2002-07-19 11:44:18.051612236,34.9576231841552,35.37076926177504,34.45094157212894,34.67272316955562,34.57919287249691
2002-07-21 11:47:10.886178546,34.957637336959046,35.370760298754185,34.45095653895796,34.672712958864345,34.57922898670947
2002-07-23 11:50:03.720744856,34.95765127022426,35.37075151841703,34.45097179628923,34.67270301491187,34.57926475536042
2002-07-25 11:52:56.555311166,34.957664920005485,35.370742875049366,34.45098733541919,34.672693394229015,34.57930015622335
2002-07-27 11:55:49.389877472,34.95767822295618,35.37073431127962,34.451003144792345,34.67268414862135,34.57933517533583
2002-07-29 11:58:42.224450952,34.957691116328604,35.37072575807884,34.451019210001256,34.67267532516923,34.57936980699946
2002-07-31 12:01:35.059017264,34.95770353797383,35.37071713476072,34.451035513786536,34.67266696622778,34.57940405377983
2002-08-02 12:04:27.893583572,34.957715426341736,35.37070834898157,34.45105203603688,34.672659109426895,34.579437926506586
2002-08-04 12:07:20.728149884,34.95772672048101,35.37069929674036,34.45106875378902,34.67265178767123,34.57947144427333
2002-08-06 12:10:13.562716192,34.95773736003916,35.37068986237866,34.451085641227785,34.67264502914023,34.579504634437725
2002-08-08 12:13:06.397282504,34.9577472852625,35.37067991858069,34.45110266968602,34.67263885728809,34.57953753262142
2002-08-10 12:15:59.231848812,34.95775643699614,35.370669326373296,34.451119807644666,34.6726332908438,34.57957018271009
2002-08-12 12:18:52.066415124,34.95776475668402,35.370657935125955,34.45113702073271,34.672628343811084,34.57960263685342
2002-08-14 12:21:44.900981432,34.957772186368885,35.37064558255078,34.4511542717272,34.67262402546848,34.57963495546511
2002-08-16 12:24:37.735547740,34.95777866869227,35.37063209470252,34.451171520553245,34.672620340369264,34.579667207222855
2002-08-18 12:27:30.570114052,34.95778414603103,35.37061728720563,34.45118872474224,34.672617288971,34.57969946844031
2002-08-20 12:30:23.404680360,34.957788546024986,35.37060114193632,34.451205887586944,34.67261491406138,34.579731727596474
2002-08-22 12:33:16.239253840,34.95779203533842,35.370583787818845,34.45122301198977,34.6726131942285,34.57976388414456
2002-08-24 12:36:09.073820152,34.95779486419469,35.37056531179224,34.45124007665581,34.672612063001765,34.579795858478555
2002-08-26 12:39:01.908386460,34.9577972675549,35.37054579859819,34.45125706243648,34.67261145776716,34.579827574812235
2002-08-28 12:41:54.742952772,34.957799465117894,35.37052533078099,34.45127395232957,34.67261131976727,34.579858961179205
2002-08-30 12:44:47.577519080,34.95780166132026,35.37050398868762,34.451290731479205,34.672611594101255,34.579889949432875
2002-09-01 12:47:40.412085392,34.957804045336346,35.37048185046764,34.45130738717583,34.67261222972489,34.57992047524647
2002-09-03 12:50:33.246651700,34.95780679107825,35.3704589920733,34.45132390885626,34.67261317945053,34.579950478113005
2002-09-05 12:53:26.081218008,34.95781005719579,35.37043548725947,34.45134028810366,34.67261439994713,34.579979901345354
2002-09-07 12:56:18.915784320,34.95781398707658,35.37041140758365,34.45135651864751,34.672615851740225,34.58000869207615
2002-09-09 12:59:11.750350628,34.957818708845934,35.370386822406005,34.45137259636366,34.67261749921197,34.58003680125787
2002-09-11 13:02:04.584916940,34.957824335366944,35.370361798889306,34.451388519274296,34.67261931060107,34.58006418366279
2002-09-13 13:04:57.419483248,34.95783096424043,35.370336401998976,34.451404287547945,34.67262125800288,34.580090797882995
2002-09-15 13:07:50.254056728,34.957838677804986,35.3703106945031,34.45141990349949,34.672623317369286,34.5801166063304
2002-09-17 13:10:43.088623040,34.95784754313693,35.370284736972366,34.451435371590144,34.672625468508826,34.580141575236695
2002-09-19 13:13:35.923189348,34.95785761205033,35.37025858778012,34.45145069842747,34.67262769508658,34.58016567465342
2002-09-21 13:16:28.757755660,34.957868921097024,35.37023230310236,34.45146589276538,34.67262998462426,34.580188878451914
2002-09-23 13:19:21.592321968,34.95788149156657,35.37020593691769,34.451480965504125,34.67263232850015,34.5802111643233
2002-09-25 13:22:14.426888280,34.957895329486284,35.37017954100738,34.4514959296903,34.67263472194912,34.58023251377856
2002-09-27 13:25:07.261454584,34.95791042562125,35.37015316495533,34.45151080051685,34.67263716406267,34.58025291214845
2002-09-29 13:28:00.096020896,34.95792675547427,35.37012685614808,34.45152559532306,34.67263965778885,34.580272348583556
2002-10-01 13:30:52.930587208,34.9579442792859,35.37010065977481,34.451540333594565,34.67264220993232,34.58029081605426
2002-10-03 13:33:45.765153516,34.95796294203446,35.37007461882733,34.45155503696333,34.672644831154344,34.58030831135077
2002-10-05 13:36:38.599719828,34.957982673436014,35.37004877410011,34.45156972920768,34.672647535972764,34.580324835083104
2002-10-07 13:39:31.434286136,34.95800338794435,35.370023164190236,34.451584436252276,34.672650342762026,34.580340391681084
2002-10-09 13:42:24.268859616,34.958024951972945,35.36999795648351,34.45159921927758,34.67265332378529,34.580354927744914
2002-10-11 13:45:17.103425928,34.958047265875486,35.36997327404243,34.451614121587625,34.67265653340328,34.58036840419569
2002-10-13 13:48:09.937992236,34.95807030448405,35.36994902335512,34.45162912633044,34.67265994080787,34.580380879594856
2002-10-15 13:51:02.772558548,34.95809404353503,35.36992511465019,34.45164421691196,34.67266351614643,34.580392411545546
2002-10-17 13:53:55.607124852,34.95811845942162,35.369901462717344,34.45165937721395,34.672667230840446,34.58040305631744
2002-10-19 13:56:48.441691164,34.95814352919393,35.369877986907404,34.45167459159407,34.67267105758549,34.580412868846715
2002-10-21 13:59:41.276257472,34.95816923055891,35.36985461113228,34.45168984488582,34.672674970351274,34.58042190273612
2002-10-23 14:02:34.110823784,34.95819554188034,35.36983126386501,34.451705122398586,34.67267894438158,34.5804302102549
2002-10-25 14:05:26.945390096,34.9582224421789,35.369807878139696,34.45172040991759,34.67268295619432,34.58043784233885
2002-10-27 14:08:19.779956404,34.9582499111321,35.36978439155158,34.451735693703945,34.672686983581514,34.58044484859027
2002-10-29 14:11:12.614522716,34.95827792907432,35.36976074625701,34.45175096049461,34.672691005609266,34.58045127727801
2002-10-31 14:14:05.449089024,34.95830647699678,35.3697368889734,34.451766197502415,34.672695002617814,34.580457175337436
2002-11-02 14:16:58.283662504,34.958335536547594,35.369712770979305,34.45178139241605,34.672698956221474,34.580462588370445
2002-11-04 14:19:51.118228816,34.958365090031684,35.36968834811437,34.45179653340007,34.6727028493087,34.58046756064547
2002-11-06 14:22:43.952795120,34.95839512041087,35.36966358077935,34.451811609094904,34.672706666042025,34.58047213509746
2002-11-08 14:25:36.787361432,34.9584256113038,35.369638433936096,34.45182660861682,34.672710391858104,34.5804763533279
2002-11-10 14:28:29.621927740,34.95845654698602,35.36961287710756,34.451841521557974,34.67271401346769,34.580480255604805
2002-11-12 14:31:22.456494052,34.958487912389884,35.36958688437781,34.45185633798638,34.67271751885565,34.58048388086272
2002-11-14 14:34:15.291060364,34.95851969310464,35.36956043439202,34.451871048445895,34.672720897280946,34.580487266702704
2002-11-16 14:37:08.125626672,34.95855187537638,35.36953351035645,34.45188564395628,34.67272413927666,34.580490449392364
2002-11-18 14:40:00.960192984,34.95858444610805,35.36950610003848,34.45190011601312,34.672727236649976,34.58049346386583
2002-11-20 14:42:53.794759292,34.95861739285946,35.36947819576658,34.451914456587886,34.672730182482184,34.580496343723745
2002-11-22 14:45:46.629325604,34.958650703847276,35.369449794430345,34.45192865812791,34.672732971128674,34.5804991212333
2002-11-24 14:48:39.463891912,34.958684367945025,35.36942089748046,34.451942713556384,34.67273559821894,34.580501827328206
2002-11-26 14:51:32.298465392,34.95871837468308,35.36939151092871,34.451956616272355,34.672738060656606,34.58050449160871
2002-11-28 14:54:25.133031700,34.95875271424868,35.36936164534799,34.45197036015075,34.67274035661938,34.58050714234157
2002-11-30 14:57:17.967598008,34.958787377485926,35.36933131587231,34.45198393954236,34.67274248555908,34.580509806460086
2002-12-02 15:00:10.802164320,34.95882235589577,35.369300542196754,34.45199734927382,34.67274444820163,34.58051250956409
2002-12-04 15:03:03.636730628,34.95885764163602,35.36926934857755,34.452010584647645,34.672746246547064,34.580515275919936
2002-12-06 15:05:56.471296940,34.958893227521344,35.369237763832,34.45202364144222,34.67274788386953,34.580518128460504
2002-12-08 15:08:49.305863252,34.95892910702327,35.36920582133851,34.452036515911765,34.67274936471727,34.58052108878521
2002-12-10 15:11:42.140429560,34.958965274270184,35.36917355903661,34.4520492047864,34.67275069491264,34.580524177159994
2002-12-12 15:14:34.974995872,34.959001724047326,35.36914101942692,34.45206170527207,34.67275188155209,34.58052741251732
2002-12-14 15:17:27.809562180,34.959038451796786,35.36910824957118,34.45207401505063,34.67275293300619,34.580530812456196
2002-12-16 15:20:20.644128492,34.95907545361753,35.369075301092195,34.45208613227976,34.672753858919606,34.58053439324214
2002-12-18 15:23:13.478694800,34.95911272626537,35.36904223017392,34.45209805559301,34.67275467021113,34.580538169807205
2002-12-20 15:26:06.313268276,34.95915026715297,35.36900909756139,34.45210978409982,34.672755379073635,34.58054215574998
2002-12-22 15:28:59.147834588,34.95918807434987,35.36897596856075,34.452121317385455,34.67275599897412,34.58054636333557
2002-12-24 15:31:51.982400896,34.959226146582445,35.36894291303924,34.45213265551107,34.67275654465367,34.580550803495626
2002-12-26 15:34:44.816967208,34.95926448260886,35.368910005695035,34.45214379919115,34.672757032682334,34.58055548514304
2002-12-28 15:37:37.651533516,34.959302817583215,35.36887742077093,34.4521548183662,34.67275770845498,34.58056013612704
2002-12-30 15:40:30.486099828,34.95934092925174,35.368845248517594,34.4521657492168,34.67275875545984,34.5805645648949
2003-01-01 15:43:23.320666137,34.95937881066312,35.36881347175797,34.45217656329639,34.672760160649055,34.58056882168201
2003-01-03 15:46:16.155232447,34.95941645487775,35.36878207407132,34.452187233845486,34.67276191112661,34.58057295432918
2003-01-05 15:49:08.989798757,34.95945385496771,35.36875103979326,34.4521977357917,34.672763994148305,34.580577008282695
2003-01-07 15:52:01.824365067,34.95949100401682,35.368720354015736,34.452208045749714,34.67276639712179,34.58058102659428
2003-01-09 15:54:54.658931376,34.959527895120566,35.368690002587016,34.4522181420213,34.67276910760653,34.58058504992109
2003-01-11 15:57:47.493497686,34.95956452138615,35.36865997211172,34.45222800459532,34.67277211331383,34.580589116525736
2003-01-13 16:00:40.328071166,34.95960087593249,35.3686302499508,34.45223761514772,34.672775402106836,34.58059326227627
2003-01-15 16:03:33.162637476,34.95963695189018,35.36860082422154,34.452246957041524,34.672778962000514,34.58059752064619
2003-01-17 16:06:25.997203786,34.959672742401544,35.36857168379756,34.45225601532684,34.672782781161665,34.58060192271443
2003-01-19 16:09:18.831770096,34.95970824062059,35.36854281830883,34.45226477674087,34.672786847908924,34.58060649716538
2003-01-21 16:12:11.666336405,34.959743439713044,35.36851421814164,34.45227322970788,34.67279115071276,34.58061127028887
2003-01-23 16:15:04.500902715,34.959778332856324,35.36848587443862,34.45228136433924,34.67279567819548,34.58061626598018
2003-01-25 16:17:57.335469025,34.95981291323956,35.36845777909873,34.45228917243341,34.67280041913121,34.58062150574002
2003-01-27 16:20:50.170035335,34.95984717406356,35.36842992477728,34.45229664747591,34.67280536244591,34.58062700867456
2003-01-29 16:23:43.004601645,34.959881108540884,35.36840230488591,34.45230378463936,34.67281049721738,34.58063279149541
2003-01-31 16:26:35.839167954,34.95991470989574,35.36837491359259,34.45231058078347,34.67281581267525,34.58063886851962
2003-02-02 16:29:28.673734264,34.95994797136408,35.36834774582164,34.45231703445501,34.672821298200994,34.58064525166969
2003-02-04 16:32:21.508307744,34.959980886193534,35.36832079725369,34.452323145887846,34.672826943327884,34.58065195047355
2003-02-06 16:35:14.342874054,34.960013447643455,35.36829406432573,34.45232891700295,34.67283273774107,34.5806589720646
2003-02-08 16:38:07.177440364,34.960045648984874,35.36826754423109,34.45233435140835,34.67283867127749,34.58066632118166
2003-02-10 16:41:00.012006674,34.960077483500555,35.36824123491941,34.45233945439918,34.672844733925956,34.58067400016901
2003-02-12 16:43:52.846572983,34.96010894448494,35.36821513509669,34.45234423295763,34.67285091582708,34.58068200897638
2003-02-14 16:46:45.681139293,34.96014002524419,35.36818924422525,34.452348695753,34.67285720727331,34.58069034515892
2003-02-16 16:49:38.515705603,34.96017071909616,35.368163562523755,34.45235285314166,34.67286359870895,34.58069900387724
2003-02-18 16:52:31.350271913,34.96020101937041,35.3681380909672,34.452356717167085,34.67287008073012,34.5807079778974
2003-02-20 16:55:24.184838222,34.9602309194082,35.36811283128693,34.4523603015598,34.672876644084766,34.5807172575909
2003-02-22 16:58:17.019404532,34.9602604125625,35.3680877859706,34.45236362173745,34.672883279672675,34.580726830934665
2003-02-24 17:01:09.853970842,34.96028949219799,35.368062958262236,34.45236669480473,34.67288997854548,34.580736683511105
2003-02-26 17:04:02.688537152,34.96031815169102,35.36803835216216,34.45236953955345,34.672896731906604,34.58074679850803
2003-02-28 17:06:55.523110632,34.960346384429684,35.368013972427065,34.45237217646249,34.67290353111136,34.58075715671873
2003-03-02 17:09:48.357676942,34.96037418381376,35.36798982456996,34.452374627697814,34.67291036766684,34.58076773654193
2003-03-04 17:12:41.192243252,34.960401543254726,35.36796591486019,34.45237691711247,34.672917233232006,34.58077851398178
2003-03-06 17:15:34.026809561,34.96042845617576,35.36794225032346,34.45237907024659,34.67292411961763,34.58078946264789
2003-03-08 17:18:26.861375871,34.96045491601176,35.367918838741765,34.45238111432741,34.672931018786336,34.580800553755324
2003-03-10 17:21:19.695942181,34.96048091620932,35.36789568865349,34.45238307826921,34.67293792285256,34.580811756124575
2003-03-12 17:24:12.530508490,34.96050636404299,35.3678728466785,34.45238502958219,34.672944981175796,34.58082294206119
2003-03-14 17:27:05.365074800,34.96053108792609,35.36785041931202,34.45238705833233,34.672952449548994,34.58083391027808
2003-03-16 17:29:58.199641110,34.96055512587913,35.36782844126594,34.45238915427672,34.67296017264705,34.58084470241891
2003-03-18 17:32:51.034207419,34.960578520374725,35.36780694036504,34.45239130556377,34.67296799293686,34.58085536771753
2003-03-20 17:35:43.868773730,34.9606013105893,35.367785940475095,34.45239350225412,34.6729757654306,34.58086595431663
2003-03-22 17:38:36.703340040,34.96062353240312,35.3677654615029,34.45239573632064,34.67298335768572,34.580876509267746
2003-03-24 17:41:29.537913520,34.96064521840028,35.367745519396244,34.45239800164844,34.672990649804944,34.58088707853124
2003-03-26 17:44:22.372479829,34.96066639786869,35.36772612614395,34.45240029403486,34.67299753443627,34.580897706976316
2003-03-28 17:47:15.207046139,34.960687096800115,35.36770728977582,34.45240261118946,34.67300391677297,34.58090843838102
2003-03-30 17:50:08.041612449,34.96070733789011,35.36768901436271,34.45240495273406,34.6730097145536,34.580919315432226
2003-04-01 17:53:00.876178758,34.96072714053809,35.36767130001644,34.45240732020269,34.67301485806197,34.58093037972564
2003-04-03 17:55:53.710745068,34.96074652084728,35.36765414288986,34.45240971704161,34.673019290127186,34.580941671765835
2003-04-05 17:58:46.545311378,34.96076549162474,35.36763753517684,34.45241214860934,34.67302296612362,34.58095323096618
2003-04-07 18:01:39.379877688,34.960784062381364,35.36762146511224,34.45241462217661,34.67302585397091,34.580965095648914
2003-04-09 18:04:32.214443998,34.96080223933187,35.36760591697194,34.45241714692638,34.673027934134,34.58097730304509
2003-04-11 18:07:25.049010307,34.96082002539479,35.367590871072835,34.45241973395385,34.67302919962306,34.58098988929461
2003-04-13 18:10:17.883576617,34.9608374201925,35.367576303772815,34.45242239626647,34.67302965599358,34.58100288944621
2003-04-15 18:13:10.718142926,34.960854420051206,35.36756218747079,34.45242514878389,34.6730293213463,34.58101633745747
2003-04-17 18:16:03.552716408,34.96087101800094,35.36754849060669,34.45242800833801,34.67302822632723,34.58103026619479
2003-04-19 18:18:56.387282716,34.96088720377555,35.36753517766142,34.45243099367296,34.67302641412769,34.58104470743342
2003-04-21 18:21:49.221849026,34.96090296381272,35.36752220915694,34.45243412544511,34.673023940484235,34.581059691857455
2003-04-23 18:24:42.056415336,34.96091828125397,35.36750954165619,34.45243742622305,34.67302087367871,34.58107524905981
2003-04-25 18:27:34.890981646,34.960933135944636,35.36749712776312,34.45244092048762,34.673017294538234,34.58109140754223
2003-04-27 18:30:27.725547956,34.960947504433896,35.36748491612271,34.45244463463187,34.67301329643521,34.58110819471533
2003-04-29 18:33:20.560114266,34.96096135997474,35.367472851420935,34.4524485969611,34.6730089852873,34.581125636898534
2003-05-01 18:36:13.394680574,34.96097467252399,35.367460874384776,34.45245283769283,34.67300447955744,34.581143759320106
2003-05-03 18:39:06.229246884,34.96098740874231,35.367448921782234,34.45245738895684,34.67299991025387,34.58116258611716
2003-05-05 18:41:59.063813194,34.96099953199418,35.367436926422315,34.4524622847951,34.67299542093007,34.581182140335635
2003-05-07 18:44:51.898379504,34.961011001229494,35.36742481647835,34.452467561665294,34.6729911686583,34.581202444468396
2003-05-09 18:47:44.732945814,34.961021583390355,35.36741240952872,34.45247334259881,34.67298748068042,34.581223602646205
2003-05-11 18:50:37.567519294,34.96103121905878,35.367399653274006,34.45247967147456,34.67298451397828,34.58124560656055
2003-05-13 18:53:30.402085604,34.96104003838748,35.367386616329156,34.45248650595357,34.67298225001045,34.58126835218812
2003-05-15 18:56:23.236651914,34.96104816585065,35.367373364709806,34.45249380549928,34.67298066839623,34.58129174000964
2003-05-17 18:59:16.071218224,34.96105572024396,35.36735996183232,34.452501531377585,34.672979746915665,34.581315675009904
2003-05-19 19:02:08.905784534,34.961062814684624,35.36734646851377,34.45250964665685,34.67297946150955,34.581340066677726
2003-05-21 19:05:01.740350844,34.9610695566113,35.36733294297194,34.45251811620788,34.6729797862794,34.581364829006
2003-05-23 19:07:54.574917152,34.96107604778418,35.36731944082531,34.45252690670391,34.672980693487474,34.58138988049164
2003-05-25 19:10:47.409483462,34.96108238428495,35.36730601509311,34.45253598662067,34.672982153556774,34.58141514413563
2003-05-27 19:13:40.244049772,34.961088656516765,35.36729271619522,34.45254532623629,34.67298413507104,34.581440547442995
2003-05-29 19:16:33.078616082,34.9610949492043,35.3672795919523,34.452554897631394,34.67298660477474,34.5814660224228
2003-05-31 19:19:25.913182392,34.96110134139372,35.36726668758567,34.452564674689036,34.6729895275731,34.581491505588176
2003-06-02 19:22:18.747748702,34.961107906452696,35.36725404571738,34.45257463309472,34.67299286653207,34.58151693795629
2003-06-04 19:25:11.582322182,34.961114712070376,35.367241706370194,34.452584750336406,34.67299658287834,34.581542265048355
2003-06-06 19:28:04.416888492,34.961121820257425,35.367229706967585,34.4525950057045,34.673000635999344,34.58156743688965
2003-06-08 19:30:57.251454802,34.96112928734598,35.367218082333736,34.452605380291864,34.67300498344325,34.581592408009485
2003-06-10 19:33:50.086021112,34.961137163989704,35.36720686469354,34.45261585699381,34.673009580918965,34.58161713744122
2003-06-12 19:36:42.920587420,34.961145495163734,35.3671960836726,34.45262642050809,34.67301438229614,34.58164158872228
2003-06-14 19:39:35.755153730,34.96115432016472,35.36718576629724,34.452637057334925,34.673019339605155,34.58166572989411
2003-06-16 19:42:28.589720040,34.96116367261078,35.36717593699448,34.45264775577698,34.67302440303714,34.58168953350224
2003-06-18 19:45:21.424286350,34.961173580441574,35.367166617592055,34.452658505939354,34.673029520943956,34.58171297659623
2003-06-20 19:48:14.258852660,34.96118406591821,35.36715782731843,34.452669299729614,34.6730346398382,34.58173604072967
2003-06-22 19:51:07.093418970,34.961195145623336,35.36714958280275,34.452680130857786,34.67303970439322,34.581758711960234
2003-06-24 19:53:59.927985278,34.961206830461066,35.367141898074905,34.452690994836324,34.673044657443086,34.58178098084962
2003-06-26 19:56:52.762551588,34.96121912565702,35.36713478456547,34.452701888980144,34.67304943998262,34.58180284246359
2003-06-28 19:59:45.597125070,34.96123203075831,35.36712825110574,34.45271281240662,34.67305399116738,34.581824296371934
2003-06-30 20:02:38.431691380,34.96124553963355,35.36712230392772,34.45272376603555,34.67305824831366,34.581845346648514
2003-07-02 20:05:31.266257688,34.96125964047287,35.36711694666413,34.45273475258922,34.67306214689849,34.581866001871234
2003-07-04 20:08:24.100823998,34.96127431175767,35.36711218881389,34.45274579081542,34.67306562109368,34.58188626421831
2003-07-06 20:11:16.935390308,34.96128945948441,35.36710807484672,34.45275702717208,34.67306864726505,34.58190607822152
2003-07-08 20:14:09.769956618,34.961304963820034,35.36710450353654,34.452768484815806,34.67307127233817,34.58192554946153
2003-07-10 20:17:02.604522928,34.96132071624701,35.36710134808045,34.45278014648913,34.67307354764383,34.58194481327852
2003-07-12 20:19:55.439089238,34.96133661476911,35.36709848847999,34.45279199543278,34.67307552234647,34.58196399584913
2003-07-14 20:22:48.273655548,34.96135256391143,35.36709581154108,34.452804015385674,34.6730772434442,34.581983214186415
2003-07-16 20:25:41.108221858,34.961368474720395,35.36709321087406,34.4528161905849,34.67307875576878,34.58200257613989
2003-07-18 20:28:33.942788168,34.9613842647637,35.36709058689368,34.452828505765716,34.673080101985626,34.58202218039551
2003-07-20 20:31:26.777354478,34.96139985813039,35.3670878468191,34.452840946161594,34.67308132259384,34.582042116475655
2003-07-22 20:34:19.611927956,34.961415185430816,35.36708490467389,34.452853497504165,34.67308245592615,34.582062464739145
2003-07-24 20:37:12.446494266,34.96143018379663,35.36708168128601,34.45286614602324,34.67308353814896,34.58208329638126
2003-07-26 20:40:05.281060576,34.96144479688081,35.36707810428785,34.452878878446825,34.67308460326233,34.58210467343371
2003-07-28 20:42:58.115626888,34.961458974857635,35.36707410811619,34.452891682001095,34.6730856831,34.582126648764635
2003-07-30 20:45:50.950193196,34.96147267442271,35.36706963401225,34.452904544410416,34.67308680732932,34.58214926607862
2003-08-01 20:48:43.784759508,34.96148585879295,35.36706463002162,34.45291745389732,34.67308800345135,34.58217255991671
2003-08-03 20:51:36.619325816,34.961498497706565,35.367059050994335,34.45293039918255,34.673089296800775,34.58219655565635
2003-08-05 20:54:29.453892128,34.9615105674231,35.367052858584806,34.45294336948499,34.673090710545964,34.58222126951147
2003-08-07 20:57:22.288458436,34.96152205072341,35.367046021251866,34.452956354521746,34.67309226568893,34.58224670853241
2003-08-09 21:00:15.123024748,34.96153293690966,35.367038514258766,34.45296934450808,34.67309398106535,34.582272870605955
2003-08-11 21:03:07.957591052,34.96154322180532,35.36703031967315,34.45298233015744,34.673095873344565,34.58229974445534
2003-08-13 21:06:00.792164536,34.961552907755184,35.367021426367074,34.45299530268146,34.67309795702956,34.58232730964023
2003-08-15 21:08:53.626730844,34.96156200362536,35.36701183001702,34.45300825378995,34.673100244457,34.58235553655673
2003-08-17 21:11:46.461297156,34.96157052480325,35.36700153310386,34.45302117569092,34.67310274579719,34.5823843864374
2003-08-19 21:14:39.295863464,34.9615784931976,35.36699054491287,34.453034061090534,34.67310546905411,34.58241381135121
2003-08-21 21:17:32.130429776,34.96158593723844,35.36697888153376,34.453046903193155,34.67310842006538,34.58244375420361
2003-08-23 21:20:24.964996084,34.961592891877125,35.366966565860615,34.45305969570132,34.67311160250232,34.58247414873645
2003-08-25 21:23:17.799562396,34.96159939858634,35.36695362759196,34.45307243281575,34.673115017869854,34.58250491952805
2003-08-27 21:26:10.634128704,34.96160550536004,35.366940103230704,34.453085109235346,34.67311866550661,34.58253598199316
2003-08-29 21:29:03.468695016,34.96161126671354,35.36692603608419,34.4530977201572,34.67312254258485,34.582567242382964
2003-08-31 21:31:56.303261324,34.96161674597947,35.366911481641445,34.45311026315187,34.673126641496125,34.58259859333669
2003-09-02 21:34:49.137827632,34.961622170073966,35.366896865806076,34.45312286639208,34.67313077095311,34.582629611153784
2003-09-04 21:37:41.972393940,34.96162768934526,35.366882418661945,34.453135599226734,34.6731348207123,34.58266001428629
2003-09-06 21:40:34.806967424,34.961633347488515,35.36686812214223,34.45314844729633,34.67313879795159,34.5826897277709
2003-09-08 21:43:27.641533732,34.961639185347835,35.366853956478586,34.453161396717206,34.67314271013785,34.58271868369855
2003-09-10 21:46:20.476100044,34.96164524091626,35.366839900201164,34.45317443408151,34.67314656502701,34.58274682121443
2003-09-12 21:49:13.310666352,34.961651549335805,35.366825930138596,34.45318754645721,34.67315037066399,34.58277408651794
2003-09-14 21:52:06.145232664,34.96165814289739,35.366812021418,34.45320072138811,34.6731541353827,34.58280043286272
2003-09-16 21:54:58.979798972,34.96166505104093,35.366798147465,34.45321394689382,34.673157867806104,34.58282582055668
2003-09-18 21:57:51.814365284,34.961672300355254,35.366784280003685,34.45322721146979,34.673161576846155,34.582850216961916
2003-09-20 22:00:44.648931592,34.961679914578156,35.36677038905665,34.453240504087276,34.67316527170382,34.582873596494814
2003-09-22 22:03:37.483497900,34.96168791459636,35.36675644294497,34.45325381419337,34.67316896186909,34.58289594062595
2003-09-24 22:06:30.318064208,34.96169631844556,35.3667424082882,34.45326713171097,34.67317265712094,34.58291723788017
2003-09-26 22:09:23.152630520,34.961705141310375,35.366728250004385,34.453280447038836,34.6731763675274,34.58293748383653
2003-09-28 22:12:15.987196828,34.96171439552439,35.36671393131009,34.45329375105149,34.673180103445475,34.58295668112836
2003-09-30 22:15:08.821770312,34.96172409057013,35.36669941372031,34.453307035099336,34.673183875521204,34.58297483944318
2003-10-02 22:18:01.656336620,34.96173423307906,35.36668465704859,34.45332029100856,34.673187694689624,34.58299197552278
2003-10-04 22:20:54.490902932,34.96174482683161,35.366669619406906,34.45333351108118,34.6731915721748,34.58300811316318
2003-10-06 22:23:47.325469240,34.961755872757145,35.36665425720577,34.45334668809506,34.6731955194898,34.583023283214644
2003-10-08 22:26:40.160035552,34.96176736893397,35.36663852515414,34.453359815303855,34.673199548436706,34.58303752358164
2003-10-10 22:29:32.994601860,34.96177931058935,35.3666223762595,34.45337288643706,34.67320367110661,34.58305087922292
2003-10-12 22:32:25.829168168,34.9617916900995,35.36660576182779,34.45338589569999,34.67320789987963,34.58306340215143
2003-10-14 22:35:18.663734476,34.96180449698958,35.366588631463465,34.453398837773776,34.67321224742487,34.583075151434386
2003-10-16 22:38:11.498300788,34.96181771793369,35.36657093306945,34.453411707815384,34.673216726700474,34.58308619319322
2003-10-18 22:41:04.332867096,34.96183133675488,35.36655261284715,34.45342450145759,34.67322135095358,34.58309660060361
2003-10-20 22:43:57.167433408,34.96184533442515,35.36653361529649,34.45343721480901,34.673226133720355,34.58310645389547
2003-10-22 22:46:50.001999716,34.96185968906545,35.36651388321586,34.45344984445405,34.67323108882596,34.583115840352946
2003-10-24 22:49:42.836573200,34.96187437594567,35.36649335770213,34.45346238745298,34.673236230384575,34.583124854314434
2003-10-26 22:52:35.671139508,34.96188936748465,35.366471978150685,34.45347484134187,34.673241572799405,34.58313359717255
2003-10-28 22:55:28.505705820,34.96190463325019,35.366449682255364,34.45348720413261,34.67324713076265,34.58314217737415
2003-10-30 22:58:21.340272128,34.96192014489149,35.36642642438512,34.45349948231514,34.67325290915672,34.58315069780893
2003-11-01 23:01:14.174838436,34.961935972337514,35.36640249798595,34.45351182118699,34.67325873595593,34.58315903230821
2003-11-03 23:04:07.009404744,34.96195217109367,35.36637806503087,34.45352428540371,34.67326453471727,34.583167141335565
2003-11-05 23:06:59.843971056,34.96196876856114,35.366353175064006,34.453536886379375,34.67327029417814,34.58317505836141
2003-11-07 23:09:52.678537364,34.96198579048945,35.36632787484354,34.45354963309342,34.67327600487015,34.58318281490429
2003-11-09 23:12:45.513103676,34.96200326097649,35.36630220834172,34.453562532090594,34.67328165911906,34.58319044053081
2003-11-11 23:15:38.347669984,34.9620212024685,35.36627621674484,34.453575587481005,34.67328725104482,34.58319796285571
2003-11-13 23:18:31.182236296,34.962039635760085,35.366249938453265,34.45358880094009,34.67329277656151,34.58320540754182
2003-11-15 23:21:24.016802604,34.962058579994185,35.366223409081385,34.45360217170862,34.67329823337742,34.58321279830007
2003-11-17 23:24:16.851376088,34.96207805266211,35.36619666145766,34.4536156965927,34.673303620995,34.58322015688951
2003-11-19 23:27:09.685942396,34.96209806960352,35.3661697256246,34.45362936996379,34.673308940710854,34.58322750311727
2003-11-21 23:30:02.520508708,34.96211864500643,35.36614262883878,34.45364318375868,34.673314195615774,34.58323485483861
2003-11-23 23:32:55.355075012,34.962139791407196,35.366115395570816,34.453657127479474,34.673319390594706,34.58324222795686
2003-11-25 23:35:48.189641324,34.96216151969056,35.366088047505386,34.453671188193645,34.67332453232679,34.58324963642349
2003-11-27 23:38:41.024207632,34.96218383908958,35.36606060354121,34.453685350533995,34.6733296292853,34.583257092238036
2003-11-29 23:41:33.858773944,34.962206757185704,35.366033079791066,34.45369959669865,34.673334691737715,34.58326460544817
2003-12-01 23:44:26.693340252,34.9622302799087,35.36600548958181,34.45371390645108,34.673339731745656,34.58327218414964
2003-12-03 23:47:19.527906564,34.96225441153672,35.36597784345431,34.4537282571201,34.67334476316495,34.583279834486326
2003-12-05 23:50:12.362472872,34.962279154696255,35.365950149163524,34.45374262359985,34.67334980164554,34.583287560650184
2003-12-07 23:53:05.197039184,34.96230451036215,35.36592241167844,34.45375697834983,34.6733548646316,34.58329536488128
2003-12-09 23:55:58.031605492,34.962330477857606,35.365894633182116,34.453771291394844,34.67335997136143,34.583303247467796
2003-12-11 23:58:50.866178976,34.96235705485419,35.365866813071655,34.45378553032506,34.67336514286751,34.58331120674601
2003-12-14 00:01:43.700745280,34.9623842373718,35.36583894795821,34.453799660295964,34.6733704019765,34.58331923910029
2003-12-16 00:04:36.535311592,34.962412019778704,35.36581103166701,34.45381364402839,34.67337577330922,34.58332733896312
2003-12-18 00:07:29.369877900,34.96244039479153,35.3657830552373,34.45382744180853,34.67338128328066,34.5833354988151
2003-12-20 00:10:22.204444212,34.96246935347524,35.36575500692242,34.45384101148786,34.6733869601,34.5833437091849
2003-12-22 00:13:15.039010520,34.96249888524318,35.36572687218973,34.453854308483244,34.67339283377055,34.58335195864933
2003-12-24 00:16:07.873576832,34.96252897785701,35.365698633720676,34.453867285776866,34.67339893608983,34.58336023383327
2003-12-26 00:19:00.708143140,34.962559596432364,35.36567030290323,34.45387993938546,34.67340526357057,34.5833684998153
2003-12-28 00:21:53.542709452,34.96259067342455,35.365641957114384,34.4538923408676,34.67341173395442,34.58337667636279
2003-12-30 00:24:46.377275760,34.962622174494676,35.36561364205259,34.45390449991881,34.67341830184032,34.58338470550611
2004-01-01 00:27:43.757627939,34.96265406956873,35.365585399965006,34.45391642207342,34.67342492548534,34.58339253786067
2004-01-03 00:38:30.490378332,34.9626863318596,35.36555727090195,34.453928110739845,34.673431565326545,34.58340013188185
2004-01-05 00:49:17.223121536,34.96271893786713,35.36552929271686,34.45393956720065,34.67343818398093,34.58340745386509
2004-01-07 01:00:03.955864740,34.962751867378074,35.365501501066305,34.453950790612524,34.6734447462455,34.58341447794583
2004-01-09 01:10:50.688607944,34.96278510346614,35.36547392941,34.45396177800627,34.67345121909722,34.5834211860995
2004-01-11 01:21:37.421351147,34.96281863249193,35.36544660901079,34.45397252428683,34.67345757169301,34.58342756814158
2004-01-13 01:32:24.154094351,34.96285244410302,35.36541956893467,34.45398302223327,34.67346377536978,34.583433621727536
2004-01-15 01:43:10.886837555,34.96288653123387,35.36539283605074,34.453993262498756,34.67346980364443,34.58343935235287
2004-01-17 01:53:57.619580759,34.9629208901059,35.36536643503127,34.45400323361063,34.673475632213794,34.58344477335307
2004-01-19 02:04:44.352323962,34.96295552022745,35.36534038835164,34.45401292197031,34.6734812389547,34.583449905903684
2004-01-21 02:15:31.085067166,34.9629904243938,35.36531471629039,34.454022311853365,34.67348660392394,34.58345477902022
2004-01-23 02:26:17.817810370,34.96302560868714,35.36528943692918,34.45403138540949,34.67349170935829,34.583459429558246
2004-01-25 02:37:04.550553574,34.96306108247661,35.3652645661528,34.4540401226625,34.67349653967448,34.5834639022133
2004-01-27 02:47:51.283296778,34.96309685841825,35.3652401176492,34.45404850151033,34.67350108146923,34.58346824952099
2004-01-29 02:58:38.016047172,34.96313295245507,35.365216102909436,34.45405649772505,34.67350532351923,34.583472531856884
2004-01-31 03:09:24.748790375,34.96316938381698,35.36519253122772,34.45406408495285,34.673509256781124,34.58347681743659
2004-02-02 03:20:11.481533579,34.96320617502084,35.3651694097014,34.45407123471405,34.67351287439154,34.58348118231573
2004-02-04 03:30:58.214276783,34.96324335187041,35.36514674323095,34.454077916403094,34.673516171667096,34.58348571038994
2004-02-06 03:41:44.947019987,34.96328094345641,35.36512453451999,34.45408409728855,34.673519146104354,34.583490493394855
2004-02-08 03:52:31.679763190,34.96331898215649,35.36510278407526,34.45408974251311,34.673521797379856,34.58349563090615
2004-02-10 04:03:18.412506394,34.963357503635194,35.36508149020666,34.45409481509361,34.673524127350134,34.58350123033949
2004-02-12 04:14:05.145249598,34.96339654684403,35.365060649027214,34.454099275920974,34.67352614005166,34.583507406950574
2004-02-14 04:24:51.877992802,34.96343615402143,35.36504025445306,34.45410308376029,34.67352784170091,34.5835142838351
2004-02-16 04:35:38.610736005,34.963476370692746,35.36502029820352,34.45410619525075,34.67352924069431,34.583521991928784
2004-02-18 04:46:25.343479209,34.96351725425876,35.36500079169131,34.454108567177364,34.67353033856003,34.583530641949544
2004-02-20 04:57:12.076229603,34.9635587505479,35.36498176213488,34.45411022982901,34.673531131645746,34.58354016646198
2004-02-22 05:07:58.808972807,34.96360061023737,35.36496310551256,34.45411128737166,34.67353167189246,34.58355047378554
2004-02-24 05:18:45.541716011,34.963642589157395,35.36494471622432,34.4541118408788,34.673532013122966,34.583561481497135
2004-02-26 05:29:32.274459215,34.96368446011943,35.36492649883779,34.45411198518188,34.673532206181314,34.58357311102379
2004-02-28 05:40:19.007202419,34.96372601291619,35.36490836808818,34.454111808870294,34.673532298932884,34.58358528764267
2004-03-01 05:51:05.739945622,34.963767054321664,35.364890248878346,34.454111394291374,34.67353233626435,34.583597940481084
2004-03-03 06:01:52.472688826,34.963807408091085,35.36487207627876,34.454110817550415,34.6735323600837,34.583611002516456
2004-03-05 06:12:39.205432029,34.96384691496096,35.364853795527516,34.45411014851066,34.673532409320195,34.58362441057635
2004-03-07 06:23:25.938175233,34.96388543264905,35.36483536203032,34.454109450793275,34.67353251992445,34.58363810533847
2004-03-09 06:34:12.670918437,34.96392283585436,35.36481674136052,34.45410878177741,34.67353272486833,34.583652031330644
2004-03-11 06:44:59.403661640,34.963959016257185,35.36479790925907,34.454108192600124,34.67353305414504,34.58366613693083
2004-03-13 06:55:46.136404845,34.96399388251905,35.36477885163455,34.45410772815646,34.673533534769064,34.58368037436713
2004-03-15 07:06:32.869155238,34.964027360282756,35.364759564563144,34.454107427099395,34.67353419077621,34.58369469971777
2004-03-17 07:17:19.601898442,34.964059392172366,35.3647400542887,34.454107321839835,34.673535043223566,34.583709072911105
2004-03-19 07:28:06.334641646,34.96408993779318,35.36472033722265,34.45410743854667,34.67353611018955,34.58372345772565
2004-03-21 07:38:53.067384849,34.96411897373179,35.36470043994406,34.45410779714671,34.67353740677386,34.58373782179
2004-03-23 07:49:39.800128054,34.96414649355603,35.364680399199614,34.454108411324725,34.673538945097505,34.58375213658295
2004-03-25 08:00:26.532871258,34.964172507814986,35.364660261903616,34.454109288523426,34.673540734302804,34.58376637743337
2004-03-27 08:11:13.265614461,34.96419704403901,35.36464008513801,34.45411042994348,34.67354278055337,34.58378052352029
2004-03-29 08:21:59.998357665,34.96422014673972,35.36461993615234,34.454111830543496,34.673545087034114,34.58379455787287
2004-03-31 08:32:46.731100868,34.96424187740999,35.36459989236377,34.454113479040025,34.67354765395127,34.583808467370396
2004-04-02 08:43:33.463844072,34.96426231452395,35.36458004135711,34.45411535790758,34.673550478532356,34.58382224274231
2004-04-04 08:54:20.196587276,34.964281553537,35.36456048088476,34.45411744337862,34.673553555026196,34.583835878568145
2004-04-06 09:05:06.929330479,34.96429970688577,35.36454131886677,34.45411970544354,34.67355687470293,34.5838493732776
2004-04-08 09:15:53.662080873,34.96431690398819,35.364522673390795,34.45412210785069,34.67356042585399,34.5838627291505
2004-04-10 09:26:40.394824076,34.96433329124343,35.364504672712116,34.45412460810636,34.67356419379211,34.5838759523168
2004-04-12 09:37:27.127567282,34.96434897993954,35.364487457702495,34.45412712401883,34.673568277357816,34.58388891117738
2004-04-14 09:48:13.860310486,34.96436399930934,35.36447107669727,34.45412961874813,34.67357276447462,34.58390150317113
2004-04-16 09:59:00.593053690,34.96437842013439,35.36445550182516,34.454132157582634,34.673577500952256,34.583913931796076
2004-04-18 10:09:47.325796892,34.964392311691014,35.36444070424345,34.45413480225995,34.673582342285435,34.583926389690795
2004-04-20 10:20:34.058540096,34.96440574078319,35.364426654733634,34.45413760975798,34.67358715698806,34.58393905450135
2004-04-22 10:31:20.791283300,34.96441877174252,35.36441332370141,34.454140632294894,34.673591826593224,34.5839520888813
2004-04-24 10:42:07.524026504,34.96443146642825,35.36440068117672,34.454143917329176,34.67359624565319,34.583965640491684
2004-04-26 10:52:54.256769708,34.964443884227244,35.36438869681368,34.45414750755961,34.673600321739414,34.583979842001064
2004-04-28 11:03:40.989512912,34.964456082054014,35.36437733989064,34.454151440925244,34.67360397544257,34.58399481108548
2004-04-30 11:14:27.722256114,34.964468114350694,35.36436657931016,34.454155750605445,34.67360714037249,34.58401065042848
2004-05-02 11:25:14.455006508,34.96448003308706,35.36435638359902,34.45416046501986,34.6736097631582,34.58402744772109
2004-05-04 11:36:01.187749712,34.96449188776051,35.364346720908195,34.45416560782843,34.67361180344791,34.58404527566185
2004-05-06 11:46:47.920492916,34.96450372539609,35.36433755901288,34.45417119793139,34.67361323390905,34.58406419195678
2004-05-08 11:57:34.653236120,34.96451559054648,35.3643288653125,34.45417724946927,34.673614040228195,34.58408423931941
2004-05-10 12:08:21.385979324,34.96452752529198,35.364320606830674,34.45418377182289,34.67361422111114,34.584105445470755
2004-05-12 12:19:08.118722528,34.96453956924053,35.36431275021523,34.45419076961336,34.67361378828284,34.58412782313933
2004-05-14 12:29:54.851465732,34.9645517595277,35.36430526173822,34.45419824270209,34.67361276648748,34.58415137006116
2004-05-16 12:40:41.584208936,34.964564130816704,35.36429810729591,34.45420618619078,34.67361119348839,34.58417606897973
2004-05-18 12:51:28.316952140,34.964576715298385,35.36429125240877,34.454214590421415,34.67360912006812,34.58420188764605
2004-05-20 13:02:15.049695342,34.964589542691215,35.36428466222149,34.45422344097628,34.673606610028386,34.58422877881863
2004-05-22 13:13:01.782438546,34.964602640241296,35.36427830150298,34.45423271867795,34.67360374019012,34.58425668026345
2004-05-24 13:23:48.515181750,34.964616032722375,35.36427213464633,34.454242399589305,34.6736006003934,34.584285514754
2004-05-26 13:34:35.247932144,34.964629742435825,35.364266125668884,34.45425245501349,34.67359729349754,34.58431519007128
2004-05-28 13:45:21.980675348,34.96464378921066,35.36426023821217,34.45426285149397,34.67359393538101,34.584345599003754
2004-05-30 13:56:08.713418550,34.96465819040351,35.36425443554195,34.45427355081449,34.67359065494148,34.58437661934741
2004-06-01 14:06:55.446161754,34.96467296089867,35.36424868054818,34.4542845099991,34.67358759409581,34.58440811390571
2004-06-03 14:17:42.178904958,34.964688113108025,35.36424293574504,34.45429568131211,34.67358490778004,34.58443993048963
2004-06-05 14:28:28.911648164,34.96470365697113,35.364237163270914,34.45430701225816,34.67358276394941,34.58447190191764
2004-06-07 14:39:15.644391368,34.96471959594796,35.3642313467422,34.45431841081225,34.67358154984684,34.58450369201469
2004-06-09 14:50:02.377134570,34.96473593105044,35.36422550226037,34.454329777007494,34.673581643922034,34.58453495698849
2004-06-11 15:00:49.109877774,34.96475266946855,35.364219617263714,34.45434109563539,34.673582895745966,34.58456574116734
2004-06-13 15:11:35.842620978,34.964769813942226,35.364213679321026,34.454352355173484,34.67358514912131,34.584596096123654
2004-06-15 15:22:22.575364182,34.964787362552,35.36420767695518,34.45436354606235,34.67358825274173,34.58462607281498
2004-06-17 15:33:09.308107386,34.964805308719036,35.36420159964317,34.45437466070568,34.673592060191936,34.584655721583964
2004-06-19 15:43:56.040857778,34.9648236412051,35.364195437816065,34.4543856934702,34.673596429947644,34.584685092158395
2004-06-21 15:54:42.773600982,34.964842344112576,35.36418918285905,34.454396640685715,34.67360122537556,34.58471423365118
2004-06-23 16:05:29.506344186,34.964861396884444,35.36418282711142,34.45440750064511,34.67360631473346,34.58474319456032
2004-06-25 16:16:16.239087390,34.964880774304326,35.364176363866555,34.45441827360434,34.673611571170085,34.58477202276896
2004-06-27 16:27:02.971830594,34.964900446496436,35.36416978737193,34.454428961782426,34.67361687272521,34.58480076554536
2004-06-29 16:37:49.704573798,34.964920378925605,35.364163092829145,34.454439569361455,34.67362210232964,34.58482946954288
2004-07-01 16:48:36.437317002,34.964940532397286,35.36415627639387,34.4544501024866,34.67362714780518,34.58485818080003
2004-07-03 16:59:23.170060206,34.964960863057534,35.3641493351759,34.45446056926609,34.673631901864645,34.58488694474042
2004-07-05 17:10:09.902803410,34.96498132239302,35.36414226723912,34.45447097977123,34.67363626211189,34.58491580617277
2004-07-07 17:20:56.635546614,34.96500185723104,35.36413507160151,34.4544813460364,34.67364013104177,34.58494480929094
2004-07-09 17:31:43.368289818,34.96502240973948,35.36412774823516,34.45449168205904,34.67364341604016,34.5849739976739
2004-07-11 17:42:30.101040210,34.96504291742687,35.36412029806626,34.45450200379969,34.67364602938393,34.58500341428573
2004-07-13 17:53:16.833783414,34.96506331314232,35.3641127229751,34.45451232918192,34.673647888241014,34.585033101475645
2004-07-15 18:04:03.566526618,34.96508352507558,35.36410502579605,34.45452267809238,34.673648914670316,34.58506310097796
2004-07-17 18:14:50.299269822,34.965103476756994,35.36409721031762,34.45453307238083,34.67364903562178,34.585093453912144
2004-07-19 18:25:37.032013026,34.96512308705753,35.364089281282375,34.454543535860054,34.67364818293636,34.58512420078274
2004-07-21 18:36:23.764756228,34.965142270188764,35.36408124438702,34.454554094305934,34.67364629334602,34.58515538147943
2004-07-23 18:47:10.497499432,34.9651609357029,35.36407310628234,34.4545647754574,34.67364330847375,34.58518703527703
2004-07-25 18:57:57.230242636,34.965178988492724,35.364064874573224,34.45457560901648,34.67363917483355,34.58521920083546
2004-07-27 19:08:43.962985840,34.96519634510421,35.364056552646865,34.45458659912083,34.6736340209936,34.585251790974375
2004-07-29 19:19:30.695729044,34.96521289083248,35.3640481456601,34.454597713186836,34.67362832879291,34.58528448347198
2004-07-31 19:30:17.428472248,34.965228473869864,35.36403966753394,34.454608947484395,34.67362244696045,34.58531705738145
2004-08-02 19:41:04.161215452,34.965242965483995,35.36403112856087,34.45462029864022,34.673616688471824,34.585349314064295
2004-08-04 19:51:50.893958656,34.96525626058629,35.36402253526653,34.45463176313704,34.67361133323015,34.58538107523136
2004-08-06 20:02:37.626709048,34.96526827773195,35.36401389040974,34.45464333731365,34.67360662806603,34.585412182942804
2004-08-08 20:13:24.359452256,34.96527895911998,35.364005192982475,34.45465501736489,34.67360278673759,34.58544249960812
2004-08-10 20:24:11.092195460,34.96528827059314,35.363996438209874,34.45466679934167,34.67359998993046,34.58547190798612
2004-08-12 20:34:57.824938664,34.96529620163801,35.36398761755026,34.45467867915093,34.67359838525777,34.58550031118494
2004-08-14 20:45:44.557681864,34.965302765384926,35.36397871869509,34.45469065255566,34.67359808726016,34.58552763266203
2004-08-16 20:56:31.290425068,34.965307998608026,35.36396972556901,34.454702715174925,34.67359917740579,34.585553816224184
2004-08-18 21:07:18.023168272,34.96531196172523,35.363960618329806,34.45471486248382,34.673601704090316,34.58557882602751
2004-08-20 21:18:04.755911476,34.965314738798234,35.36395137336846,34.45472708981349,34.6736056826369,34.58560264657743
2004-08-22 21:28:51.488654680,34.965316437532536,35.36394196330909,34.454739392351144,34.67361109529621,34.5856252827287
2004-08-24 21:39:38.221397884,34.96531718927741,35.363932357009,34.45475176514004,34.67361789124643,34.58564675968541
2004-08-26 21:50:24.954141088,34.96531714902591,35.36392251955865,34.45476420307947,34.673625986593244,34.585667123000945
2004-08-28 22:01:11.686891480,34.96531649541489,35.36391241228166,34.45477670092481,34.67363526436986,34.585686438578044
2004-08-30 22:11:58.419634684,34.96531543072497,35.36390199273482,34.45478925328746,34.673645574536955,34.58570479266876
2004-09-01 22:22:45.152377888,34.96531418088058,35.36389121470808,34.454801854634866,34.67365673398275,34.58572229187445
2004-09-03 22:33:31.885121092,34.965312995449914,35.36388002822457,34.454814499290556,34.67366852652297,34.585739063145816
2004-09-05 22:44:18.617864296,34.965312147644966,35.36386837954056,34.45482718143409,34.67368070290082,34.58575525378289
2004-09-07 22:55:05.350607500,34.9653119343215,35.3638562111455,34.454839895101074,34.673692980787045,34.58577103143501
2004-09-09 23:05:52.083350704,34.96531267597908,35.363843461762016,34.45485263418317,34.67370504477988,34.585786584100845
2004-09-11 23:16:38.816093908,34.96531469417583,35.363830082172754,34.454865393842724,34.67371656036403,34.585802113887276
2004-09-13 23:27:25.548837112,34.965318098909805,35.36381608458655,34.45487817489118,34.67372740209112,34.58581770058456
2004-09-15 23:38:12.281580316,34.96532288825201,35.36380143048182,34.45489097371278,34.67373763330861,34.58583329608358
2004-09-17 23:48:59.014323516,34.96532905513475,35.36378607863665,34.454903786570014,34.67374732096743,34.58584884958368
2004-09-19 23:59:45.747066720,34.96533658557935,35.36376999367215,34.45491661036864,34.673756529630616,34.585864312792076
2004-09-22 00:10:32.479817116,34.96534545869619,35.36375314605252,34.45492944265775,34.67376532147333,34.585879639923874
2004-09-24 00:21:19.212560320,34.965355646684685,35.36373551208499,34.4549422816297,34.67377375628285,34.585894787702046
2004-09-26 00:32:05.945303524,34.96536711483327,35.363717073919865,34.45495512612016,34.67378189145855,34.58590971535743
2004-09-28 00:42:52.678046724,34.96537982151942,35.36369781955048,34.4549679756081,34.67378978201195,34.585924384628754
2004-09-30 00:53:39.410789928,34.96539371820966,35.36367774281325,34.454980830215774,34.673797480566655,34.58593875976263
2004-10-02 01:04:26.143533136,34.965408749459534,35.36365684338764,34.454993690708754,34.673805037358406,34.585952807513515
2004-10-04 01:15:12.876276340,34.96542485291363,35.36363512679614,34.45500655849589,34.67381250023505,34.585966497143765
2004-10-06 01:25:59.609019544,34.965441959305565,35.363612604404345,34.455019435629325,34.67381991465655,34.585979800423615
2004-10-08 01:36:46.341762748,34.965459992458,35.36358929342087,34.455032324804534,34.67382732369497,34.58599269163116
2004-10-10 01:47:33.074505952,34.96547886928262,35.3635652168974,34.45504522936025,34.673834768034524,34.586005147552385
2004-10-12 01:58:19.807249156,34.96549849978015,35.363540403728656,34.45505815327852,34.6738422859715,34.58601714748113
2004-10-14 02:09:06.539992360,34.96551878704037,35.363514888652446,34.4550711011847,34.673849913414344,34.58602867321914
2004-10-16 02:19:53.272742752,34.96553962724205,35.363488712249605,34.45508407834742,34.673857683883575,34.58603970907601
2004-10-18 02:30:40.005485956,34.96556090965304,35.36346192094403,34.45509709067862,34.67386562851185,34.58605024186923
2004-10-20 02:41:26.738229160,34.96558251663021,35.36343456700269,34.455110144733545,34.67387377604394,34.58606026092416
2004-10-22 02:52:13.470972364,34.96560432361945,35.363406708535585,34.455123247710716,34.673882152836725,34.58606975807401
2004-10-24 03:03:00.203715568,34.96562619915571,35.36337840949577,34.455136407451974,34.6738907828592,34.58607872765991
2004-10-26 03:13:46.936458772,34.965648004862956,35.36334973967939,34.45514963244244,34.6738996876925,34.58608716653084
2004-10-28 03:24:33.669201972,34.96566959596386,35.36332077750281,34.45516293309953,34.67390887529289,34.58609508193432
2004-10-30 03:35:20.401945176,34.965690861662615,35.36329166099839,34.45517634244457,34.67391811299343,34.58610264826308
2004-11-01 03:46:07.134688380,34.96571176002129,35.363262499945535,34.45518987286807,34.67392723550044,34.58610998674577
2004-11-03 03:56:53.867431584,34.965732262980396,35.363233376695796,34.45520352488633,34.673936161561755,34.586117158865854
2004-11-05 04:07:40.600174788,34.96575235034578,35.36320436593056,34.455217297502024,34.67394481902197,34.586124219847655
2004-11-07 04:18:27.332917992,34.96577200978866,35.363175534660996,34.455231188204195,34.673953144822505,34.58613121865627
2004-11-09 04:29:14.065668384,34.96579123684561,35.36314694222811,34.45524519296825,34.67396108500157,34.586138197997656
2004-11-11 04:40:00.798411588,34.96581003491856,35.36311864030271,34.45525930625596,34.67396859469417,34.58614519431857
2004-11-13 04:50:47.531154792,34.9658284152748,35.3630906728854,34.4552735210155,34.673975638132134,34.58615223780657
2004-11-15 05:01:34.263897996,34.965846397046974,35.363063076306595,34.45528782868139,34.67398218864406,34.58615935239007
2004-11-17 05:12:20.996641200,34.96586400723308,35.36303587922653,34.45530221917453,34.67398822865536,34.58616655573828
2004-11-19 05:23:07.729384404,34.96588128069648,35.36300910263524,34.455316680902186,34.67399374968825,34.58617385926123
2004-11-21 05:33:54.462127608,34.96589826016588,35.36298275985257,34.455331200758,34.67399875236174,34.586181268109776
2004-11-23 05:44:41.194870812,34.96591499623537,35.36295685652817,34.45534576412201,34.674003246391635,34.5861887811756
2004-11-25 05:55:27.927614020,34.96593154736437,35.36293139064151,34.45536035486057,34.674007250590556,34.58619639109118
2004-11-27 06:06:14.660357220,34.965947979877676,35.36290635250187,34.455374955326455,34.674010792867904,34.586204084229834
2004-11-29 06:17:01.393100424,34.96596436796542,35.362881724748306,34.4553895463588,34.674013910229895,34.58621184070569
2004-12-01 06:27:48.125843628,34.96598079368311,35.36285748234972,34.4554041072831,34.674016648779535,34.58621963437369
2004-12-03 06:38:34.858594024,34.9659973469516,35.3628335926048,34.45541861591124,34.674019063716635,34.58622743282962
2004-12-05 06:49:21.591337228,34.966014125557116,35.36281001514207,34.45543304854145,34.6740212193378,34.586235197410055
2004-12-07 07:00:08.324080428,34.96603123515123,35.36278670191983,34.455447379958365,34.674023189036454,34.5862428831924
2004-12-09 07:10:55.056823632,34.96604878925086,35.3627635972262,34.455461583432964,34.67402505530279,34.58625043899489
2004-12-11 07:21:41.789566836,34.9660669092383,35.36274063767912,34.45547563072261,34.67402690972382,34.586257807376555
2004-12-13 07:32:28.522310040,34.9660857243612,35.362717752226324,34.455489492071045,34.67402885298336,34.58626492463728
2004-12-15 07:43:15.255053244,34.96610537173256,35.36269486214536,34.455503136208364,34.674030994862015,34.58627172081773
2004-12-17 07:54:01.987796448,34.96612599633073,35.36267188104359,34.455516530351055,34.67403345423718,34.586278119699415
2004-12-19 08:04:48.720539652,34.966147750969064,35.36264871490057,34.45552964018623,34.674036359061155,34.58628403880581
2004-12-21 08:15:35.453282856,34.96617069382339,35.36262534601675,34.45554243002539,34.674039762676884,34.58628943819395
2004-12-23 08:26:22.186026060,34.96619465744687,35.3626018549612,34.455554939941145,34.674043522876836,34.58629444766672
2004-12-25 08:37:08.918769264,34.96621946526817,35.36257829472638,34.45556723905729,34.67404748709483,34.58629922459425
2004-12-27 08:47:55.651519656,34.96624495338667,35.36255471381228,34.45557938863032,34.67405151689268,34.586303912448884
2004-12-29 08:58:42.384262860,34.9662709705724,35.3625311562264,34.455591442049425,34.67405548796015,34.586308640805115
2004-12-31 09:09:29.117006064,34.96629737826609,35.362507661483775,34.45560344483649,34.674059290115004,34.58631352533963
2005-01-02 09:14:47.937591483,34.96632405057912,35.36248426460698,34.455615434646106,34.67406282730297,34.58631866783126
2005-01-04 09:17:40.772157792,34.96635087429355,35.36246099612608,34.45562744126556,34.674066017597745,34.586324156161034
2005-01-06 09:20:33.606724102,34.96637774886215,35.36243788207873,34.45563948661484,34.674068793201016,34.586330064312136
2005-01-08 09:23:26.441290412,34.96640458640831,35.362414944010055,34.455651584746626,34.67407110044243,34.58633645236995
2005-01-10 09:26:19.275856722,34.96643131172615,35.36239219897273,34.45566374184631,34.67407289977964,34.586343366521994
2005-01-12 09:29:12.110423032,34.966457862280414,35.36236965952696,34.45567595623195,34.674074165798224,34.586350839057985
2005-01-14 09:32:04.944989341,34.96648418820657,35.36234733374047,34.45568821835435,34.67407488721179,34.58635888836982
2005-01-16 09:34:57.779555651,34.96651025231074,35.36232522518853,34.455700510796966,34.674075066861874,34.58636751895154
2005-01-18 09:37:50.614129131,34.96653603006971,35.36230333295391,34.45571280827599,34.67407472171803,34.58637672139939
2005-01-20 09:40:43.448695441,34.966561509630964,35.36228165162693,34.455725077640295,34.67407388287776,34.58638647241175
2005-01-22 09:43:36.283261751,34.966586691812644,35.36226017130542,34.45573727787144,34.67407259556654,34.586396734789226
2005-01-24 09:46:29.117828060,34.96661159010358,35.362238877594756,34.45574936008372,34.674070919137854,34.58640745743455
2005-01-26 09:49:21.952394371,34.96663623066328,35.36221775160783,34.45576126752408,34.67406892707312,34.58641857535263
2005-01-28 09:52:14.786960680,34.96666065232191,35.36219676996506,34.45577293557221,34.674066706981755,34.586430009650584
2005-01-30 09:55:07.621526990,34.96668490658033,35.362175904794405,34.455784291740464,34.67406436060116,34.58644166753767
2005-02-01 09:58:00.456093300,34.966709057610075,35.362155123731334,34.455795255673905,34.67406200379668,34.58645344232533
2005-02-03 10:00:53.290659609,34.96673318225334,35.36213438991885,34.45580573915031,34.674059766561655,34.586465213427175
2005-02-05 10:03:46.125225919,34.96675737002301,35.36211366200749,34.455815646080126,34.67405779301742,34.58647684635899
2005-02-07 10:06:38.959792229,34.966781820926414,35.36209278436625,34.455824804586285,34.674056414180775,34.586488108730514
2005-02-09 10:09:31.794358539,34.9668067541023,35.36207156605269,34.45583303883731,34.674055999220364,34.586498765150864
2005-02-11 10:12:24.628924849,34.96683212057257,35.36205009711546,34.45584036769818,34.67405645395655,34.58650882512644
2005-02-13 10:15:17.463498329,34.96685786513494,35.36202846879707,34.4558468163167,34.674057677166324,34.586518306716435
2005-02-15 10:18:10.298064639,34.966883933322684,35.36200676595406,34.4558524111944,34.67405957276381,34.58652723037992
2005-02-17 10:21:03.132630948,34.966910271404586,35.36198506705693,34.45585718018654,34.67406204980029,34.58653561897583
2005-02-19 10:23:55.967197258,34.966936826384995,35.36196344419019,34.45586115250209,34.67406502246418,34.586543497762946
2005-02-21 10:26:48.801763568,34.96696354600379,35.36194196305235,34.45586435870374,34.67406841008106,34.5865508943999
2005-02-23 10:29:41.636329878,34.96699037873637,35.361920682955926,34.45586683070792,34.67407213711365,34.5865578389452
2005-02-25 10:32:34.470896187,34.9670172737937,35.361899656827404,34.455868601784736,34.6740761331618,34.5865643638572
2005-02-27 10:35:27.305462497,34.96704418112227,35.36187893120729,34.45586970655806,34.67408033296254,34.58657050399411
2005-03-01 10:38:20.140028807,34.96707105140411,35.361858546250076,34.45587018100547,34.67408467639002,34.58657629661401
2005-03-03 10:41:12.974595116,34.967097836056794,35.36183853572426,34.45587006245825,34.67408910845554,34.58658178137484
2005-03-05 10:44:05.809161426,34.96712448723341,35.36181892701233,34.45586938960142,34.67409357930756,34.58658700033437
2005-03-07 10:46:58.643734907,34.96715095782263,35.36179974111076,34.45586820247371,34.674098044231684,34.58659199795025
2005-03-09 10:49:51.478301217,34.96717720144863,35.36178099263004,34.45586654246758,34.67410246365064,34.58659682107999
2005-03-11 10:52:44.312867526,34.96720317247112,35.361762689794645,34.4558644523292,34.674106803124346,34.586601518980956
2005-03-13 10:55:37.147433836,34.96722882598538,35.36174483444306,34.45586197615847,34.67411103334982,34.58660614331037
2005-03-15 10:58:29.982000146,34.96725411782219,35.36172742202774,34.455859159408995,34.674115130161255,34.586610748125295
2005-03-17 11:01:22.816566455,34.96727900454791,35.361710441615166,34.45585604888812,34.67411907452998,34.58661538988268
2005-03-19 11:04:15.651132765,34.9673034434644,35.3616938758858,34.4558526927569,34.674122852564494,34.58662012743932
2005-03-21 11:07:08.485699075,34.967327392609086,35.36167770113409,34.45584914053011,34.674126455510404,34.58662502205186
2005-03-23 11:10:01.320265384,34.96735081075492,35.36166188726852,34.45584544307624,34.67412987975049,34.586630137376815
2005-03-25 11:12:54.154831694,34.9673736574104,35.361646397811526,34.455841652617515,34.67413312680467,34.58663553947056
2005-03-27 11:15:46.989398004,34.96739589281954,35.36163118989957,34.45583782272986,34.67413620333002,34.5866412967893
2005-03-29 11:18:39.823964315,34.96741747796193,35.36161621428309,34.45583400834294,34.674139121120746,34.586647480189136
2005-03-31 11:21:32.658537794,34.967438374552664,35.36160141532653,34.455830265740126,34.67414189710821,34.58665416292601
2005-04-02 11:24:25.493104104,34.9674585450424,35.36158673100835,34.45582665255852,34.674144553360925,34.586661420655716
2005-04-04 11:27:18.327670414,34.967477952617315,35.36157209292097,34.45582322778893,34.67414711708454,34.58666933143392
2005-04-06 11:30:11.162236724,34.967496561199134,35.361557426270835,34.4558200517759,34.674149620621854,34.58667797571612
2005-04-08 11:33:03.996803034,34.967514335445124,35.361542649878366,34.455817186217686,34.674152101452826,34.58668743635771
2005-04-10 11:35:56.831369342,34.96753124074809,35.361527676178,34.455814694166264,34.67415460219454,34.586697798613905
2005-04-12 11:38:49.665935652,34.96754733949815,35.36151223467942,34.455812561834584,34.67415726610731,34.586709112048084
2005-04-14 11:41:42.500501962,34.96756269545507,35.36149619407516,34.455810766053546,34.67416019796431,34.58672136272881
2005-04-16 11:44:35.335068272,34.96757726485844,35.36147970009779,34.45580936633797,34.674163369552694,34.58673454492291
2005-04-18 11:47:28.169634582,34.96759101015169,35.361462889582796,34.4558084176515,34.67416675401193,34.586748651044054
2005-04-20 11:50:21.004200892,34.967603900057696,35.36144589030319,34.45580797034705,34.6741703259164,34.586763671634884
2005-04-22 11:53:13.838767202,34.96761590957878,35.361428820969536,34.455808070166825,34.67417406127547,34.58677959536705
2005-04-24 11:56:06.673340682,34.96762701999671,35.36141179122994,34.45580875824226,34.674177937533415,34.58679640904119
2005-04-26 11:58:59.507906992,34.96763721887267,35.36139490167006,34.45581007109409,34.67418193356946,34.58681409758693
2005-04-28 12:01:52.342473302,34.96764650004729,35.36137824381307,34.455812040632296,34.67418602969777,34.58683264406288
2005-04-30 12:04:45.177039612,34.96765486364065,35.36136190011973,34.455814694156125,34.67419020766746,34.586852029656654
2005-05-02 12:07:38.011605920,34.96766231605226,35.361345943988304,34.455818054354104,34.67419445066257,34.586872233684836
2005-05-04 12:10:30.846172230,34.967668869961074,35.361330439754624,34.45582213930401,34.67419874330209,34.58689323359302
2005-05-06 12:13:23.680738540,34.96767454432548,35.36131544269206,34.455826962472905,34.674203071639965,34.58691500495577
2005-05-08 12:16:16.515304850,34.9676793643833,35.36130099901152,34.4558325327171,34.67420742316505,34.586937521476656
2005-05-10 12:19:09.349871160,34.9676833616518,35.36128714586145,34.45583885428219,34.67421178680116,34.58696075498823
2005-05-12 12:22:02.184437470,34.96768657392769,35.361273911327864,34.45584592680303,34.67421615290706,34.586984675452044
2005-05-14 12:24:55.019003778,34.967689045287116,35.3612613144343,34.45585374530372,34.674220513276424,34.58700925095863
2005-05-16 12:27:47.853570088,34.967690826085644,35.361249365141845,34.455862300197666,34.67422486113791,34.587034447727504
2005-05-18 12:30:40.688143570,34.967691972958306,35.36123806434912,34.4558715772875,34.67422919115508,34.587060230107184
2005-05-20 12:33:33.522709880,34.967692548819564,35.361227403892315,34.45588155776517,34.67423349942646,34.58708656057517
2005-05-22 12:36:26.357276188,34.967692622863304,35.361217366545134,34.45589221821183,34.6742377834855,34.587113399737966
2005-05-24 12:39:19.191842498,34.967692270562864,35.361207926018835,34.45590353059795,34.67424204230061,34.58714070633105
2005-05-26 12:42:12.026408808,34.967691573671026,35.361199046962234,34.45591546228325,34.67424627627513,34.587168437218885
2005-05-28 12:45:04.860975118,34.96769062021999,35.36119068496167,34.4559279760167,34.67425048724733,34.587196547394946
2005-05-30 12:47:57.695541428,34.967689504521424,35.36118278654104,34.45594102993657,34.67425467849044,34.587224989981685
2005-06-01 12:50:50.530107738,34.9676883271664,35.36117528916178,34.45595457757037,34.674258854712626,34.58725371623054
2005-06-03 12:53:43.364674046,34.96768719502546,35.36116812122287,34.45596856783488,34.67426302205699,34.587282675521955
2005-06-05 12:56:36.199240356,34.96768622124857,35.36116120206082,34.455982945036155,34.674267188101574,34.58731181536533
2005-06-07 12:59:29.033806666,34.96768552526513,35.36115444194971,34.45599764886952,34.674271361859375,34.5873410813991
2005-06-09 13:02:21.868372976,34.967685232783985,35.36114774210114,34.45601261441955,34.674275553778315,34.58737041739066
2005-06-11 13:05:14.702946456,34.96768547579342,35.36114099466427,34.4560277721601,34.67427977574126,34.587399765236405
2005-06-13 13:08:07.537512766,34.96768639466053,35.36113408166429,34.45604304934096,34.67428404153148,34.587429063816046
2005-06-15 13:11:00.372079076,34.96768819458253,35.36112685803148,34.456058455095,34.674288384228106,34.587458212700525
2005-06-17 13:13:53.206645386,34.96769083266971,35.36111933547572,34.456073973447566,34.67429279639913,34.58748723095943
2005-06-19 13:16:46.041211696,34.96769416356604,35.36111158342379,34.456089545226114,34.674297249851826,34.587516190048476
2005-06-21 13:19:38.875778006,34.96769805298891,35.36110366544863,34.45610511658208,34.67430171800844,34.587545154802996
2005-06-23 13:22:31.710344314,34.9677023777292,35.36109563926936,34.45612063899087,34.674306175906146,34.58757418343795
2005-06-25 13:25:24.544910624,34.96770702565124,35.3610875567512,34.45613606925186,34.67431060019709,34.587603327547924
2005-06-27 13:28:17.379476934,34.967711895692815,35.36107946390558,34.45615136948841,34.67431496914836,34.587632632107116
2005-06-29 13:31:10.214043244,34.967716897865174,35.36107140089006,34.45616650714784,34.674319262641994,34.58766213546935
2005-07-01 13:34:03.048609554,34.967721953253026,35.36106340200834,34.45618145500147,34.67432346217499,34.58769186936807
2005-07-03 13:36:55.883175864,34.96772699401455,35.361055495710296,34.456196191144564,34.674327550859275,34.58772185891635
2005-07-05 13:39:48.717749344,34.967731963381354,35.36104770459194,34.45621069899639,34.67433151342176,34.58775212260689
2005-07-07 13:42:41.552315654,34.96773681565855,35.361040045395455,34.45622496730015,34.67433533620428,34.58778267231198
2005-07-09 13:45:34.386881964,34.96774151622466,35.361032529009165,34.456238990123076,34.67433900716363,34.587813513283564
2005-07-11 13:48:27.221448274,34.96774604153172,35.36102516046754,34.45625276685632,34.67434251587157,34.58784464415319
2005-07-13 13:51:20.056014584,34.967750379105176,35.361017938951235,34.456266302215056,34.67434585351479,34.587876056932046
2005-07-15 13:54:12.890580892,34.96775452754397,35.36101085778703,34.4562796062384,34.67434901289493,34.58790773701092
2005-07-17 13:57:05.725147202,34.96775849652048,35.361003904447855,34.456292694289445,34.674351988428604,34.58793966316024
2005-07-19 13:59:58.559713512,34.967762306780564,35.360997060552826,34.45630558705528,34.67435477614737,34.587971807530046
2005-07-21 14:02:51.394279822,34.96776599014352,35.360990301867176,34.45631831054695,34.67435737369771,34.588004135649996
2005-07-23 14:05:44.228846132,34.967769589502126,35.36098359830231,34.45633089609947,34.6743597803411,34.58803660642938
2005-07-25 14:08:37.063412442,34.967773158822595,35.36097691391579,34.456343380371855,34.674361996953934,34.58806917215709
2005-07-27 14:11:29.897985924,34.967776763144634,35.360970206911325,34.456355805347066,34.67436402602757,34.58810177850168
2005-07-29 14:14:22.732552232,34.967780478581375,35.36096342963877,34.45636821833206,34.67436587166832,34.58813436451128
2005-07-31 14:17:15.567118540,34.96778439231942,35.36095652859416,34.45638067195775,34.67436753959744,34.58816686261367
2005-08-02 14:20:08.401684852,34.96778860261886,35.360949444419646,34.456393224179045,34.67436903715114,34.588199198616245
2005-08-04 14:23:01.236251160,34.967793218813206,35.36094211190356,34.45640593827481,34.67437037328059,34.58823129170601
2005-08-06 14:25:54.070817472,34.96779836130944,35.360934459980385,34.45641888284789,34.67437155855189,34.58826305444961
2005-08-08 14:28:46.905383780,34.967804209606,35.36092640737471,34.4564321440243,34.674372587394274,34.58829439025626
2005-08-10 14:31:39.739950092,34.96781135835438,35.36091783704263,34.456445903963214,34.67437329903865,34.58832518769991
2005-08-12 14:34:32.574516400,34.96781973434134,35.360908705725656,34.45646015114173,34.674373765674304,34.588355396830025
2005-08-14 14:37:25.409082712,34.96782907867049,35.36089899227846,34.456474822939875,34.674374123184194,34.58838498500573
2005-08-16 14:40:18.243649020,34.96783914921107,35.36088867802712,34.456489859760445,34.67437449772552,34.58841392348474
2005-08-18 14:43:11.078215332,34.967849720598,35.36087774676919,34.45650520502893,34.67437500572976,34.58844218742334
2005-08-20 14:46:03.912781640,34.96786058423178,35.36086618477362,34.45652080519357,34.674375753902595,34.58846975587642
2005-08-22 14:48:56.747355120,34.967871548278616,35.36085398078083,34.45653660972531,34.674376839223996,34.58849661179746
2005-08-24 14:51:49.581921428,34.967882437670326,35.36084112600269,34.456552571117825,34.674378348948174,34.58852274203853
2005-08-26 14:54:42.416487740,34.967893094104376,35.360827614122485,34.45656864488753,34.67438036060358,34.58854813735028
2005-08-28 14:57:35.251054048,34.96790337604388,35.36081344129495,34.456584789573554,34.67438294199293,34.58857279238196
2005-08-30 15:00:28.085620360,34.96791315871759,35.36079860614628,34.45660096673775,34.674386151193175,34.5885967056814
2005-09-01 15:03:20.920186668,34.96792233411992,35.360783109774076,34.4566171409647,34.674390036555536,34.588619879695024
2005-09-03 15:06:13.754752980,34.967930811010895,35.360766955747415,34.45663327986173,34.67439463670547,34.58864232076786
2005-09-05 15:09:06.589319288,34.96793851491621,35.36075015010679,34.45664935405885,34.674399980542695,34.588664039143495
2005-09-07 15:11:59.423885600,34.9679453881272,35.36073270136414,34.456665337208825,34.67440608724116,34.58868504896413
2005-09-09 15:14:52.258451908,34.96795138970083,35.36071462050287,34.45668120598716,34.674412966249086,34.58870536827055
2005-09-11 15:17:45.093018220,34.967956495459724,35.36069592097778,34.45669694009205,34.67442061728894,34.58872501900213
2005-09-13 15:20:37.927591696,34.96796069799214,35.360676618715146,34.456712522244445,34.67442903035742,34.58874402699683
2005-09-15 15:23:30.762158008,34.96796400665199,35.36065673211269,34.456727938188,34.67443818572551,34.58876242199119
2005-09-17 15:26:23.596724316,34.967966447558815,35.360636282039536,34.456743176689116,34.67444805393841,34.58878023762037
2005-09-19 15:29:16.431290628,34.96796806359781,35.36061529183629,34.4567582295369,34.6744585958156,34.58879751141809
2005-09-21 15:32:09.265856936,34.967968914419814,35.360593787314976,34.4567730915432,34.67446976245079,34.58881428481668
2005-09-23 15:35:02.100423248,34.96796907644131,35.36057179675907,34.456787760542575,34.674481495211936,34.58883060314704
2005-09-25 15:37:54.934989556,34.96796864284441,35.36054935092347,34.45680223739233,34.67449372574127,34.58884651563867
2005-09-27 15:40:47.769555868,34.9679677235769,35.360526483034555,34.45681652597248,34.67450637595525,34.58886207541966
2005-09-29 15:43:40.604122176,34.967966445352175,35.3605032287901,34.45683063318577,34.6745193580446,34.5888773395167
2005-10-01 15:46:33.438688488,34.9679649516493,35.36047962635935,34.45684456895767,34.674532574474284,34.58889236885505
2005-10-03 15:49:26.273254792,34.9679635287819,35.36045569699277,34.456858385903615,34.67454585762547,34.58890723305033
2005-10-05 15:52:19.107821104,34.967962964560044,35.360431393493016,34.45687229303307,34.674558816919266,34.58892200323735
2005-10-07 15:55:11.942394584,34.96796348580004,35.360406760204434,34.45688632460766,34.67457135636464,34.58893670087075
2005-10-09 15:58:04.776960896,34.96796521820357,35.36038185341594,34.4569004860011,34.67458343015076,34.58895134111831
2005-10-11 16:00:57.611527204,34.96796827200305,35.36035672772579,34.456914780663176,34.674595000078995,34.588965937810535
2005-10-13 16:03:50.446093516,34.967972741961646,35.360331436041555,34.456929210119654,34.67460603556288,34.58898050344057
2005-10-15 16:06:43.280659824,34.96797870737325,35.36030602958015,34.456943773972334,34.67461651362815,34.58899504916424
2005-10-17 16:09:36.115226136,34.96798623206249,35.36028055786784,34.45695846989906,34.67462641891271,34.589009584800074
2005-10-19 16:12:28.949792444,34.96799536438474,35.36025506874019,34.456973293653675,34.67463574366665,34.58902411882926
2005-10-21 16:15:21.784358756,34.96800613722609,35.36022960834212,34.456988239066064,34.67464448775223,34.58903865839566
2005-10-23 16:18:14.618925064,34.96801856800338,35.36020422112788,34.45700329804211,34.67465265864392,34.589053209305824
2005-10-25 16:21:07.453491372,34.96803265866418,35.36017894986106,34.45701846056375,34.67466027142836,34.58906777602897
2005-10-27 16:24:00.288057680,34.968048395686786,35.36015383561457,34.45703371468893,34.67466734880435,34.589082361697
2005-10-29 16:26:53.122623992,34.96806575008025,35.36012891777067,34.457049046551624,34.674673921082906,34.5890969681045
2005-10-31 16:29:45.957197472,34.96808467738434,35.36010423402094,34.45706444036181,34.67468002618721,34.589111595708715
2005-11-02 16:32:38.791763784,34.96810511766957,35.3600798203663,34.457079878405516,34.67468570965263,34.589126243629586
2005-11-04 16:35:31.626330092,34.96812699553719,35.36005571111701,34.45709534104478,34.67469102462672,34.58914090964972
2005-11-06 16:38:24.460896404,34.96815022011918,35.360031938892654,34.45711080671766,34.674696031869196,34.5891555902144
2005-11-08 16:41:17.295462712,34.96817468507825,35.360008534622146,34.457126251938256,34.67470079975199,34.58917028043161
2005-11-10 16:44:10.130029024,34.96820026860786,35.35998552754374,34.457141651296666,34.674705404259186,34.58918497407198
2005-11-12 16:47:02.964595332,34.9682268334322,35.35996294520504,34.45715697745903,34.67470992898707,34.589199663568834
2005-11-14 16:49:55.799161640,34.96825422680618,35.35994081346296,34.45717220116751,34.6747144651441,34.589214340018174
2005-11-16 16:52:48.633727948,34.96828228051546,35.359919156483755,34.45718729124028,34.67471911155093,34.589228993178665
2005-11-18 16:55:41.468294260,34.968310810876446,35.359897996743015,34.457202214571545,34.674723974640365,34.58924361147168
2005-11-20 16:58:34.302860568,34.96833961873625,35.35987735502567,34.45721693613154,34.67472916845743,34.589258181981236
2005-11-22 17:01:27.137426880,34.96836848947275,35.35985725042597,34.45723141896651,34.67473481465932,34.589272690454045
2005-11-24 17:04:19.972000360,34.968397213853954,35.35983769734394,34.45724562948874,34.674741029970534,34.58928712455748
2005-11-26 17:07:12.806566672,34.96842593283877,35.35981864393746,34.4572596368678,34.674747714034325,34.58930153662544
2005-11-28 17:10:05.641132980,34.968454713902176,35.359800021122005,34.457273516947524,34.67475479863601,34.58931598529293
2005-11-30 17:12:58.475699292,34.968483534420024,35.35978177154028,34.457287320534924,34.6747622675093,34.58933051167955
2005-12-02 17:15:51.310265600,34.96851237310218,35.359763840041865,34.457301092864434,34.674770102746095,34.589345150840046
2005-12-04 17:18:44.144831908,34.96854120999253,35.35974617368324,34.4573148735979,34.67477828479646,34.58935993176431
2005-12-06 17:21:36.979398216,34.96857002646897,35.35972872172777,34.457328696824575,34.6747867924686,34.58937487737736
2005-12-08 17:24:29.813964528,34.96859880524342,35.3597114356457,34.457342591061106,34.674795602928924,34.58939000453936
2005-12-10 17:27:22.648530836,34.96862753036181,35.359694269114165,34.45735657925155,34.67480469170198,34.58940532404562
2005-12-12 17:30:15.483097148,34.96865618720408,35.359677178017186,34.45737067876738,34.67481403267049,34.58942084062657
2005-12-14 17:33:08.317663456,34.968684762484195,35.35966012044569,34.45738490140746,34.67482359807535,34.58943655294781
2005-12-16 17:36:01.152229768,34.96871324425014,35.35964305669746,34.45739925339807,34.6748333585156,34.58945245361005
2005-12-18 17:38:53.986803248,34.96874162188389,35.35962594927719,34.45741373539289,34.67484328294847,34.58946852914916
2005-12-20 17:41:46.821369560,34.96876988610148,35.35960876289645,34.45742834247301,34.67485333868935,34.58948476003613
2005-12-22 17:44:39.655935868,34.96879802895291,35.35959146447371,34.457443064146915,34.6748634914118,34.589501120677106
2005-12-24 17:47:32.490502180,34.968826043822226,35.359574023134314,34.45745788435051,34.674873705147526,34.58951757941337
2005-12-26 17:50:25.325068484,34.96885392542749,35.35955641021051,34.4574727814471,34.67488394228643,34.58953409852134
2005-12-28 17:53:18.159634796,34.96888166982077,35.359538599241404,34.4574877282274,34.674894163576546,34.589550634212586
2005-12-30 17:56:10.994201104,34.968909274388146,35.35952056597302,34.457502691909525,34.67490432812411,34.5895671366338
2006-01-01 17:59:03.828767415,34.96893673784973,35.35950228835825,34.45751763413899,34.67491439339349,34.58958354986681
2006-01-03 18:01:56.663333725,34.96896406025964,35.3594837465569,34.45753251098872,34.674924315207264,34.58959981192861
2006-01-05 18:04:49.497900035,34.968991243006,35.35946492293562,34.45754727295906,34.67493404774613,34.5896158547713
2006-01-07 18:07:42.332466345,34.96901828881097,35.359445802067995,34.45756186497774,34.67494354354897,34.58963160428216
2006-01-09 18:10:35.167032654,34.96904520173071,35.359426370734454,34.457576226399915,34.67495275351285,34.589646980283575
2006-01-11 18:13:28.001606135,34.969071987155395,35.35940661792235,34.45759029100813,34.67496162689297,34.58966189653309
2006-01-13 18:16:20.836172444,34.96909859936094,35.35938650619429,34.457604002623555,34.67497009601823,34.589676260881234
2006-01-15 18:19:13.670738754,34.96912480015823,35.35936589594,34.457617389673906,34.674978060204516,34.589690028794145
2006-01-17 18:22:06.505305064,34.96915074870619,35.35934486822079,34.45763041105179,34.67498557408443,34.58970323649751
2006-01-19 18:24:59.339871374,34.96917665473244,35.35932353340249,34.457643013467155,34.67499271102184,34.589715927006985
2006-01-21 18:27:52.174437683,34.969202710571146,35.359301993888586,34.457655147926715,34.67499954040513,34.589728144202745
2006-01-23 18:30:45.009003993,34.969229091163,35.359280344120236,34.45766676973391,34.675006127647244,34.58973993282951
2006-01-25 18:33:37.843570303,34.969255954055285,35.35925867057623,34.45767783848893,34.67501253418566,34.589751338496555
2006-01-27 18:36:30.678136613,34.96928343940179,35.35923705177302,34.457688318088685,34.67501881748238,34.58976240767768
2006-01-29 18:39:23.512702923,34.969311669962906,35.35921555826472,34.45769817672685,34.67502503102395,34.58977318771125
2006-01-31 18:42:16.347269233,34.96934075110553,35.35919425264309,34.45770738689382,34.67503122432146,34.58978372680014
2006-02-02 18:45:09.181842712,34.96937077080313,35.35917318953754,34.45771592537673,34.675037442910515,34.58979407401179
2006-02-04 18:48:02.016409022,34.96940179963573,35.35915241561515,34.457723773259474,34.675043728351284,34.58980427927818
2006-02-06 18:50:54.850975332,34.9694338907899,35.35913196958063,34.45773091592265,34.675050118228455,34.589814393395805
2006-02-08 18:53:47.685541642,34.969467080058756,35.35911188217637,34.457737343043625,34.675056646151255,34.589824468025746
2006-02-10 18:56:40.520107952,34.96950138584197,35.35909217618239,34.4577430485965,34.67506334175344,34.589834555693585
2006-02-12 18:59:33.354674261,34.969536809145765,35.35907286641638,34.4577480308521,34.675070230693336,34.58984470978947
2006-02-14 19:02:26.189240571,34.96957333358291,35.359053959733686,34.45775229237801,34.67507733465376,34.58985498456808
2006-02-16 19:05:19.023806881,34.969610925372734,35.359035455027296,34.45775584003854,34.675084671342084,34.58986543514863
2006-02-18 19:08:11.858373191,34.96964953334111,35.359017343227855,34.45775868499474,34.67509225449024,34.58987611751489
2006-02-20 19:11:04.692939500,34.969689088920475,35.35899960730367,34.457760842704396,34.67510009385465,34.58988708851517
2006-02-22 19:13:57.527505810,34.9697295061498,35.35898222226069,34.45776233292205,34.675108195216325,34.589898405862314
2006-02-24 19:16:50.362072120,34.96977068167461,35.358965155142535,34.45776317969897,34.675116560380765,34.5899101281337
2006-02-26 19:19:43.196638430,34.96981249474699,35.358948365030464,34.45776341138317,34.67512518717803,34.58992231477127
2006-02-28 19:22:36.031211910,34.96985480722558,35.35893180304339,34.45776306061939,34.67513406946273,34.5899350260815
2006-03-02 19:25:28.865778220,34.96989746357555,35.358915412337886,34.45776216434912,34.67514319711398,34.58994832323538
2006-03-04 19:28:21.700344530,34.969940290868635,35.358899128108185,34.45776076381059,34.67515255603545,34.58996226826848
2006-03-06 19:31:14.534910839,34.96998309878313,35.35888287758616,34.45775890453876,34.67516212815534,34.589976924080894
2006-03-08 19:34:07.369477149,34.970025679603864,35.35886658004136,34.45775663636534,34.6751718914264,34.58999235443725
2006-03-10 19:37:00.204043459,34.97006780822223,35.358850146780945,34.45775401341877,34.67518181982591,34.59000862396673
2006-03-12 19:39:53.038609768,34.97010924213616,35.35883348114978,34.45775109412424,34.67519188335566,34.59002579816306
2006-03-14 19:42:45.873176078,34.970149727583475,35.358816472742895,34.45774793518836,34.675202058522615,34.590043946951134
2006-03-16 19:45:38.707742388,34.970189149000994,35.3587990191305,34.457744533237786,34.67521241099508,34.59006313119153
2006-03-18 19:48:31.542308698,34.970227517782796,35.35878121142326,34.45774093081101,34.675222891221466,34.59008328948499
2006-03-20 19:51:24.376875008,34.970264844472304,35.35876316970567,34.45773718727336,34.67523341925065,34.59010434116093
2006-03-22 19:54:17.211448488,34.97030113837452,35.358745007745036,34.45773335987914,34.675243921951484,34.59012620814412
2006-03-24 19:57:10.046014798,34.97033640755599,35.35872683299155,34.45772950377164,34.675254333012745,34.590148814954624
2006-03-26 20:00:02.880581107,34.97037065884483,35.3587087465782,34.4577256719831,34.675264592943165,34.59017208870785
2006-03-28 20:02:55.715147417,34.9704038978307,35.358690843320844,34.45772191543477,34.675274649071426,34.590195959114524
2006-03-30 20:05:48.549713727,34.97043612886483,35.35867321171816,34.45771828293687,34.675284455546155,34.590220358480686
2006-04-01 20:08:41.384280037,34.970467355060016,35.35865593395168,34.457714821188574,34.67529397333592,34.59024522170772
2006-04-03 20:11:34.218846346,34.97049757829059,35.35863908588576,34.45771157477808,34.67530317022924,34.590270486292304
2006-04-05 20:14:27.053412656,34.97052679919246,35.35862273706762,34.45770858618251,34.675312020834596,34.59029609232646
2006-04-07 20:17:19.887978966,34.97055501716309,35.358606950727285,34.457705895768015,34.67532050658039,34.59032198249754
2006-04-09 20:20:12.722545275,34.97058223036151,35.35859178377765,34.457703541789684,34.67532861571499,34.59034810208821
2006-04-11 20:23:05.557111586,34.97060843570828,35.35857728681443,34.4577015603916,34.675336343306704,34.59037439897644
2006-04-13 20:25:58.391677896,34.97063362888555,35.3585635041162,34.45769998560683,34.67534369124379,34.59040082363555
2006-04-15 20:28:51.226251374,34.97065780433702,35.35855047364434,34.457698849357406,34.67535066823445,34.59042732913419
2006-04-17 20:31:44.060817684,34.970680955267945,35.35853822704312,34.45769818145435,34.67535728980683,34.59045387113629
2006-04-19 20:34:36.895383996,34.97070307364513,35.35852678963961,34.45769800959764,34.675363578309046,34.590480407901154
2006-04-21 20:37:29.729950306,34.970724150196965,35.35851618044372,34.45769835937627,34.675369562909125,34.59050690028339
2006-04-23 20:40:22.564516616,34.97074417441337,35.35850641214823,34.45769925426818,34.67537527959506,34.590533311732905
2006-04-25 20:43:15.399082926,34.970763134545834,35.35849749112872,34.457700715640286,34.6753807711748,34.59055960829497
2006-04-27 20:46:08.233649234,34.97078101760742,35.35848941744365,34.45770276274851,34.67538608727623,34.59058575861015
2006-04-29 20:49:01.068215544,34.970797809372726,35.35848218483429,34.457705412737724,34.675391284347185,34.59061173391436
2006-05-01 20:51:53.902781854,34.97081349437793,35.35847578072475,34.457708680641794,34.67539642565544,34.5906375080388
2006-05-03 20:54:46.737348164,34.97082805592074,35.35847018622201,34.45771257938355,34.675401581288725,34.59066305741003
2006-05-05 20:57:39.571914474,34.97084147606046,35.358465376115845,34.45771711977482,34.67540682815472,34.59068836104992
2006-05-07 21:00:32.406480784,34.97085373561792,35.3584613188789,34.457722310516395,34.67541224998105,34.59071340057566
2006-05-09 21:03:25.241054262,34.970864814175535,35.358457976666664,34.45772815819804,34.675417937315274,34.59073816019976
2006-05-11 21:06:18.075620574,34.970874685297595,35.35845530766194,34.45773466849345,34.67542399010879,34.590762624025764
2006-05-13 21:09:10.910186884,34.970883071872045,35.358453396807,34.457741909087055,34.67543062787425,34.59078663714422
2006-05-15 21:12:03.744753194,34.97089001846829,35.35845220030856,34.457749870892755,34.675437832258744,34.59081022687427
2006-05-17 21:14:56.579319502,34.97089578642658,35.358451574815895,34.45775849086395,34.67544545562102,34.59083354223725
2006-05-19 21:17:49.413885812,34.970900621359064,35.358451385754165,34.45776770920862,34.67545335915356,34.59085672242272
2006-05-21 21:20:42.248452122,34.97090475314975,35.35845150732443,34.4577774693893,34.67546141288258,34.59087989678846
2006-05-23 21:23:35.083018432,34.97090839595454,35.35845182250367,34.45778771812312,34.67546949566808,34.59090318486047
2006-05-25 21:26:27.917584742,34.97091174820119,35.358452223044715,34.45779840538179,34.67547749520377,34.590926696332986
2006-05-27 21:29:20.752151052,34.97091499258936,35.35845260947633,34.45780948439157,34.67548530801712,34.59095053106843
2006-05-29 21:32:13.586717360,34.970918296090545,35.35845289110317,34.45782091163331,34.675492839469364,34.59097477909747
2006-05-31 21:35:06.421283670,34.97092180994816,35.35845298600577,34.45783264684246,34.675500003755445,34.590999520619
2006-06-02 21:37:59.255857152,34.97092566967747,35.358452821040586,34.457844653009005,34.67550672390409,34.591024826000115
2006-06-04 21:40:52.090423462,34.970929995065624,35.35845233183995,34.45785689637753,34.67551293177775,34.591050755776145
2006-06-06 21:43:44.924989770,34.97093489017164,35.3584514628121,34.45786934644718,34.67551856807264,34.59107736065064
2006-06-08 21:46:37.759556080,34.97094044332642,35.35845016714118,34.4578819759717,34.67552358231871,34.59110468149535
2006-06-10 21:49:30.594122390,34.97094672713274,35.358448406787204,34.457894760959384,34.67552793287965,34.59113274935029
2006-06-12 21:52:23.428688700,34.970953798465246,35.35844615248611,34.457907680673124,34.67553158695292,34.59116158542364
2006-06-14 21:55:16.263255010,34.97096169847047,35.35844338374972,34.457920717630365,34.67553452056971,34.59119120109185
2006-06-16 21:58:09.097821320,34.97097045256681,35.35844008886576,34.45793385760315,34.675536718594955,34.59122159789957
2006-06-18 22:01:01.932387630,34.97098007044454,35.35843626489784,34.457947089618095,34.67553817472735,34.59125276755965
2006-06-20 22:03:54.766953938,34.97099054606583,35.358431917685486,34.457960405956364,34.67553889149932,34.591284691953206
2006-06-22 22:06:47.601520248,34.97100185766469,35.3584270618441,34.45797380215374,34.67553888027706,34.59131734312953
2006-06-24 22:09:40.436086558,34.97101396774704,35.358421720764994,34.45798727700054,34.675538161260484,34.591350683306175
2006-06-26 22:12:33.270660040,34.971026823090654,35.35841592661537,34.458000832541686,34.67553676348327,34.591384664868876
2006-06-28 22:15:26.105226348,34.97104035474519,35.35840972033834,34.45801447407667,34.675534724812856,34.59141923037162
2006-06-30 22:18:18.939792658,34.971054478032194,35.358403151652894,34.45802821015955,34.67553209195039,34.5914543125366
2006-07-02 22:21:11.774358968,34.97106909254506,35.35839627905393,34.45804205259896,34.6755289204308,34.59148983425422
2006-07-04 22:24:04.608925278,34.97108408214907,35.358389169812234,34.45805601645812,34.67552527462274,34.591525708583134
2006-07-06 22:26:57.443491588,34.9710993149814,35.35838189997451,34.458070120054835,34.67552122772864,34.591561838750195
2006-07-08 22:29:50.278057898,34.971114625135236,35.358374567766816,34.45808439392147,34.67551685545025,34.591598114842924
2006-07-10 22:32:43.112624206,34.971129726749986,35.35836735281643,34.45809892841303,34.6755121973365,34.591634406520484
2006-07-12 22:35:35.947190516,34.9711445522957,35.35836026740726,34.45811371650169,34.675507354462695,34.591670636615184
2006-07-14 22:38:28.781756826,34.971159088049816,35.35835328521733,34.458128728133296,34.67550243613545,34.59170674270971
2006-07-16 22:41:21.616323136,34.97117332249917,35.35834637989306,34.45814393463259,34.67549754300284,34.59174266660664
2006-07-18 22:44:14.450889446,34.97118724633995,35.35833952504918,34.45815930870325,34.675492767054344,34.59177835432849
2006-07-20 22:47:07.285462928,34.97120085247775,35.35833269426882,34.45817482442788,34.67548819162088,34.59181375611766
2006-07-22 22:50:00.120029238,34.971214136027534,35.358325861103445,34.45819045726796,34.67548389137481,34.59184882643648
2006-07-24 22:52:52.954595544,34.97122709431365,35.358318999072885,34.458206184063926,34.67547993232991,34.591883523967205
2006-07-26 22:55:45.789161854,34.97123972686982,35.35831208166532,34.4582219830351,34.675476371841384,34.59191781161198
2006-07-28 22:58:38.623728164,34.97125203543916,35.3583050823373,34.45823783377976,34.67547325860589,34.59195165649287
2006-07-30 23:01:31.458294472,34.97126402397415,35.358297974513725,34.45825371727505,34.6754706326615,34.59198502995186
2006-08-01 23:04:24.292860784,34.97127569863667,35.35829073158785,34.458269615877064,34.67546852538771,34.59201790755085
2006-08-03 23:07:17.127427092,34.97128706779796,35.3582833269213,34.4582855133208,34.67546695950546,34.59205026907164
2006-08-05 23:10:09.961993404,34.971298142038655,35.358275733844046,34.45830139472018,34.67546594907711,34.59208209851595
2006-08-07 23:13:02.796559712,34.97130893414877,35.358267925654424,34.45831724656803,34.675465499506466,34.592113384105424
2006-08-09 23:15:55.631126024,34.97131945912771,35.35825987561912,34.458333056736095,34.67546560753875,34.5921441182816
2006-08-11 23:18:48.465699504,34.97132973418423,35.35825155697319,34.45834881447505,34.67546626126062,34.59217429770595
2006-08-13 23:21:41.300265812,34.9713397787365,35.35824294292003,34.45836451041446,34.67546744010016,34.59220392325984
2006-08-15 23:24:34.134832120,34.97134961441204,35.358234006631406,34.45838013656284,34.67546911482689,34.592233000044544
2006-08-17 23:27:26.969398432,34.97135926504779,35.35822472124745,34.45839568630759,34.67547124755177,34.59226153738128
2006-08-19 23:30:19.803964740,34.97136875669002,35.35821505987664,34.45841115441503,34.67547379172717,34.59228954881116
2006-08-21 23:33:12.638531052,34.97137811759443,35.35820499559581,34.45842653703042,34.67547669214691,34.592317052095204
2006-08-23 23:36:05.473097360,34.97138737822608,35.35819450145016,34.458441831677916,34.67547988494621,34.592344069214356
2006-08-25 23:38:58.307663672,34.971396571259405,35.35818355045324,34.45845703726059,34.67548329760177,34.592370626369465
2006-08-27 23:41:51.142229980,34.97140573157822,35.35817211558696,34.45847215406043,34.675486848931676,34.5923967539813
2006-08-29 23:44:43.976796292,34.97141489627574,35.3581601698016,34.45848718373835,34.67549044909547,34.59242248669054
2006-08-31 23:47:36.811362600,34.97142410465454,35.35814768601577,34.45850212933417,34.6754939995941,34.592447863357776
2006-09-02 23:50:29.645928912,34.97143339822659,35.35813463711647,34.458516995266635,34.675497393269985,34.59247292706351
2006-09-04 23:53:22.480495220,34.97144280691573,35.358121009106284,34.4585318091999,34.67550031450607,34.59249776133387
2006-09-06 23:56:15.315068700,34.97145230521419,35.358106839799845,34.458546650280105,34.675502108035424,34.59252249950713
2006-09-08 23:59:08.149635008,34.9714618843692,35.35809214979432,34.45856152807597,34.67550289428204,34.59254711822173
2006-09-11 00:02:00.984201320,34.97147154095441,35.35807695689468,34.4585764457122,34.67550284634682,34.592571582899254
2006-09-13 00:04:53.818767628,34.97148127414285,35.358061278848986,34.45859140596472,34.67550212867229,34.59259585945201
2006-09-15 00:07:46.653333940,34.971491085706916,35.358045133348355,34.45860641126064,34.67550089704262,34.59261991428303
2006-09-17 00:10:39.487900248,34.97150098001834,35.35802853802696,34.458621463678284,34.67549929858357,34.59264371428606
2006-09-19 00:13:32.322466560,34.97151096404825,35.35801151046205,34.45863656494717,34.67549747176253,34.592667226845585
2006-09-21 00:16:25.157032868,34.97152104736711,35.35799406817393,34.45865171644802,34.67549554638854,34.592690419836785
2006-09-23 00:19:17.991599180,34.97153124214476,35.357976228625986,34.45866691921273,34.675493643612235,34.59271326162556
2006-09-25 00:22:10.826165488,34.971541563150396,35.357958009224646,34.45868217392445,34.67549187592588,34.59273572106854
2006-09-27 00:25:03.660731800,34.97155202775258,35.35793942731943,34.45869748091748,34.67549034716337,34.59275776751308
2006-09-29 00:27:56.495305276,34.971562655919236,35.35792050020289,34.45871284017734,34.67548915250022,34.59277937079723
2006-10-01 00:30:49.329871588,34.97157347021764,35.357901245110675,34.45872825134075,34.67548837845356,34.592800501249776
2006-10-03 00:33:42.164437896,34.971584495814454,35.357881679221485,34.45874371369564,34.67548810288215,34.59282112969023
2006-10-05 00:36:34.999004208,34.97159576047568,35.35786181965708,34.458759226181115,34.67548839498638,34.5928412274288
2006-10-07 00:39:27.833570516,34.97160729456668,35.35784168348229,34.458774787387505,34.67548931530825,34.592860766266426
2006-10-09 00:42:20.668136828,34.97161913105221,35.357821287705015,34.45879039555633,34.67549091573138,34.592879718494764
2006-10-11 00:45:13.502703136,34.971631305496345,35.35780064927621,34.4588060485803,34.67549323948104,34.5928980568962
2006-10-13 00:48:06.337269448,34.97164385606256,35.3577797850899,34.45882174400335,34.6754963211241,34.592915754743835
2006-10-15 00:50:59.171835756,34.97165682351367,35.35775871198319,34.458837479020595,34.675500186569046,34.592932785801466
2006-10-17 00:53:52.006402068,34.97167025121185,35.357737446736216,34.45885325047835,34.67550485306601,34.59294912432363
2006-10-19 00:56:44.840968376,34.971684185118654,35.3577160060722,34.45886905487414,34.67551032920673,34.592964745055596
2006-10-21 00:59:37.675534684,34.971698673795,35.357694406657444,34.4588848883567,34.675516614924575,34.59297962323332
2006-10-23 01:02:30.510108164,34.97171376840113,35.35767266510128,34.45890074672594,34.67552370149454,34.592993734583494
2006-10-25 01:05:23.344674476,34.971729522696705,35.35765079795613,34.45891662543298,34.675531571533234,34.593007055323525
2006-10-27 01:08:16.179240784,34.9717459930407,35.35762882171748,34.458932519580145,34.675540198998895,34.59301956216155
2006-10-29 01:11:09.013807096,34.97176323839148,35.35760675282388,34.45894842392096,34.67554954919137,34.59303123229641
2006-10-31 01:14:01.848373404,34.971781320306775,35.35758460765692,34.45896433286015,34.675559578752164,34.593042043417675
2006-11-02 01:16:54.682939716,34.97180030294364,35.357562402541284,34.45898024045363,34.67557023566437,34.59305197370563
2006-11-04 01:19:47.517506024,34.971820253058546,35.357540153744715,34.45899614040853,34.67558145925271,34.593061001831266
2006-11-06 01:22:40.352072336,34.97184124000728,35.357517877478024,34.45901202608317,34.67559318018355,34.593069106956314
2006-11-08 01:25:33.186638644,34.97186333574502,35.35749558989507,34.459027890487086,34.675605320464854,34.59307626873322
2006-11-10 01:28:26.021204952,34.97188661482629,35.357473307092796,34.45904372628099,34.67561779344622,34.59308246730514
2006-11-12 01:31:18.855771264,34.97191120098535,35.357451056853854,34.45905953467405,34.67563044181091,34.59308750340184
2006-11-14 01:34:11.690337572,34.971937118512265,35.3574288481626,34.459075319946955,34.675643088850904,34.59309137029968
2006-11-16 01:37:04.524911052,34.971964291559914,35.35740666924436,34.459091078526356,34.67565562220945,34.59309433429477
2006-11-18 01:39:57.359477364,34.97199264466045,35.357384509882074,34.45910680658648,34.67566793895673,34.59309664284788
2006-11-20 01:42:50.194043672,34.972022102729966,35.357362361417294,34.45912250004974,34.67567994558614,34.59309852456966
2006-11-22 01:45:43.028609984,34.97205259106842,35.35734021675023,34.45913815458665,34.67569155801427,34.59310018922062
2006-11-24 01:48:35.863176292,34.97208403535969,35.357318070339744,34.45915376561588,34.67570270158092,34.59310182771113
2006-11-26 01:51:28.697742604,34.972116361671574,35.35729591820333,34.45916932830425,34.675713311049066,34.59310361210142
2006-11-28 01:54:21.532308912,34.972149496455756,35.35727375791713,34.45918483756672,34.675723330604924,34.59310569560161
2006-11-30 01:57:14.366875220,34.972183366547824,35.35725158861593,34.45920028806638,34.67573271385789,34.59310821257164
2006-12-02 02:00:07.201441532,34.972217899167276,35.35722941099316,34.459215674214455,34.67574142384056,34.59311127852136
2006-12-04 02:03:00.036007840,34.97225302191752,35.35720722730091,34.45923099017034,34.675749433008754,34.593114990110465
2006-12-06 02:05:52.870574152,34.97228866278586,35.357185041349894,34.45924622984155,34.67575672324146,34.5931194251485
2006-12-08 02:08:45.705140460,34.9723247501435,35.357162858509476,34.45926138688374,34.675763285840894,34.5931246425949
2006-12-10 02:11:38.539713940,34.972361212745575,35.35714068570768,34.459276454700706,34.67576912153247,34.59313068255895
2006-12-12 02:14:31.374280252,34.972397979731085,35.35711853143114,34.4592914264444,34.67577424046479,34.593137566299795
2006-12-14 02:17:24.208846560,34.97243498062297,35.35709640572518,34.459306295014905,34.67577866220967,34.59314529622647
2006-12-16 02:20:17.043412872,34.97247214532806,35.35707432019373,34.459321053060435,34.67578241576214,34.59315385589784
2006-12-18 02:23:09.877979180,34.97250940413708,35.357052287999394,34.45933569297737,34.675785539540406,34.59316321002265
2006-12-20 02:26:02.712545492,34.97254668772468,35.3570303238634,34.4593502069102,34.675788081385896,34.59317330445952
2006-12-22 02:28:55.547111800,34.972583927149394,35.35700844406563,34.45936458675158,34.675790098563226,34.59318406621692
2006-12-24 02:31:48.381678108,34.97262105385368,35.3569866664446,34.459378824142306,34.67579165776022,34.593195403453194
2006-12-26 02:34:41.216244420,34.97265799966388,35.356965010397495,34.4593929104713,34.67579283508791,34.59320720547654
2006-12-28 02:37:34.050810728,34.97269469679027,35.35694349688012,34.45940683687563,34.67579371608052,34.59321934274503
2006-12-30 02:40:26.885377040,34.97273107782699,35.35692214840693,34.45942059424051,34.67579439569549,34.593231666866586
2007-01-01 02:43:19.719943348,34.97276707575213,35.35690098905104,34.459434173199305,34.67579497831344,34.59324401059902
2007-01-03 02:46:12.554516828,34.97280262390736,35.35688004451329,34.45944756411939,34.67579557789102,34.59325618719347
2007-01-05 02:49:05.389083138,34.97283766280115,35.356859370198954,34.45946075172169,34.67579637404321,34.59326771646437
2007-01-07 02:51:58.223649448,34.97287219377777,35.356839003392224,34.45947372551412,34.675797488058436,34.59327825849432
2007-01-09 02:54:51.058215758,34.97290624083209,35.356818949598505,34.459486481207314,34.67579896564746,34.59328776041647
2007-01-11 02:57:43.892782067,34.97293982980999,35.35679921129074,34.45949901451198,34.675800844945904,34.593296188757265
2007-01-13 03:00:36.727348377,34.97297298840842,35.35677978790944,34.45951132113887,34.67580315651421,34.59330352943641
2007-01-15 03:03:29.561914687,34.97300574617538,35.356760675862645,34.45952339679884,34.675805923337684,34.59330978776692
2007-01-17 03:06:22.396480997,34.97303813450991,35.35674186852597,34.45953523720279,34.67580916082643,34.59331498845508
2007-01-19 03:09:15.231047306,34.97307018666211,35.35672335624257,34.45954683806171,34.67581287681544,34.59331917560044
2007-01-21 03:12:08.065613616,34.97310193773311,35.35670512632314,34.45955819508663,34.675817071564516,34.59332241269587
2007-01-23 03:15:00.900179926,34.973133424675105,35.35668716304594,34.45956930398866,34.675821737758305,34.593324782627484
2007-01-25 03:17:53.734746236,34.97316468629134,35.35666944765678,34.45958016047898,34.6758268605063,34.5933263876747
2007-01-27 03:20:46.569319716,34.9731957632361,35.35665195836901,34.45959076026884,34.67583241734281,34.59332734951022
2007-01-29 03:23:39.403886026,34.97322669801473,35.35663467036354,34.459601099069545,34.67583837822703,34.59332780920001
2007-01-31 03:26:32.238452336,34.97325753498361,35.35661755578883,34.45961117259249,34.67584470554294,34.59332792720334
2007-02-02 03:29:25.073018645,34.97328832035019,35.356600583760894,34.45962097654912,34.67585135409941,34.593327883372744
2007-02-04 03:32:17.907584955,34.97331910217295,35.35658372036328,34.45963050665094,34.67585827113011,34.593327876954056
2007-02-06 03:35:10.742151265,34.97334993036142,35.35656692864712,34.459639758609555,34.675865396293574,34.59332812658637
2007-02-08 03:38:03.576717574,34.97338085667621,35.35655016863105,34.4596487281366,34.67587266167317,34.59332887030209
2007-02-10 03:40:56.411283884,34.97341193472893,35.356533397301305,34.45965741094381,34.67587999177709,34.59333036552687
2007-02-12 03:43:49.245850194,34.97344321998227,35.35651656861164,34.45966580274297,34.67588730353838,34.593332889079676
2007-02-14 03:46:42.080416504,34.97347476974997,35.35649963348337,34.45967389924593,34.67589450631494,34.593336737172734
2007-02-16 03:49:34.914982814,34.973506643196814,35.356482539805356,34.459681696164616,34.675901501889484,34.593342225411575
2007-02-18 03:52:27.749556294,34.97353890083828,35.356465234637476,34.45968919087953,34.675908186156065,34.59334968223568
2007-02-20 03:55:20.584122604,34.97357153266831,35.35644772758044,34.459696405711576,34.67591454914183,34.59335912820159
2007-02-22 03:58:13.418688914,34.97360438625446,35.35643002866135,34.45970330387739,34.67592070455915,34.593370263249284
2007-02-24 04:01:06.253255223,34.97363730027007,35.35641213160716,34.45970983255779,34.675926760734335,34.59338281456041
2007-02-26 04:03:59.087821533,34.97367012280115,35.35639403322626,34.45971594733296,34.67593281509036,34.59339653103597
2007-02-28 04:06:51.922387843,34.973702711346384,35.356375733408555,34.459721612182385,34.67593895414683,34.59341118329641
2007-03-02 04:09:44.756954152,34.973734932817074,35.35635723512544,34.45972679948492,34.675945253519956,34.593426563681525
2007-03-04 04:12:37.591520462,34.973766663537226,35.35633854442977,34.45973149001873,34.675951777922606,34.59344248625053
2007-03-06 04:15:30.426086772,34.973797789243484,35.35631967045591,34.459735672961365,34.675958581164245,34.59345878678202
2007-03-08 04:18:23.260653082,34.973828205085155,35.35630062541969,34.45973934588967,34.675965706151004,34.59347532277398
2007-03-10 04:21:16.095219391,34.9738578156242,35.356281424618444,34.45974251477986,34.67597318488562,34.5934919734438
2007-03-12 04:24:08.929785701,34.97388653483525,35.35626208643099,34.459745194007475,34.67598103846746,34.593508639728235
2007-03-14 04:27:01.764352011,34.973914286105604,35.3562426323176,34.459747406347404,34.67598927709255,34.59352524428347
2007-03-16 04:29:54.598925491,34.97394100223519,35.35622308682007,34.459749182973866,34.6759979000535,34.593541731485054
2007-03-18 04:32:47.433491801,34.97396662543663,35.356203477561664,34.45975056346043,34.67600689573958,34.593558067427935
2007-03-20 04:35:40.268058111,34.97399110733518,35.35618383524714,34.45975159578,34.676016241636695,34.59357423992646
2007-03-22 04:38:33.102624421,34.97401440896878,35.35616419366272,34.45975233630483,34.67602590432736,34.59359025851437
2007-03-24 04:41:25.937190730,34.974036500787996,35.35614458967614,34.4597528498065,34.676035839490716,34.59360615444478
2007-03-26 04:44:18.771757040,34.9740573626561,35.3561250632366,34.45975320945593,34.67604599190257,34.59362198069021
2007-03-28 04:47:11.606323350,34.974076983848974,35.35610565737478,34.4597534968234,34.67605629543531,34.59363781194258
2007-03-30 04:50:04.440889659,34.974095363055206,35.356086418202885,34.45975380187851,34.676066673057996,34.593653744613185
2007-04-01 04:52:57.275455969,34.97411250837601,35.35606739491456,34.45975422299022,34.6760770368363,34.59366989683272
2007-04-03 04:55:50.110022279,34.97412843000004,35.35604863100548,34.459754898105395,34.676087232789754,34.59368651744244
2007-04-05 04:58:42.944588589,34.974143159387786,35.35603016668411,34.45975597849053,34.67609707801841,34.59370392391833
2007-04-07 05:01:35.779162069,34.97415676289703,35.356012060456635,34.45975752840643,34.67610653297853,34.59372216116204
2007-04-09 05:04:28.613728378,34.97416930890021,35.355994367600246,34.45975960220177,34.67611556928804,34.593741254105325
2007-04-11 05:07:21.448294688,34.974180867082886,35.35597713957771,34.45976224647212,34.67612416598623,34.59376121497329
2007-04-13 05:10:14.282860998,34.97419150844377,35.35596042403736,34.459765500059916,34.67613230953379,34.59378204328443
2007-04-15 05:13:07.117427308,34.974201305294685,35.35594426481311,34.45976939405451,34.676139993812804,34.59380372585057
2007-04-17 05:15:59.951993618,34.97421033126059,35.355928701924455,34.45977395179212,34.67614722012671,34.5938262367769
2007-04-19 05:18:52.786559928,34.9742186612796,35.35591377157646,34.459779188855876,34.676153997200366,34.59384953746198
2007-04-21 05:21:45.621126238,34.97422637160293,35.35589950615976,34.459785113075775,34.676160341179994,34.59387357659771
2007-04-23 05:24:38.455692546,34.97423353979495,35.35588593425058,34.45979172452873,34.676166275633214,34.593898290169356
2007-04-25 05:27:31.290258856,34.97424024473315,35.355873080610706,34.459799015538515,34.67617183154903,34.59392360145555
2007-04-27 05:30:24.124825166,34.97424656660816,35.35586096618752,34.45980697067582,34.676177047337816,34.59394942102828
2007-04-29 05:33:16.959391476,34.97425258692373,35.35584960811396,34.45981556675821,34.67618196883136,34.593975646752874
2007-05-01 05:36:09.793964956,34.974258388496764,35.35583901970855,34.45982477285014,34.67618664928281,34.59400216378804
2007-05-03 05:39:02.628531266,34.974264055457276,35.355829210475385,34.45983455026296,34.67619114936672,34.59402884458584
2007-05-05 05:41:55.463097576,34.97426967324843,35.35582018610415,34.45984485255491,34.67619553717901,34.59405554889169
2007-05-07 05:44:48.297663886,34.974275328626504,35.355811948470084,34.459855625531105,34.67619988823701,34.594082123744364
2007-05-09 05:47:41.132230196,34.97428110966093,35.35580449563401,34.45986680724358,34.67620428547941,34.59410840347599
2007-05-11 05:50:33.966796506,34.97428710573425,35.355797821842344,34.45987832799123,34.6762088192663,34.59413420971207
2007-05-13 05:53:26.801362814,34.974293407542156,35.35579191752706,34.45989011031985,34.67621358737915,34.594159351371445
2007-05-15 05:56:19.635929124,34.97430010709347,35.355786769305695,34.45990206902213,34.676218695020836,34.59418362466632
2007-05-17 05:59:12.470495434,34.97430729771013,35.355782359981404,34.45991411113765,34.67622425481559,34.59420681310228
2007-05-19 06:02:05.305061744,34.974315067787785,35.355778676360536,34.45992614180079,34.67623038692813,34.594228692504636
2007-05-21 06:04:58.139628054,34.97432340993646,35.355775758809195,34.459938170138855,34.67623712615462,34.594249245139316
2007-05-23 06:07:50.974194364,34.974332324493126,35.3557735013088,34.45995023494609,34.67624431651117,34.594268730339444
2007-05-25 06:10:43.808767844,34.97434182531402,35.35577176748941,34.45996235950753,34.676251792625564,34.594287409573916
2007-05-27 06:13:36.643334154,34.97435191979518,35.355770431989534,34.45997456505935,34.67625940415466,34.59430552675184
2007-05-29 06:16:29.477900464,34.974362608872475,35.3557693804562,34.459986870788924,34.676267015784475,34.59432330822257
2007-05-31 06:19:22.312466774,34.974373887021564,35.355768509544895,34.45999929383481,34.67627450723013,34.59434096277567
2007-06-02 06:22:15.147033082,34.97438574225793,35.355767726919595,34.46001184928673,34.676281773235864,34.594358681640905
2007-06-04 06:25:07.981599392,34.974398156136864,35.35576695125275,34.4600245501856,34.67628872357505,34.59437663848829
2007-06-06 06:28:00.816165702,34.97441110375347,35.35576611222529,34.460037407523494,34.67629528305017,34.59439498942803
2007-06-08 06:30:53.650732012,34.97442455374266,35.355765150526636,34.46005043024369,34.67630139149285,34.59441387301058
2007-06-10 06:33:46.485298322,34.974438468279146,35.35576401785468,34.46006362524063,34.6763070037638,34.594433410226586
2007-06-12 06:36:39.319864632,34.97445280307748,35.355762676915816,34.460076997359934,34.67631208975289,34.59445370450693
2007-06-14 06:39:32.154430942,34.974467507392,35.35576110142488,34.46009054939841,34.67631663437909,34.59447484172272
2007-06-16 06:42:24.988997250,34.974482524016864,35.355759276105225,34.46010428210403,34.67632063759049,34.59449689018526
2007-06-18 06:45:17.823570732,34.97449778928603,35.355757196688664,34.46011819417596,34.67632411436433,34.5945199006461
2007-06-20 06:48:10.658137042,34.974513233073296,35.3557548699155,34.460132282264546,34.67632709470693,34.594543906296984
2007-06-22 06:51:03.492703352,34.97452877879224,35.35575231353451,34.460146540971294,34.67632962365375,34.5945689227699
2007-06-24 06:53:56.327269660,34.97454434339627,35.35574955630296,34.46016096284891,34.676331761269395,34.59459494813704
2007-06-26 06:56:49.161835970,34.974559837378585,35.35574663798659,34.460175538401266,34.67633358264755,34.59462196291083
2007-06-28 06:59:41.996402280,34.974575164772226,35.35574360935963,34.46019025608341,34.67633517791106,34.59464993004389
2007-06-30 07:02:34.830968590,34.97459022315001,35.35574053220478,34.460205102301586,34.67633665221185,34.59467879492909
2007-07-02 07:05:27.665534900,34.974604903624595,35.35573747931323,34.4602200614132,34.67633812573102,34.5947084853995
2007-07-04 07:08:20.500101210,34.97461900203451,35.35573460826371,34.460235096341485,34.67633984223501,34.594738837984664
2007-07-06 07:11:13.334667518,34.974632272561294,35.35573212955185,34.46025015214204,34.67634212765442,34.59476960702906
2007-07-08 07:14:06.169233828,34.97464474151066,35.35573004007142,34.46026522559508,34.6763449989649,34.59480073660322
2007-07-10 07:16:59.003800138,34.97465644734272,35.35572832514356,34.460280315913636,34.676348457430905,34.59483218076564
2007-07-12 07:19:51.838373620,34.9746674308492,35.355726966417784,34.46029542274665,34.67635250014485,34.594863896094324
2007-07-14 07:22:44.672939930,34.9746777351534,35.35572594187197,34.46031054617897,34.67635712002707,34.59489584168678
2007-07-16 07:25:37.507506240,34.974687405710206,35.35572522581233,34.46032568673138,34.67636230582584,34.594927979160026
2007-07-18 07:28:30.342072550,34.97469649030609,35.35572478887345,34.46034084536057,34.67636804211735,34.594960272650596
2007-07-20 07:31:23.176638856,34.974705039059096,35.355724598018284,34.46035602345914,34.67637430930576,34.59499268881454
2007-07-22 07:34:16.011205166,34.97471310441889,35.355724616538104,34.4603712228556,34.67638108362311,34.595025196827415
2007-07-24 07:37:08.845771476,34.97472074116668,35.35572480405258,34.46038644581438,34.67638833712944,34.59505776838429
2007-07-26 07:40:01.680337786,34.97472800641529,35.35572511650971,34.460401695035834,34.676396037712664,34.59509037769973
2007-07-28 07:42:54.514904096,34.97473495960912,35.35572550618586,34.46041697365621,34.67640414908867,34.59512300150783
2007-07-30 07:45:47.349470408,34.97474166252415,35.35572592168575,34.460432285247684,34.67641263080125,34.5951556190622
2007-08-01 07:48:40.184036716,34.97474817926796,35.35572630794246,34.46044763381835,34.67642143822215,34.59518821213593
2007-08-03 07:51:33.018603028,34.97475457627971,35.35572660621743,34.460463023812196,34.676430522551044,34.595220765021665
2007-08-05 07:54:25.853176508,34.97476092233012,35.355726754100445,34.46047846010915,34.67643983081554,34.59525326453153
2007-08-07 07:57:18.687742820,34.974767288521534,35.35572668550965,34.46049394802503,34.67644930587117,34.59528569999717
2007-08-09 08:00:11.522309124,34.97477374828786,35.35572633069155,34.4605094933116,34.67645888640141,34.59531806326973
2007-08-11 08:03:04.356875436,34.9747803773946,35.35572561622101,34.460525102156495,34.67646850691767,34.59535034871989
2007-08-13 08:05:57.191441744,34.97478725393884,35.355724465001245,34.4605407811833,34.67647809775929,34.595382553237826
2007-08-15 08:08:50.026008056,34.97479445834925,35.35572279626383,34.4605565374515,34.67648758509355,34.59541467623322
2007-08-17 08:11:42.860574364,34.97480207338608,35.355720525568685,34.4605723784565,34.676496890915644,34.59544671963528
2007-08-19 08:14:35.695140676,34.97481018414118,35.35571756480411,34.4605883121296,34.67650593304872,34.5954786878927
2007-08-21 08:17:28.529706984,34.974818878037965,35.35571382218674,34.46060434683805,34.67651462514385,34.59551058797372
2007-08-23 08:20:21.364273296,34.97482824483146,35.355709202261586,34.46062049138499,34.67652287668005,34.59554242936607
2007-08-25 08:23:14.198839604,34.97483837371119,35.35570360820823,34.460636754555416,34.67653059604286,34.59557422254888
2007-08-27 08:26:07.033413088,34.974849127671185,35.3556971106637,34.46065310969125,34.676537925074115,34.5956058604969
2007-08-29 08:28:59.867979396,34.97486027980635,35.355689822152236,34.46066951600721,34.676545085016144,34.595637192342515
2007-08-31 08:31:52.702545704,34.97487169044298,35.35568178969181,34.46068594662825,34.67655220313716,34.59566811658206
2007-09-02 08:34:45.537112012,34.97488323612504,35.355673058150074,34.46070237750865,34.676559391341456,34.59569854344411
2007-09-04 08:37:38.371678324,34.974894809614135,35.35566367024443,34.46071878743206,34.6765667461694,34.595728394889434
2007-09-06 08:40:31.206244632,34.97490631988956,35.355653666541954,34.460735158011445,34.67657434879742,34.595757604611016
2007-09-08 08:43:24.040810944,34.974917692148274,35.355643085459434,34.46075147368913,34.676582265038036,34.595786118034084
2007-09-10 08:46:16.875377252,34.974928867804884,35.355631963263384,34.46076772173678,34.67659054533983,34.59581389231606
2007-09-12 08:49:09.709943564,34.97493980449169,35.35562033407001,34.46078389225542,34.676599224787445,34.59584089634657
2007-09-14 08:52:02.544509872,34.97495047605863,35.355608229845224,34.460799978175395,34.676608323101625,34.595867110747506
2007-09-16 08:54:55.379076184,34.974960872573334,35.355595680404655,34.46081597525641,34.67661784463917,34.59589252787293
2007-09-18 08:57:48.213642492,34.97497100032106,35.35558271341363,34.46083188208752,34.676627778392955,34.595917151809125
2007-09-20 09:00:41.048215972,34.97498088180478,35.355569354387185,34.4608477000871,34.67663809799193,34.59594099837462
2007-09-22 09:03:33.882782280,34.974990555745094,35.35555562669008,34.46086343350291,34.676648761701124,34.595964095120145
2007-09-24 09:06:26.717348592,34.97500007708029,35.355541551536746,34.46087908941201,34.67665971242163,34.59598648132864
2007-09-26 09:09:19.551914900,34.975009516966296,35.35552714799137,34.46089467772083,34.67667087769062,34.59600820801526
2007-09-28 09:12:12.386481212,34.97501896277674,35.35551243296779,34.46091021116516,34.67668216968133,34.596029337927405
2007-09-30 09:15:05.221047520,34.975028518102874,35.355497421229614,34.46092570531009,34.67669348520309,34.59604994554465
2007-10-02 09:17:58.055613832,34.97503830275367,35.355482125390104,34.46094117855009,34.676704705701276,34.59607011707883
2007-10-04 09:20:50.890180140,34.97504845275571,35.35546655591225,34.46095665210897,34.67671569725736,34.59608995047396
2007-10-06 09:23:43.724746452,34.97505912035327,35.35545072110877,34.46097215003987,34.676726310588876,34.596109555406294
2007-10-08 09:26:36.559312760,34.9750704740083,35.35543462714204,34.4609876992253,34.67673638104944,34.5961290532843
2007-10-10 09:29:29.393879072,34.97508269840039,35.355418278024196,34.461003329377085,34.676745728628724,34.59614857724866
2007-10-12 09:32:22.228445380,34.975095994426816,35.355401675617045,34.46101907303642,34.6767541579525,34.596168272172264
2007-10-14 09:35:15.063018860,34.975110576671376,35.35538482370984,34.46103496885187,34.67676144038504,34.59618832757529
2007-10-16 09:38:07.897585168,34.97512650925008,35.35536774668812,34.46105103534549,34.67676747219616,34.59620887496171
2007-10-18 09:41:00.732151480,34.97514367018228,35.355350465111336,34.46106723748706,34.67677246190182,34.5962297059817
2007-10-20 09:43:53.566717788,34.97516193549793,35.35533299839576,34.461083539020116,34.67677662628916,34.59625060231217
2007-10-22 09:46:46.401284100,34.97518118838801,35.35531536617763,34.461099906258504,34.67678016870656,34.596271363251674
2007-10-24 09:49:39.235850408,34.97520131920447,35.35529758831316,34.46111630808631,34.676783279063535,34.596291805720455
2007-10-26 09:52:32.070416720,34.97522222546028,35.35527968487853,34.461132715957916,34.67678613383086,34.5963117642604
2007-10-28 09:55:24.904983028,34.97524381182937,35.35526167616991,34.46114910389798,34.67678889604045,34.59633109103504
2007-10-30 09:58:17.739549340,34.9752659901467,35.35524358270343,34.46116544850143,34.676791715285454,34.59634965582959
2007-11-01 10:01:10.574115648,34.97528867940821,35.35522542521519,34.46118172893347,34.6767947277202,34.59636734605092
2007-11-03 10:04:03.408681960,34.97531180577083,35.35520722466128,34.46119792692958,34.6767980560602,34.59638406672755
2007-11-05 10:06:56.243248264,34.975335302552494,35.355189002217735,34.46121402679552,34.67680180958218,34.596399740509675
2007-11-07 10:09:49.077821748,34.97535911023213,35.3551707792806,34.46123001540732,34.67680608412406,34.596414307669136
2007-11-09 10:12:41.912388056,34.975383176449654,35.35515257746586,34.46124588221128,34.676810962084936,34.59642772609944
2007-11-11 10:15:34.746954368,34.975407456005996,35.35513441860949,34.461261619224,34.67681651242512,34.59643997131576
2007-11-13 10:18:27.581520676,34.97543191086305,35.35511632476744,34.461277221032326,34.67682279066611,34.596451036454916
2007-11-15 10:21:20.416086988,34.975456510143744,35.35509831821561,34.4612926847934,34.6768298388906,34.5964609322754
2007-11-17 10:24:13.250653296,34.97548123013196,35.35508042144991,34.461308010234625,34.67683768574246,34.59646968715735
2007-11-19 10:27:06.085219608,34.975506054272614,35.355062657186195,34.461323199653705,34.67684634642681,34.596477347102585
2007-11-21 10:29:58.919785916,34.975530973171594,35.3550450483603,34.461338257918584,34.676855822709896,34.596483975734564
2007-11-23 10:32:51.754352228,34.975555984595786,35.35502761812805,34.46135319246751,34.676866102919206,34.59648965429842
2007-11-25 10:35:44.588918532,34.975581093473075,35.35501038986521,34.461368013309,34.6768771619434,34.59649448166094
2007-11-27 10:38:37.423484844,34.97560631189234,35.35499338716754,34.461382733021836,34.67688896123236,34.596498574310566
2007-11-29 10:41:30.258051152,34.97563165910346,35.35497663385077,34.46139736675508,34.67690144879712,34.5965020663574
2007-12-01 10:44:23.092624636,34.97565723082105,35.35496016377245,34.461411954288174,34.676914476371145,34.59650521075613
2007-12-03 10:47:15.927190944,34.975683253484796,35.35494401447414,34.46142657107711,34.676927716434555,34.596508452744864
2007-12-05 10:50:08.761757256,34.975709806286076,35.3549281870962,34.46144123858282,34.67694099964083,34.596512014373445
2007-12-07 10:53:01.596323564,34.97573694952049,35.35491267669667,34.46145596998768,34.67695418056274,34.59651608164451
2007-12-09 10:55:54.430889876,34.97576473198341,35.354897473581644,34.461470772667155,34.676967129267815,34.59652081535408
2007-12-11 10:58:47.265456184,34.975793190970016,35.35488256330527,34.46148564818983,34.676979731318355,34.596526351091555
2007-12-13 11:01:40.100022496,34.97582235227529,35.3548679266697,34.461500592317385,34.67699188777138,34.59653279923973
2007-12-15 11:04:32.934588804,34.97585223019398,35.35485353972516,34.461515595004606,34.67700351517868,34.59654024497479
2007-12-17 11:07:25.769155112,34.97588282752065,35.35483937376991,34.46153064039938,34.67701454558682,34.59654874826629
2007-12-19 11:10:18.603721420,34.97591413554964,35.354825395350254,34.46154570684272,34.67702492653708,34.59655834387718
2007-12-21 11:13:11.438287732,34.97594613407508,35.35481156626052,34.461560766868715,34.677034621065516,34.59656904136379
2007-12-23 11:16:04.272854040,34.97597879139092,35.35479784354309,34.46157578720457,34.677043607702934,34.596580825075854
2007-12-25 11:18:57.107427524,34.97601206429088,35.35478417948839,34.46159072877061,34.6770518804749,34.59659365415647
2007-12-27 11:21:49.941993832,34.976045898068456,35.35477052163488,34.46160554668023,34.67705944890171,34.59660746254213
2007-12-29 11:24:42.776560144,34.97608022651698,35.354756812769075,34.46162019023997,34.67706633799845,34.59662215896272
2007-12-31 11:27:35.611126452,34.97611497192953,35.35474299092551,34.46163460294944,34.67707258827492,34.596637626941494
2008-01-02 11:36:18.660612467,34.976150045099025,35.35472898938677,34.46164872250137,34.67707825573571,34.59665372479511
2008-01-04 11:47:05.393355671,34.97618534531813,35.35471473668349,34.46166248078161,34.67708341188013,34.59667028563359
2008-01-06 11:57:52.126098875,34.97622076037933,35.35470015659433,34.461675803869085,34.67708814370228,34.596687117360375
2008-01-08 12:08:38.858842078,34.97625616657489,35.35468516814602,34.461688612035836,34.677092553690976,34.596704002672254
2008-01-10 12:19:25.591585282,34.976291428696875,35.35466968561329,34.461700819747016,34.677096759829816,34.59672069905943
2008-01-12 12:30:12.324328486,34.976326400037145,35.35465361851894,34.46171233566088,34.67710089559713,34.596736938805485
2008-01-14 12:40:59.057071690,34.976360922387336,35.35463687163381,34.461723062628785,34.67710510996603,34.59675242898737
2008-01-16 12:51:45.789814893,34.97639483674198,35.35461933926665,34.46173293117687,34.67710944162974,34.596766983517504
2008-01-18 13:02:32.522565287,34.97642820104833,35.354601047799164,34.4617419677656,34.67711386373397,34.59678070067676
2008-01-20 13:13:19.255308491,34.97646117461112,35.35458209940208,34.46175021266707,34.67711845517047,34.5967936809257
2008-01-22 13:24:05.988051695,34.976493906176266,35.354562589928534,34.461757705856826,34.677123288531305,34.59680602147158
2008-01-24 13:34:52.720794899,34.97652653388582,35.3545426088742,34.461764487024396,34.67712842999493,34.596817816332475
2008-01-26 13:45:39.453538102,34.97655918527794,35.354522239377296,34.461770595573284,34.677133939326175,34.59682915633725
2008-01-28 13:56:26.186281306,34.9765919772869,35.354501558218566,34.46177607062096,34.67713986987628,34.5968401291256
2008-01-30 14:07:12.919024510,34.9766250162431,35.35448063582129,34.461780950998865,34.67714626858284,34.59685081914802
2008-02-01 14:17:59.651767714,34.97665839787304,35.35445953625129,34.46178527525243,34.677153175969856,34.59686130766581
2008-02-03 14:28:46.384510917,34.97669220729936,35.35443831721692,34.461789081641044,34.67716062614772,34.596871672751085
2008-02-05 14:39:33.117254121,34.9767265190408,35.35441703006906,34.46179240813808,34.677168646813186,34.59688198928677
2008-02-07 14:50:19.849997325,34.97676139701224,35.35439571980113,34.461795292430864,34.677177259249426,34.5968923289666
2008-02-09 15:01:06.582740529,34.97679689452464,35.354374425049095,34.46179777192072,34.67718647832596,34.59690276029511
2008-02-11 15:11:53.315490923,34.976833054285116,35.35435317809143,34.46179988372293,34.67719631249872,34.59691334858766
2008-02-13 15:22:40.048234126,34.97686990839688,35.35433200484916,34.46180166466676,34.67720676381003,34.596924155970406
2008-02-15 15:33:26.780977330,34.97690747835925,35.35431092488586,34.46180315129544,34.67721782788857,34.59693524138032
2008-02-17 15:44:13.513720534,34.976945775067705,35.35428995140761,34.46180437986618,34.67722949394943,34.596946660565195
2008-02-19 15:55:00.246463737,34.976984798813795,35.35426909126303,34.46180538635016,34.67724174479409,34.5969584660836
2008-02-21 16:05:46.979206942,34.97702453928522,35.354248344943294,34.46180620643253,34.67725455681038,34.59697070730494
2008-02-23 16:16:33.711950146,34.977064975565774,35.354227706582094,34.46180687551242,34.67726789997256,34.59698343040943
2008-02-25 16:27:20.444693349,34.97710607613538,35.35420716395566,34.46180742870293,34.677281737841255,34.59699667838809
2008-02-27 16:38:07.177436553,34.97714779887008,35.354186698482756,34.46180790083114,34.677296027563465,34.59701049104273
2008-02-29 16:48:53.910179757,34.97719008175567,35.35416622309281,34.46180831079791,34.677310732423976,34.59702484551316
2008-03-02 16:59:40.642922960,34.97723277210649,35.35414546262136,34.46180862151796,34.67732583185899,34.59703952513725
2008-03-04 17:10:27.375673355,34.977275686823994,35.35412439259589,34.46180884626407,34.67734123619017,34.59705453065483
2008-03-06 17:21:14.108416558,34.97731865265809,35.35410302263787,34.46180900545603,34.677356853434695,34.59706989035007
2008-03-08 17:32:00.841159762,34.97736150544516,35.35408136699866,34.46180911985346,34.677372596347496,34.59708563282176
2008-03-10 17:42:47.573902966,34.97740409010801,35.3540594445595,34.461809210555785,34.67738838242136,34.59710178698335
2008-03-12 17:53:34.306646169,34.9774462606559,35.35403727883153,34.46180929900223,34.67740413388688,34.59711838206297
2008-03-14 18:04:21.039389373,34.977487880184555,35.35401489795575,34.46180940697188,34.677419777712444,34.597135447603364
2008-03-16 18:15:07.772132576,34.977528820876124,35.35399233470307,34.46180955658361,34.67743524560428,34.597153013461956
2008-03-18 18:25:54.504875781,34.97756896399923,35.35396962647429,34.461809770296114,34.677450474006406,34.59717110981081
2008-03-20 18:36:41.237618985,34.97760819990892,35.35394681530006,34.46181007090792,34.67746540410068,34.59718976713664
2008-03-22 18:47:27.970362188,34.97764642804672,35.353923947840975,34.461810481557364,34.677479981806755,34.59720901624084
2008-03-24 18:58:14.703105392,34.97768355694056,35.35390107538747,34.461811025722604,34.67749415778211,34.59722888823942
2008-03-26 19:09:01.435848596,34.97771950420488,35.353878253859875,34.46181172722161,34.67750788742202,34.59724941456307
2008-03-28 19:19:48.168598989,34.97775419654051,35.35385554380843,34.461812610212185,34.677521130859596,34.597270626957126
2008-03-30 19:30:34.901342194,34.97778756973476,35.35383301041323,34.461813699191936,34.67753385296576,34.597292557481566
2008-04-01 19:41:21.634085397,34.97781956866138,35.35381072348428,34.461815018998294,34.67754602334923,34.59731523851104
2008-04-03 19:52:08.366828601,34.97785014728058,35.353788757461466,34.46181659480852,34.67755761635656,34.59733870273483
2008-04-05 20:02:55.099571805,34.977879268639,35.35376719141455,34.461818452139674,34.677568611072104,34.59736298315689
2008-04-07 20:13:41.832315009,34.97790690486975,35.3537461090432,34.46182061684865,34.677578991318036,34.597388113095825
2008-04-09 20:24:28.565058213,34.977933037192365,35.353725598676945,34.46182311513215,34.67758874565435,34.59741412618488
2008-04-11 20:35:15.297801416,34.97795765591285,35.35370575327523,34.4618259735267,34.67759786737884,34.59744105637196
2008-04-13 20:46:02.030544620,34.977980760423655,35.35368667042737,34.46182921890865,34.67760635452713,34.597468937919636
2008-04-15 20:56:48.763287824,34.978002359203664,35.353668452352565,34.461832878494164,34.677614209872644,34.59749780540511
2008-04-17 21:07:35.496031028,34.97802246981823,35.3536512058999,34.46183697983921,34.67762144092662,34.59752769372025
2008-04-19 21:18:22.228774230,34.97804111891913,35.35363504254837,34.46184155083961,34.67762805993814,34.597558638071575
2008-04-21 21:29:08.961524624,34.97805834224462,35.35362007840682,34.46184661973097,34.677634083894056,34.59759067398026
2008-04-23 21:39:55.694267828,34.97807418668656,35.35360640865636,34.461852211034895,34.67763953802253,34.5976238211385
2008-04-25 21:50:42.427011032,34.9780887840928,35.353593841526745,34.461858306904865,34.67764452506801,34.59765789541113
2008-04-27 22:01:29.159754236,34.97810235936,35.35358220816573,34.46186489823616,34.67764920294218,34.597692691682084
2008-04-29 22:12:15.892497438,34.9781151283662,35.35357138919562,34.46187198182076,34.67765371770011,34.59772803855124
2008-05-01 22:23:02.625240642,34.97812729106677,35.35356127506098,34.461879553355544,34.67765820258984,34.59776377713469
2008-05-03 22:33:49.357983846,34.97813903149446,35.35355176602873,34.46188760744231,34.67766277805233,34.59779976106478
2008-05-05 22:44:36.090727052,34.978150517759374,35.35354277218805,34.461896137587736,34.67766755172148,34.59783585649006
2008-05-07 22:55:22.823470256,34.978161902048974,35.35353421345046,34.46190513620344,34.67767261842413,34.597871942075315
2008-05-09 23:06:09.556213458,34.97817332062809,35.35352601954976,34.46191459460592,34.677678060180085,34.597907909001556
2008-05-11 23:16:56.288956662,34.9781848938389,35.353518130042076,34.461924503016576,34.67768394620206,34.59794366096601
2008-05-13 23:27:43.021699866,34.97819672610096,35.35351049430583,34.46193485056174,34.677690332895736,34.59797911418214
2008-05-15 23:38:29.754450260,34.978208905911174,35.353503071541745,34.46194562527262,34.67769726385972,34.59801419737962
2008-05-17 23:49:16.487193464,34.9782215058438,35.35349583077286,34.46195681408534,34.67770476988556,34.598048851804364
2008-05-20 00:00:03.219936668,34.97823458255047,35.35348875084451,34.46196840284094,34.67771286895775,34.59808303121851
2008-05-22 00:10:49.952679870,34.97824817676017,35.35348182042435,34.46198037628534,34.67772156625373,34.5981167019004
2008-05-24 00:21:36.685423074,34.978262313279245,35.35347503800233,34.461992718069396,34.677730854143874,34.59814984264463
2008-05-26 00:32:23.418166278,34.978277000991405,35.353468411890695,34.462005410748844,34.6777407121915,34.598182444762
2008-05-28 00:43:10.150909482,34.978292232857726,35.35346196022401,34.46201843578434,34.67775110715287,34.59821451207955
2008-05-30 00:53:56.883652686,34.97830798591662,35.35345571095915,34.46203177354144,34.677761992977175,34.598246060940525
2008-06-01 01:04:43.616395890,34.978324221283884,35.35344970187529,34.462045403290595,34.67777331080656,34.59827712020442
2008-06-03 01:15:30.349139094,34.978340884152665,35.3534439805739,34.46205930320719,34.67778498897611,34.59830773124693
2008-06-05 01:26:17.081882298,34.97835790379348,35.353438604478775,34.46207345037148,34.677796943013846,34.598337947960005
2008-06-07 01:37:03.814625502,34.97837519355418,35.353433640835995,34.462087820768645,34.67780907564073,34.598367836751784
2008-06-09 01:47:50.547375896,34.97839265086001,35.35342916671396,34.46210238928877,34.67782127677067,34.59839747654666
2008-06-11 01:58:37.280119098,34.97841015721355,35.353425269003374,34.46211712972685,34.67783342351051,34.59842695878523
2008-06-13 02:09:24.012862302,34.97842757819477,35.35342204441724,34.46213201478276,34.67784538016005,34.59845638742434
2008-06-15 02:20:10.745605506,34.978444824971234,35.353419593227414,34.46214703063571,34.67785699946001,34.59848584037343
2008-06-17 02:30:57.478348710,34.97846194432403,35.35341789569495,34.46216217987322,34.67786826789761,34.59851528566681
2008-06-19 02:41:44.211091914,34.97847891381438,35.35341684412709,34.462177434695555,34.67787928748159,34.59854471254202
2008-06-21 02:52:30.943835116,34.9784957085245,35.35341633404114,34.46219276845204,34.67789015422603,34.59857411303516
2008-06-23 03:03:17.676578320,34.97851230495333,35.353416265539096,34.46220815684858,34.67790095600785,34.59860347996235
2008-06-25 03:14:04.409321524,34.978528681016456,35.35341654330759,34.46222357794768,34.677911772566794,34.59863280691977
2008-06-27 03:24:51.142064728,34.97854481604618,35.35341707661791,34.462239012168425,34.67792267550542,34.59866208828364
2008-06-29 03:35:37.874807934,34.97856069079147,35.35341777932598,34.4622544422865,34.677933728289126,34.598691319210225
2008-07-01 03:46:24.607551136,34.97857628741797,35.35341856987241,34.46226985343417,34.677944986246125,34.59872049563584
2008-07-03 03:57:11.340301530,34.978591589508035,35.35341937128243,34.4622852331003,34.677956496567454,34.59874961427685
2008-07-05 04:07:58.073044734,34.97860658206067,35.35342011116593,34.46230057113035,34.67796829830698,34.598778672629635
2008-07-07 04:18:44.805787938,34.97862125149158,35.35342072171747,34.46231585972635,34.677980422381395,34.598807668970665
2008-07-09 04:29:31.538531142,34.97863558563317,35.35342113971624,34.46233109344694,34.67799289157022,34.59883660235643
2008-07-11 04:40:18.271274344,34.97864957373451,35.353421306526094,34.462346269207345,34.6780057205158,34.59886547262345
2008-07-13 04:51:05.004017550,34.978663206461334,35.35342116809554,34.462361386279376,34.67801891572329,34.59889428038833
2008-07-15 05:01:51.736760754,34.9786764758961,35.353420674957725,34.46237644629145,34.67803247556069,34.5989230270477
2008-07-17 05:12:38.469503958,34.97868937553793,35.35341978223047,34.46239145322855,34.67804639025882,34.59895171477821
2008-07-19 05:23:25.202247162,34.97870190030264,35.35341844961622,34.46240641343227,34.67806064191133,34.5989803465366
2008-07-21 05:34:11.934990366,34.9787140465227,35.35341664140209,34.46242133560078,34.67807520447467,34.59900892605963
2008-07-23 05:44:58.667733568,34.978725811947285,35.35341432645986,34.46243623078886,34.67809004376815,34.59903745786411
2008-07-25 05:55:45.400476772,34.97873719574227,35.35341147824593,34.462451112407855,34.67810511747388,34.59906594724689
2008-07-27 06:06:32.133227166,34.97874819849018,35.353408074801386,34.46246599622573,34.67812037513682,34.59909440028488
2008-07-29 06:17:18.865970368,34.97875882219025,35.35340409875193,34.46248090036701,34.67813575816473,34.599122823835025
2008-07-31 06:28:05.598713572,34.97876907025839,35.35339953730795,34.462495845312844,34.6781511998282,34.59915122553431
2008-08-02 06:38:52.331456776,34.978778947527175,35.35339438226447,34.46251085390093,34.67816662526066,34.59917961379976
2008-08-04 06:49:39.064199980,34.9787884602459,35.353388630001156,34.4625259513256,34.67818195145835,34.59920799782848
2008-08-06 07:00:25.796943184,34.978797572608805,35.35338232610076,34.46254119953939,34.67819695323951,34.59923647990299
2008-08-08 07:11:12.529686388,34.97880613911009,35.353375642966185,34.46255674377469,34.6782110647144,34.59926539467157
2008-08-10 07:21:59.262429592,34.9788142175667,35.35336855825435,34.46257256044736,34.67822435573087,34.599294641997055
2008-08-12 07:32:45.995172796,34.9788218856978,35.35336103084042,34.46258860929748,34.67823696010625,34.59932408093536
2008-08-14 07:43:32.727916000,34.978829218018014,35.35335302391936,34.46260485208531,34.67824900391674,34.599353579059525
2008-08-16 07:54:19.460659204,34.97883628583741,35.35334450500598,34.4626212525913,34.67826060549747,34.59938301245976
2008-08-18 08:05:06.193402404,34.978843157261494,35.35333544593489,34.462637776616056,34.6782718754425,34.5994122657434
2008-08-20 08:15:52.926152800,34.97884989719123,35.353325822860526,34.46265439198039,34.67828291660477,34.59944123203497
2008-08-22 08:26:39.658896004,34.97885656732302,35.35331561625717,34.46267106852527,34.67829382409616,34.59946981297611
2008-08-24 08:37:26.391639208,34.978863226148725,35.353304810918885,34.46268777811186,34.67830468528744,34.59949791872562
2008-08-26 08:48:13.124382412,34.97886992895564,35.353293395959604,34.46270449462149,34.67831557980833,34.59952546795945
2008-08-28 08:58:59.857125612,34.97887672782651,35.353281364813036,34.46272119395567,34.678326579547424,34.59955238787071
2008-08-30 09:09:46.589868816,34.97888367163953,35.353268715232744,34.46273785403611,34.67833774865224,34.59957861416966
2008-09-01 09:20:33.322612024,34.97889080606835,35.3532554492921,34.46275445480466,34.67834914352923,34.599604091083684
2008-09-03 09:31:20.055355228,34.97889817358205,35.353241573384295,34.462770978223375,34.678360812843735,34.59962877135735
2008-09-05 09:42:06.788098432,34.978905813445174,35.35322709822236,34.46278740827449,34.67837279752001,34.59965261625236
2008-09-07 09:52:53.520841636,34.9789137617177,35.35321203883913,34.4628037309604,34.678385130741255,34.599675595547566
2008-09-09 10:03:40.253584840,34.978922051255054,35.35319641458727,34.46281993430371,34.67839783794954,34.59969768753898
2008-09-11 10:14:26.986335232,34.978930711708124,35.353180249139264,34.46283600834717,34.67841093684587,34.59971887903974
2008-09-13 10:25:13.719078436,34.97893976952322,35.35316357048742,34.462851945153716,34.67842443739016,34.59973916538017
2008-09-15 10:36:00.451821640,34.978949247942126,35.353146410943864,34.46286773880649,34.67843834180125,34.59975855040772
2008-09-17 10:46:47.184564844,34.97895916700205,35.35312880714056,34.46288338540877,34.67845264455687,34.59977704648699
2008-09-19 10:57:33.917308048,34.97896954353567,35.35311080002926,34.46289888308405,34.67846733239368,34.59979467449975
2008-09-21 11:08:20.650051252,34.978980391171085,35.35309243488158,34.46291423197599,34.67848238430726,34.59981146384489
2008-09-23 11:19:07.382794456,34.978991720331855,35.35307376128894,34.462929434248416,34.67849777155207,34.599827452438475
2008-09-25 11:29:54.115537660,34.979003538237,35.35305483316257,34.46294449408534,34.67851345764152,34.59984268671371
2008-09-27 11:40:40.848280860,34.97901584890096,35.353035708733536,34.462959417690975,34.67852939834792,34.59985722162096
2008-09-29 11:51:27.581024064,34.97902865313364,35.35301645055272,34.46297421328967,34.67854554170248,34.59987112062772
2008-10-01 12:02:14.313767268,34.97904194854039,35.35299712549084,34.462988891125995,34.67856182799535,34.59988445571866
2008-10-03 12:13:01.046510472,34.979055729522,35.352977804738416,34.463003463464666,34.67857818977557,34.59989730739558
2008-10-05 12:23:47.779260868,34.97906998727472,35.3529585638058,34.463017944590604,34.678594551851106,34.59990976467744
2008-10-07 12:34:34.512004068,34.97908470979023,35.35293948252317,34.46303235080888,34.67861083128883,34.599921925100354
2008-10-09 12:45:21.244747272,34.97909988185566,35.35292064504052,34.46304670044478,34.67862693741453,34.59993389471758
2008-10-11 12:56:07.977490476,34.97911548505361,35.35290213982767,34.46306101384373,34.678642771812896,34.599945788099525
2008-10-13 13:06:54.710233680,34.9791314977621,35.35288405967425,34.463075313371355,34.67865822832756,34.59995772833375
2008-10-15 13:17:41.442976884,34.97914789515461,35.352866501689746,34.46308962341347,34.67867319306105,34.599969847024965
2008-10-17 13:28:28.175720088,34.979164626733485,35.35284956793509,34.46310395286772,34.67868754786483,34.59998226291086
2008-10-19 13:39:14.908463292,34.979181664814845,35.35283324773046,34.46311829046288,34.678701270654976,34.599994971688986
2008-10-21 13:50:01.641206496,34.97919910688617,35.35281741177343,34.46313268144423,34.67871442596574,34.60000793645087
2008-10-23 14:00:48.373949700,34.97921704742559,35.35280193462396,34.46314716982274,34.67872707696879,34.600021123559245
2008-10-25 14:11:35.106692908,34.97923557166772,35.35278669849181,34.46316179481098,34.67873928313776,34.600034501532
2008-10-27 14:22:21.839436112,34.97925475560365,35.35277159323654,34.463176590823146,34.67875110024823,34.6000480410422
2008-10-29 14:33:08.572186504,34.979274665980924,35.35275651636751,34.46319158747505,34.67876258037772,34.60006171491805
2008-10-31 14:43:55.304929708,34.97929536030357,35.352741373043884,34.46320680958414,34.67877377190574,34.600075498142935
2008-11-02 14:54:42.037672912,34.97931688683207,35.352726076074624,34.463222277169464,34.67878471951373,34.600089367855404
2008-11-04 15:05:28.770416116,34.97933928458341,35.35271054591849,34.46323800545171,34.67879546418511,34.60010330334915
2008-11-06 15:16:15.503159320,34.97936258333102,35.35269471068407,34.463254004853155,34.67880604320523,34.60011728607306
2008-11-08 15:27:02.235902520,34.979386803604804,35.352678506129706,34.46327028099773,34.67881649016141,34.600131299631144
2008-11-10 15:37:48.968645724,34.97941195669115,35.35266187566359,34.46328683471098,34.67882683494294,34.60014532978261
2008-11-12 15:48:35.701388928,34.979438044632914,35.35264477034368,34.46330366202004,34.678837103741046,34.60015936444182
2008-11-14 15:59:22.434132132,34.979465060229415,35.35262714887776,34.463320754153706,34.67884731904893,34.60017339367829
2008-11-16 16:10:09.166875336,34.979492987036444,35.35260897762339,34.46333809754236,34.678857499661724,34.6001874097167
2008-11-18 16:20:55.899618540,34.97952179936627,35.352590230587964,34.463355673818036,34.67886766067654,34.6002014069369
2008-11-20 16:31:42.632361744,34.97955146228763,35.35257088942864,34.463373459814356,34.678877813492434,34.600215381873895
2008-11-22 16:42:29.365112136,34.97958193162574,35.352550943452414,34.46339142756659,34.67888796581044,34.600229333217854
2008-11-24 16:53:16.097855340,34.97961315396227,35.35253038961606,34.46340954431161,34.678898121633516,34.60024326181412
2008-11-26 17:04:02.830598544,34.97964506663538,35.352509232526145,34.46342777248791,34.67890828126661,34.60025717066319
2008-11-28 17:14:49.563341748,34.97967759773968,35.352487484439074,34.46344606973561,34.67891844131659,34.60027106492072
2008-11-30 17:25:36.296084952,34.97971066612628,35.35246516526102,34.46346438889645,34.67892859469232,34.60028495189753
2008-12-02 17:36:23.028828156,34.97974418140274,35.35244230254798,34.46348267801378,34.6789387306046,34.600298841059605
2008-12-04 17:47:09.761571360,34.97977804393309,35.352418931505724,34.46350088033259,34.67894883456618,34.60031274402811
2008-12-06 17:57:56.494314564,34.979812144837844,35.35239509498985,34.46351893429947,34.67895888839178,34.600326674579335
2008-12-08 18:08:43.227057768,34.97984636599398,35.35237084350575,34.46353677356264,34.678968870198084,34.60034064864477
2008-12-10 18:19:29.959800968,34.97988058003495,35.352346235208614,34.46355432697193,34.6789787544037,34.60035468431104
2008-12-12 18:30:16.692544172,34.97991465035068,35.35232133590344,34.46357151857881,34.67898851172923,34.60036880181996
2008-12-14 18:41:03.425287376,34.97994831813536,35.35229613340213,34.46358824716816,34.67899809518103,34.600383000558956
2008-12-16 18:51:50.158037776,34.979981504979214,35.35227060466622,34.46360448731824,34.67900749524934,34.60039728033203
2008-12-18 19:02:36.890780976,34.98001441464277,35.352244846933736,34.46362029195296,34.67901674737613,34.60041167497903
2008-12-20 19:13:23.623524180,34.98004723594784,35.35221895107415,34.463635710196634,34.679025884648354,34.600426216168024
2008-12-22 19:24:10.356267384,34.980080141512424,35.352193000907576,34.46365078706508,34.6790349376111,34.60044093320649
2008-12-24 19:34:57.089010588,34.9801132877507,35.35216707320482,34.46366556346556,34.67904393426768,34.60045585304127
2008-12-26 19:45:43.821753792,34.98014681487301,35.35214123768734,34.46368007619681,34.6790529000796,34.60047100025859
2008-12-28 19:56:30.554496996,34.98018084688588,35.35211555702727,34.46369435794904,34.67906185796652,34.60048639708405
2008-12-30 20:07:17.287240200,34.98021549159201,35.3520900868474,34.463708437303914,34.67907082830633,34.60050206338265
2009-01-01 20:14:44.336868693,34.98025084059028,35.35206487572119,34.46372233873458,34.67907982893509,34.60051801665876
2009-01-03 20:17:37.171435003,34.98028696927574,35.35203996517278,34.463736082605635,34.67908887514705,34.60053427205614
2009-01-05 20:20:30.006001313,34.98032393683961,35.35201538967695,34.46374968517317,34.67909797969467,34.60055084235791
2009-01-07 20:23:22.840567623,34.9803617862693,35.351991176659176,34.46376315858472,34.67910715278857,34.600567737986616
2009-01-09 20:26:15.675141103,34.98040054434839,35.35196734649557,34.463776510879285,34.67911640209757,34.600584967004146
2009-01-11 20:29:08.509707413,34.98044022165663,35.351943912512944,34.46378974598736,34.6791257327487,34.60060253511178
2009-01-13 20:32:01.344273723,34.98048081256995,35.35192088098875,34.46380286373089,34.679135147327166,34.60062044565019
2009-01-15 20:34:54.178840032,34.98052229526046,35.35189825115111,34.46381585982328,34.67914464587635,34.60063869959942
2009-01-17 20:37:47.013406342,34.98056463169643,35.35187601517884,34.46382872586942,34.67915422589785,34.600657295578905
2009-01-19 20:40:39.847972652,34.98060776764233,35.35185415820137,34.46384144936565,34.67916388235143,34.60067622984745
2009-01-21 20:43:32.682538962,34.9806516326588,35.351832658298854,34.463854013699795,34.67917360765507,34.60069549630325
2009-01-23 20:46:25.517105271,34.98069614010262,35.35181148650207,34.46386639815114,34.67918339168492,34.600715086483895
2009-01-25 20:49:18.351671581,34.980741187126796,35.35179060679249,34.46387857789043,34.679193221775336,34.60073498956633
2009-01-27 20:52:11.186237891,34.980786654680486,35.35176997610223,34.46389052397989,34.67920308271884,34.60075519236689
2009-01-29 20:55:04.020804201,34.98083240750902,35.35174954431409,34.463902203373216,34.679212956766165,34.600775679341304
2009-01-31 20:57:56.855370511,34.98087829415391,35.35172925426153,34.46391357891555,34.67922282362623,34.60079643258468
2009-02-02 21:00:49.689943991,34.980924146952844,35.351709041728675,34.46392460934353,34.67923266046615,34.60081743183151
2009-02-04 21:03:42.524510300,34.980969782039686,35.35168883545032,34.463935249285235,34.67924244191121,34.60083865445565
2009-02-06 21:06:35.359076610,34.98101499934447,35.35166855711192,34.46394544926022,34.6792521400449,34.60086007547036
2009-02-08 21:09:28.193642920,34.98105957436378,35.35164812050799,34.46395515420796,34.67926172351868,34.60088166879955
2009-02-10 21:12:21.028209230,34.98110284711158,35.35162740004557,34.463964233048465,34.67927111409454,34.60090347911614
2009-02-12 21:15:13.862775540,34.98114467696254,35.3516063531342,34.463972657169585,34.679280292573054,34.600925494552186
2009-02-14 21:18:06.697341849,34.981185288140665,35.35158498266657,34.46398046730662,34.679289280408035,34.60094765430716
2009-02-16 21:20:59.531908159,34.98122489009763,35.35156329265256,34.463987704140926,34.67929809815687,34.60096990300703
2009-02-18 21:23:52.366474469,34.981263677512764,35.3515412882192,34.46399440829993,34.67930676548056,34.60099219070419
2009-02-20 21:26:45.201040778,34.98130183029309,35.351518975610716,34.46400062035712,34.67931530114368,34.601014472877544
2009-02-22 21:29:38.035607088,34.98133951357329,35.351496362188506,34.464006380832046,34.67932372301443,34.60103671043246
2009-02-24 21:32:30.870173398,34.981376877715704,35.35147345643113,34.46401173019033,34.67933204806456,34.60105886970078
2009-02-26 21:35:23.704746879,34.98141405831036,35.351450267934325,34.46401670884364,34.67934029236947,34.6010809224408
2009-02-28 21:38:16.539313188,34.98145117617494,35.351426807411016,34.46402135714971,34.6793484711081,34.601102845837325
2009-03-02 21:41:09.373879498,34.98148833735482,35.351403086691285,34.46402571541237,34.67935659856303,34.601124622501594
2009-03-04 21:44:02.208445808,34.98152563312301,35.351379118722406,34.46402982388146,34.67936468812041,34.60114624047135
2009-03-06 21:46:55.043012118,34.981563139980224,35.351354917568806,34.46403372275292,34.67937275226999,34.60116769321079
2009-03-08 21:49:47.877578427,34.981600919654824,35.3513304984121,34.464037452168746,34.679380802605124,34.60118897961059
2009-03-10 21:52:40.712144737,34.98163901910285,35.35130587755109,34.464041052217,34.67938884982274,34.601210103987896
2009-03-12 21:55:33.546711047,34.98167747050801,35.35128107240172,34.46404456293178,34.67939690372339,34.601231076086336
2009-03-14 21:58:26.381277356,34.981716291281685,35.351256101497135,34.46404802429329,34.67940497321119,34.601251911076005
2009-03-16 22:01:19.215843666,34.98175548406292,35.351230984487636,34.464051476227766,34.67941306629388,34.60127262955347
2009-03-18 22:04:12.050409976,34.98179503671844,35.35120574214072,34.46405495860753,34.67942119008278,34.60129325754176
2009-03-20 22:07:04.884983457,34.981834922342614,35.351180396341036,34.464058511250926,34.6794293507928,34.60131382649041
2009-03-22 22:09:57.719549766,34.981875099257515,35.35115497009042,34.464062173922414,34.67943755374245,34.60133437327539
2009-03-24 22:12:50.554116076,34.98191551101287,35.35112948750788,34.464065986332486,34.67944580335385,34.60135494019916
2009-03-26 22:15:43.388682386,34.98195608638606,35.3511039738296,34.4640699881377,34.67945410315269,34.601375574990655
2009-03-28 22:18:36.223248695,34.981996739382176,35.35107845540893,34.46407421894069,34.679462455768274,34.60139633080529
2009-03-30 22:21:29.057815005,34.98203736923393,35.35105295971641,34.46407871829013,34.679470862933485,34.60141726622492
2009-04-01 22:24:21.892381315,34.982077860401745,35.35102751533974,34.46408352568078,34.67947932548481,34.60143844525791
2009-04-03 22:27:14.726947624,34.982118082573685,35.35100215198379,34.46408868055345,34.679487843362345,34.601459937339094
2009-04-05 22:30:07.561513934,34.9821578906655,35.35097690047063,34.464094222295024,34.679496415609755,34.60148181732975
2009-04-07 22:33:00.396080244,34.9821971248206,35.35095179273947,34.46410019023843,34.67950504037431,34.60150416551765
2009-04-09 22:35:53.230646554,34.98223561041008,35.35092686184672,34.464106623662694,34.67951371490688,34.60152706761705
2009-04-11 22:38:46.065212864,34.98227315803268,35.35090214196597,34.46411356179286,34.679522435561935,34.60155061476865
2009-04-13 22:41:38.899786344,34.982309612766606,35.35087753736542,34.46412106645703,34.67953120795472,34.601574872524054
2009-04-15 22:44:31.734352654,34.98234492637103,35.35085296575339,34.46412916147173,34.67954003203808,34.60159984664516
2009-04-17 22:47:24.568918964,34.982379036823176,35.35082861822582,34.46413779796263,34.67954888377997,34.601625559979645
2009-04-19 22:50:17.403485274,34.98241189071298,35.35080467552201,34.46414692912484,34.679557740231616,34.601652032229175
2009-04-21 22:53:10.238051582,34.98244344400827,35.35078130430956,34.46415651105317,34.679566579837115,34.60167927941783
2009-04-23 22:56:03.072617892,34.98247366205477,35.35075865718443,34.46416650274212,34.67957538243346,34.601707313892106
2009-04-25 22:58:55.907184202,34.98250251957615,35.350736872670865,34.46417686608584,34.679584129250514,34.60173614432093
2009-04-27 23:01:48.741750512,34.982530000673975,35.35071607522147,34.4641875658782,34.67959280291101,34.601765775695654
2009-04-29 23:04:41.576316822,34.98255609882773,35.350696375217154,34.4641985698127,34.67960138743057,34.60179620933004
2009-05-01 23:07:34.410883132,34.9825808168948,35.35067786896714,34.46420984848257,34.67960986821768,34.60182744286028
2009-05-03 23:10:27.245449440,34.98260416711051,35.350660638708995,34.464221375380674,34.67961823207373,34.601859470244975
2009-05-05 23:13:20.080015750,34.98262617108808,35.35064475260859,34.46423312689959,34.67962646719296,34.60189228176516
2009-05-07 23:16:12.914589232,34.98264685981865,35.35063026476013,34.464245082331566,34.6796345631625,34.6019258640243
2009-05-09 23:19:05.749155542,34.98266627367126,35.35061721518615,34.46425722386852,34.67964251096236,34.60196019994825
2009-05-11 23:21:58.583721850,34.982684462392896,35.35060562983748,34.46426953660207,34.67965030296543,34.60199526878532
2009-05-13 23:24:51.418288160,34.98270148510843,35.350595520593316,34.464282008523476,34.67965793293747,34.60203104610623
2009-05-15 23:27:44.252854470,34.982717410320646,35.350586885261144,34.464294630523725,34.67966539603712,34.6020675038041
2009-05-17 23:30:37.087420780,34.98273231591027,35.35057970757678,34.46430739639345,34.679672688815906,34.6021046100945
2009-05-19 23:33:29.921987090,34.9827462891359,35.35057395720436,34.46432030282298,34.67967980921822,34.60214232951542
2009-05-21 23:36:22.756553400,34.9827594266341,35.35056958973637,34.46433334940232,34.67968675658135,34.60218062292725
2009-05-23 23:39:15.591119710,34.98277183441929,35.35056654669358,34.46434653862115,34.67969353163544,34.60221944751282
2009-05-25 23:42:08.425686018,34.982783627883855,35.3505647555251,34.46435987586884,34.67970013650353,34.60225875677738
2009-05-27 23:45:01.260252328,34.98279493179806,35.35056412960838,34.46437336943442,34.67970657470152,34.60229850054859
2009-05-29 23:47:54.094818638,34.98280588031011,35.35056456824916,34.46438703050662,34.67971285113821,34.60233862497655
2009-05-31 23:50:46.929392118,34.98281661694609,35.350565956681535,34.46440087317385,34.67971897211526,34.60237907253375
2009-06-02 23:53:39.763958428,34.98282729461004,35.3505681660679,34.46441491442419,34.67972494532722,34.60241978201514
2009-06-04 23:56:32.598524738,34.98283807558387,35.350571053498996,34.464429174145394,34.67973077986152,34.60246068853806
2009-06-06 23:59:25.433091048,34.982849131527445,35.35057446199386,34.46444367512491,34.67973648619844,34.6025017235423
2009-06-09 00:02:18.267657358,34.982860643478524,35.35057822049986,34.464458443049864,34.679742076211184,34.602542814790034
2009-06-11 00:05:11.102223668,34.98287280185277,35.35058214389271,34.464473506507055,34.6797475631658,34.6025838863659
2009-06-13 00:08:03.936789978,34.982885806443775,35.350586032976416,34.46448889698296,34.67975296172121,34.60262485867693
2009-06-15 00:10:56.771356286,34.9828998916076,35.350589709321284,34.46450464852421,34.6797582908464,34.60266565811987
2009-06-17 00:13:49.605922596,34.982915189982585,35.350593168309246,34.464520768588436,34.679763559627624,34.60270626956807
2009-06-19 00:16:42.440488906,34.9829315008977,35.35059636819835,34.46453723071929,34.679768740737366,34.602746680374814
2009-06-21 00:19:35.275055216,34.98294861289539,35.3505992589088,34.46455400766538,34.67977380568202,34.60278687560772
2009-06-23 00:22:28.109621526,34.982966328405816,35.35060179387372,34.464571073056064,34.67977872755062,34.602826840667014
2009-06-25 00:25:20.944195006,34.982984463746824,35.35060393003918,34.46458840140145,34.679783481014894,34.602866561285595
2009-06-27 00:28:13.778761316,34.98300284912398,35.350605627864184,34.46460596809238,34.67978804232925,34.60290602352897
2009-06-29 00:31:06.613327626,34.98302132863055,35.35060685132067,34.46462374940046,34.67979238933074,34.60294521379531
2009-07-01 00:33:59.447893936,34.98303976024751,35.35060756789351,34.46464172247802,34.67979650143913,34.60298411881542
2009-07-03 00:36:52.282460246,34.98305801584354,35.350607748580536,34.46465986535818,34.679800359656824,34.60302272565276
2009-07-05 00:39:45.117026554,34.98307598117503,35.35060736789248,34.464678156954754,34.679803946568924,34.60306102170339
2009-07-07 00:42:37.951592864,34.98309355588607,35.350606403853035,34.46469657706235,34.6798072463432,34.60309899469606
2009-07-09 00:45:30.786159174,34.98311065350846,35.35060483799882,34.464715106356294,34.67981024473009,34.603136632692134
2009-07-11 00:48:23.620725484,34.98312720146171,35.35060265537941,34.46473372639267,34.67981292906271,34.603173924085624
2009-07-13 00:51:16.455291794,34.98314314105304,35.350599844557294,34.464752419608324,34.67981528825686,34.60321085760318
2009-07-15 00:54:09.289858102,34.98315842747735,35.3505963976079,34.46477116932083,34.67981731281099,34.60324742230411
2009-07-17 00:57:02.124424412,34.98317302981727,35.3505923101196,34.4647899597285,34.67981899480625,34.60328360758032
2009-07-19 00:59:54.958997894,34.98318693104315,35.35058758119371,34.46480877591043,34.67982032790645,34.60331940315641
2009-07-21 01:02:47.793564204,34.983200128013,35.35058221344447,34.46482760382643,34.679821307358075,34.603354799089594
2009-07-23 01:05:40.628130514,34.98321263147259,35.35057621299905,34.46484643031708,34.67982192999029,34.60338978576972
2009-07-25 01:08:33.462696824,34.98322446605535,35.35056958949758,34.4648652431037,34.67982219421493,34.60342435391929
2009-07-27 01:11:26.297263134,34.98323567028245,35.350562356093114,34.46488403078835,34.6798221000265,34.60345849459345
2009-07-29 01:14:19.131829444,34.98324629656274,35.350554529451635,34.46490278285385,34.679821649002186,34.603492199179975
2009-07-31 01:17:11.966395756,34.9832564111928,35.35054612975207,34.46492148966376,34.67982084430185,34.603525459399286
2009-08-02 01:20:04.800962060,34.9832660943569,35.35053718068629,34.46494014246238,34.679819690668026,34.60355826730446
2009-08-04 01:22:57.635528372,34.983275440127024,35.350527709459094,34.46495873337479,34.67981819442591,34.603590615281185
2009-08-06 01:25:50.470094680,34.98328455646286,35.35051774678821,34.46497725540678,34.67981636348339,34.60362249604781
2009-08-08 01:28:43.304660992,34.9832935652118,35.350507326904335,34.46499570244491,34.67981420733102,34.60365390265534
2009-08-10 01:31:36.139227300,34.98330260210895,35.350496487551055,34.465014069256476,34.67981173704202,34.603684828487374
2009-08-12 01:34:28.973800784,34.98331182844344,35.35048527432556,34.465032355920584,34.6798089504419,34.6037152275915
2009-08-14 01:37:21.808367092,34.983321387925024,35.35047372353305,34.46505057556016,34.679805810485384,34.60374495197839
2009-08-16 01:40:14.642933404,34.98333127672262,35.35046181532375,34.465068717373164,34.67980236904172,34.603774081964524
2009-08-18 01:43:07.477499712,34.98334147860018,35.350449526958,34.46508676867794,34.67979868622668,34.60380271770276
2009-08-20 01:46:00.312066024,34.983351978171925,35.35043683788421,34.465104718089364,34.67979481938057,34.603830950127325
2009-08-22 01:48:53.146632328,34.98336276090235,35.35042372973879,34.46512255551878,34.679790823068224,34.60385886095377
2009-08-24 01:51:45.981198640,34.98337381310623,35.350410186346174,34.46514027217407,34.67978674907903,34.603886522679026
2009-08-26 01:54:38.815764948,34.98338512194863,35.350396193718815,34.465157860559586,34.67978264642691,34.603913998581376
2009-08-28 01:57:31.650331260,34.983396675444865,35.35038174005721,34.46517531447622,34.67977856135032,34.603941342720454
2009-08-30 02:00:24.484897568,34.983408462460545,35.35036681574986,34.46519262902134,34.67977453731225,34.60396859993725
2009-09-01 02:03:17.319463880,34.98342047271154,35.350351413373296,34.46520980058882,34.67977061500025,34.603995805854105
2009-09-03 02:06:10.154030188,34.98343269676403,35.35033552769208,34.465226826869056,34.679766832326386,34.60402298687473
2009-09-05 02:09:02.988603672,34.98344512603441,35.35031915565879,34.46524370684892,34.679763224427276,34.60405016018418
2009-09-07 02:11:55.823169980,34.98345775278943,35.35030229641403,34.46526044081182,34.679759823664064,34.60407733374886
2009-09-09 02:14:48.657736292,34.98347057014604,35.35028495128642,34.465277030337624,34.67975665962244,34.604104506316546
2009-09-11 02:17:41.492302596,34.98348357207152,35.35026712379263,34.46529347830274,34.67975375911264,34.60413166741635
2009-09-13 02:20:34.326868908,34.983496753383406,35.35024881963731,34.46530978888007,34.67975114616943,34.60415879735876
2009-09-15 02:23:27.161435216,34.9835101097495,35.35023004671318,34.465325967539016,34.679748842052106,34.6041858672356
2009-09-17 02:26:19.996001528,34.98352363768791,35.35021081510096,34.46534202104547,34.67974686524452,34.60421283892007
2009-09-19 02:29:12.830567836,34.98353733456698,35.35019113706939,34.46535795746186,34.67974523145506,34.60423966506671
2009-09-21 02:32:05.665134148,34.98355119860537,35.35017102707524,34.46537378614709,34.67974395361663,34.60426628911141
2009-09-23 02:34:58.499700456,34.98356522887198,35.35015050176332,34.46538951775658,34.6797430418867,34.60429264527143
2009-09-25 02:37:51.334266768,34.983579425286024,35.350129579966435,34.465405164242235,34.679742503647276,34.60431865854538
2009-09-27 02:40:44.168840248,34.98359378861696,35.350108282705435,34.465420738852494,34.679742343504884,34.60434424471323
2009-09-29 02:43:37.003406560,34.98360832048453,35.350086633189186,34.465436256132264,34.67974256329061,34.6043693103363
2009-10-01 02:46:29.837972864,34.98362302335876,35.350064656814574,34.46545173192299,34.67974316206005,34.60439375275726
2009-10-03 02:49:22.672539176,34.98363790055995,35.35004238116652,34.4654671833626,34.67974413609337,34.604417460100144
2009-10-05 02:52:15.507105484,34.98365295625868,35.35001983601796,34.465482628885525,34.679745478895256,34.60444031127034
2009-10-07 02:55:08.341671796,34.98366819547579,35.349997053329844,34.4654980882227,34.67974718119495,34.60446217595458
2009-10-09 02:58:01.176238104,34.98368362141519,35.34997406910876,34.465513581475435,34.67974923005419,34.604482905973406
2009-10-11 03:00:54.010804416,34.98369915970584,35.34995097979132,34.46552909623959,34.67975158027585,34.60450208603804
2009-10-13 03:03:46.845370724,34.9837148520725,35.3499278117413,34.46554464222382,34.679754214744804,34.60451966587682
2009-10-15 03:06:39.679937036,34.98373079954703,35.349904549277056,34.465560245951075,34.67975713510818,34.60453579951172
2009-10-17 03:09:32.514503344,34.98374709627456,35.34988117872215,34.465575930831406,34.67976034141055,34.60455063390781
2009-10-19 03:12:25.349069656,34.98376382951343,35.349857688405336,34.4655917171619,34.679763832093876,34.60456430897329
2009-10-21 03:15:18.183643136,34.98378107963521,35.349834068660584,34.46560762212669,34.67976760399757,34.60457695755944
2009-10-23 03:18:11.018209444,34.98379892012472,35.34981031182704,34.46562365979698,34.67977165235845,34.6045887054607
2009-10-25 03:21:03.852775752,34.98381741758,35.349786412249074,34.46563984113102,34.67977597081077,34.60459967141459
2009-10-27 03:23:56.687342064,34.98383663171232,35.34976236627624,34.46565617397412,34.67978055138622,34.60460996710176
2009-10-29 03:26:49.521908372,34.9838566153462,35.34973817226329,34.46567266305863,34.6797853845139,34.60461969714597
2009-10-31 03:29:42.356474684,34.98387741441936,35.34971383057018,34.46568931000398,34.67979045902034,34.6046289591141
2009-11-02 03:32:35.191040992,34.98389906798279,35.34968934356207,34.46570611331663,34.6797957621295,34.60463784351613
2009-11-04 03:35:28.025607304,34.983921608200674,35.34966471560931,34.46572306839011,34.67980127946275,34.60464643380517
2009-11-06 03:38:20.860173612,34.983945060350464,35.349639953087454,34.465740167505,34.679806995038916,34.60465480637743
2009-11-08 03:41:13.694739924,34.983969442822826,35.34961506437726,34.46575739982893,34.67981289127422,34.60466303057225
2009-11-10 03:44:06.529306232,34.98399476712165,35.349590059864674,34.465774751416596,34.67981894898231,34.604671168672056
2009-11-12 03:46:59.363872544,34.98402103786408,35.34956495194084,34.46579220520973,34.67982514737429,34.60467927590242
2009-11-14 03:49:52.198446020,34.98404825278047,35.34953975500213,34.46580974103715,34.67983146405866,34.60468740043201
2009-11-16 03:52:45.033012332,34.98407640271442,35.349514485450065,34.46582733561469,34.67983787504135,34.604695583372624
2009-11-18 03:55:37.867578640,34.98410547162276,35.34948916169142,34.465844962545276,34.67984435472573,34.60470385877915
2009-11-20 03:58:30.702144952,34.984135436575556,35.34946380413813,34.46586259231886,34.67985087591258,34.60471225364961
2009-11-22 04:01:23.536711260,34.98416626775609,35.34943843520735,34.465880192312454,34.67985740980011,34.60472078792513
2009-11-24 04:04:16.371277572,34.984197928460894,35.34941307932141,34.46589772679014,34.67986392598396,34.60472947448995
2009-11-26 04:07:09.205843880,34.98423037509972,35.34938776290787,34.465915156903044,34.6798703924572,34.60473831917143
2009-11-28 04:10:02.040410192,34.98426355719557,35.34936251439947,34.46593244068934,34.6798767756103,34.604747320740046
2009-11-30 04:12:54.874976500,34.984297417384646,35.34933736423416,34.46594953307427,34.67988304023119,34.60475647090937
2009-12-02 04:15:47.709542812,34.984331891416424,35.34931234485508,34.46596638587014,34.67988914950521,34.604765754336114
2009-12-04 04:18:40.544109120,34.984366908153575,35.34928749071057,34.46598294777627,34.67989506501511,34.60477514862009
2009-12-06 04:21:33.378675432,34.98440238957202,35.34926283825418,34.46599916437907,34.67990074674108,34.604784624304216
2009-12-08 04:24:26.213248908,34.98443831454096,35.34923845800932,34.46601488807743,34.679906142787644,34.6047940302288
2009-12-10 04:27:19.047815220,34.9844746784257,35.34921443449738,34.466029946278226,34.67991120244136,34.60480311589189
2009-12-12 04:30:11.882381528,34.98451132077568,35.34919077147365,34.46604439812357,34.67991590706416,34.60481187547432
2009-12-14 04:33:04.716947840,34.98454808721687,35.34916746891393,34.466058304688836,34.679920240875205,34.60482031128517
2009-12-16 04:35:57.551514148,34.98458483371706,35.349144525117154,34.46607172290299,34.67992419020827,34.60482842680232
2009-12-18 04:38:50.386080460,34.98462142658587,35.34912193670532,34.46608470554854,34.67992774351172,34.60483622667245
2009-12-20 04:41:43.220646768,34.984657742474774,35.34909969862361,34.466097301261584,34.679930891348526,34.60484371671099
2009-12-22 04:44:36.055213080,34.98469366837707,35.34907780414027,34.466109554531776,34.67993362639627,34.60485090390221
2009-12-24 04:47:28.889779388,34.98472910162789,35.34905624484671,34.466121505702354,34.67993594344711,34.60485779639913
2009-12-26 04:50:21.724345700,34.98476394990421,35.349035010657424,34.4661331909701,34.67993783940784,34.60486440352357
2009-12-28 04:53:14.558912004,34.98479813122484,35.349014089810055,34.46614464238537,34.679939313299826,34.604870735766156
2009-12-30 04:56:07.393478316,34.984831573950416,35.34899346886534,34.46615588785212,34.67994036625905,34.60487680478627
2010-01-01 04:59:00.228051797,34.98486421678341,35.348973132707144,34.46616695112783,34.6799410015361,34.60488262341212
2010-01-03 05:01:53.062618106,34.98489600876813,35.34895306454246,34.46617785182357,34.67994122449615,34.60488820564066
2010-01-05 05:04:45.897184416,34.984926909290735,35.348933245901385,34.46618860540399,34.67994104261898,34.604893566637685
2010-01-07 05:07:38.731750726,34.9849568880792,35.34891365663716,34.46619922318728,34.67994046549898,34.60489872273774
2010-01-09 05:10:31.566317036,34.984985925203354,35.34889427492611,34.46620971234521,34.67993950484514,34.604903691444164
2010-01-11 05:13:24.400883345,34.98501401107483,35.34887507726771,34.46622007590313,34.679938174481045,34.60490849142911
2010-01-13 05:16:17.235449655,34.985041146447124,35.34885603848453,34.46623031273995,34.679936490344886,34.60491314253348
2010-01-15 05:19:10.070015965,34.98506734241556,35.34883713172228,34.46624041758814,34.67993447048946,34.604917665767005
2010-01-17 05:22:02.904582275,34.9850926204173,35.348818328449774,34.466250381033745,34.67993213508215,34.604922083308175
2010-01-19 05:24:55.739148585,34.98511701223133,35.34879959845896,34.46626018951639,34.67992950640496,34.60492641850429
2010-01-21 05:27:48.573714894,34.985140559978475,35.34878090986489,34.46626982532924,34.67992660885448,34.604930695871424
2010-01-23 05:30:41.408281204,34.98516331612141,35.348762229105745,34.46627926661906,34.679923468941915,34.60493494109445
2010-01-25 05:33:34.242854684,34.98518534346463,35.34874352094282,34.466288487386166,34.67992011529306,34.60493918102702
2010-01-27 05:36:27.077420994,34.98520671515446,35.348724748460526,34.46629745748443,34.67991657864832,34.604943443691596
2010-01-29 05:39:19.911987304,34.98522751467908,35.34870587306641,34.46630614262133,34.67991289186269,34.6049477582794
2010-01-31 05:42:12.746553614,34.9852478358685,35.34868685449112,34.46631450435787,34.679909089905784,34.604952155150464
2010-02-02 05:45:05.581119923,34.98526778289454,35.34866765078843,34.466322500108646,34.6799052098618,34.604956665833605
2010-02-04 05:47:58.415686233,34.98528747027089,35.34864821833523,34.46633008314183,34.67990129092955,34.604961323026416
2010-02-06 05:50:51.250252543,34.98530702285306,35.34862851183153,34.466337202579126,34.679897374422445,34.604966160595296
2010-02-08 05:53:44.084818853,34.985326575838386,35.34860848430047,34.46634380339585,34.6798935037685,34.60497121357544
2010-02-10 05:56:36.919385162,34.98534642878269,35.34858798159478,34.46634969837422,34.67988969521973,34.60497643394599
2010-02-12 05:59:29.753951472,34.98536674045319,35.348566951900516,34.466354773040365,34.67988595664223,34.60498177964548
2010-02-14 06:02:22.588517782,34.985387428876635,35.348545506295096,34.46635908965586,34.67988232066377,34.60498729939876
2010-02-16 06:05:15.423084092,34.985408415,35.348523748946555,34.466362709161494,34.679878817144285,34.604993037518405
2010-02-18 06:08:08.257657572,34.98542962272704,35.34850177708835,34.46636569114917,34.67987547317063,34.6049990338882
2010-02-20 06:11:01.092223881,34.985450978918244,35.34847968101938,34.466368093861895,34.67987231305662,34.60500532396318
2010-02-22 06:13:53.926790192,34.985472413390866,35.34845754410394,34.46636997419375,34.67986935834299,34.60501193876958
2010-02-24 06:16:46.761356501,34.98549385891891,35.348435442771766,34.46637138768994,34.67986662779742,34.60501890490488
2010-02-26 06:19:39.595922811,34.98551525123314,35.348413446518016,34.46637238854674,34.67986413741454,34.60502624453779
2010-02-28 06:22:32.430489121,34.98553652902107,35.348391617903275,34.46637302961153,34.6798619004159,34.605033975408226
2010-03-02 06:25:25.265055431,34.98555763392698,35.34837001255354,34.466373362382804,34.67985992725001,34.60504211082734
2010-03-04 06:28:18.099621740,34.98557851055189,35.34834867916024,34.46637343701014,34.67985822559229,34.60505065967752
2010-03-06 06:31:10.934188050,34.985599106453584,35.34832765948022,34.4663733022942,34.67985680034513,34.60505962641236
2010-03-08 06:34:03.768754360,34.985619372146616,35.348306988335764,34.46637300568677,34.67985565363784,34.605069011056706
2010-03-10 06:36:56.603320669,34.985639261102264,35.34828669361456,34.4663725932907,34.67985478482666,34.60507880920661
2010-03-12 06:39:49.437886979,34.985658729748586,35.34826679626974,34.466372109859975,34.6798541904948,34.605089012029346
2010-03-14 06:42:42.272460460,34.98567773747038,35.34824731031985,34.466371598799654,34.67985386445238,34.60509960626344
2010-03-16 06:45:35.107026770,34.98569624660922,35.34822824284885,34.46637110216588,34.67985379773648,34.605110574218614
2010-03-18 06:48:27.941593079,34.985714222463415,35.34820959400613,34.46637066066593,34.679853978611085,34.60512189377584
2010-03-20 06:51:20.776159389,34.98573163328803,35.34819135700652,34.466370313658146,34.679854392567165,34.6051335383873
2010-03-22 06:54:13.610725699,34.985748450294906,35.348173518130245,34.46637009915197,34.67985502232259,34.60514547707641
2010-03-24 06:57:06.445292008,34.98576464765262,35.34815605672298,34.46637005380797,34.67985584782219,34.60515767443782
2010-03-26 06:59:59.279858318,34.98578020248651,35.34813894519581,34.46637021293777,34.67985684623772,34.60517009063739
2010-03-28 07:02:52.114424628,34.98579509487867,35.348122149025244,34.46637061050412,34.67985799196789,34.6051826814122
2010-03-30 07:05:44.948990937,34.985809307867946,35.34810562675321,34.46637127912086,34.67985925663834,34.6051953980706
2010-04-01 07:08:37.783557247,34.98582282744995,35.348089329987076,34.46637225005291,34.67986060910164,34.60520818749211
2010-04-03 07:11:30.618123557,34.98583564257703,35.348073203399615,34.466373553216314,34.67986201543731,34.605220992127514
2010-04-05 07:14:23.452697038,34.98584774515832,35.34805718472904,34.4663752171782,34.679863438951806,34.6052337499988
2010-04-07 07:17:16.287263347,34.985859130059666,35.34804120477898,34.46637726915679,34.679864840178524,34.60524639469921
2010-04-09 07:20:09.121829657,34.98586979510372,35.348025187418486,34.46637973502139,34.679866176877795,34.605258855393174
2010-04-11 07:23:01.956395967,34.98587988288264,35.348008860036515,34.46638263771404,34.6798673949016,34.60527096990711
2010-04-13 07:25:54.790962277,34.985889522523635,35.34799204977574,34.4663859728872,34.67986847438851,34.605282644945696
2010-04-15 07:28:47.625528588,34.985898621933586,35.34797493287381,34.46638972272724,34.679869432527155,34.60529396257657
2010-04-17 07:31:40.460094896,34.98590709830561,35.34795767559474,34.46639387022399,34.679870287624205,34.60530500104825
2010-04-19 07:34:33.294661206,34.98591487921706,35.34794043262769,34.46639839920167,34.6798710589779,34.605315834017745
2010-04-21 07:37:26.129227516,34.985921902629585,35.34792334708688,34.466403294318916,34.67987176687805,34.60532653055048
2010-04-23 07:40:18.963793826,34.985928116889035,35.34790655051169,34.46640854106874,34.679872432606004,34.60533715512034
2010-04-25 07:43:11.798360136,34.985933480725556,35.34789016286657,34.46641412577856,34.67987307843466,34.60534776760966
2010-04-27 07:46:04.632926446,34.98593796325354,35.347874292541114,34.4664200356102,34.67987372762848,34.60535842330923
2010-04-29 07:48:57.467499924,34.98594154397163,35.347859036349995,34.466426258559856,34.679874404443495,34.60536917291827
2010-05-01 07:51:50.302066234,34.98594421276272,35.34784447953302,34.46643278345813,34.679875134127265,34.60538006254449
2010-05-03 07:54:43.136632544,34.98594596989396,35.3478306957551,34.46643959997004,34.679875942918926,34.605391133704
2010-05-05 07:57:35.971198854,34.985946826016765,35.34781774710624,34.466446698594964,34.67987685804914,34.60540242332141
2010-05-07 08:00:28.805765164,34.9859468021668,35.34780568410157,34.466454070666714,34.67987790774017,34.60541396372973
2010-05-09 08:03:21.640331474,34.985945929763986,35.34779454568134,34.46646170835346,34.679879121205786,34.60542578267045
2010-05-11 08:06:14.474897784,34.9859442506125,35.34778435921088,34.466469604657796,34.679880528651346,34.60543790329351
2010-05-13 08:09:07.309464094,34.985941816900755,35.34777514048066,34.4664777534167,34.679882161273746,34.60545034415729
2010-05-15 08:12:00.144030404,34.98593869120145,35.34776689370624,34.46648614930155,34.679884051261446,34.60546311922862
2010-05-17 08:14:52.978596714,34.98593494647152,35.34775961152831,34.46649478781812,34.679886231794455,34.605476237882776
2010-05-19 08:17:45.813163024,34.98593066605216,35.34775327501264,34.466503665306575,34.67988873704434,34.605489704903505
2010-05-21 08:20:38.647729332,34.985925943668825,35.34774785365014,34.46651277894148,34.679891602174216,34.605503520482976
2010-05-23 08:23:31.482302812,34.98592088343122,35.34774330535681,34.466522126731796,34.67989486333876,34.60551768022183
2010-05-25 08:26:24.316869122,34.9859155998333,35.34773957647377,34.46653170752088,34.67989855768421,34.60553217512914
2010-05-27 08:29:17.151435432,34.98591021775328,35.34773660176725,34.46654152098648,34.67990272334834,34.60554699162245
2010-05-29 08:32:09.986001742,34.98590487245363,35.34773430442859,34.46655156764075,34.679907399460504,34.605562111527725
2010-05-31 08:35:02.820568052,34.98589970958108,35.34773259607423,34.46656184883023,34.679912626141586,34.6055775120794
2010-06-02 08:37:55.655134362,34.985894885166616,35.347731376745735,34.46657236673587,34.67991844450405,34.605593165920354
2010-06-04 08:40:48.489700672,34.98589056562547,35.34773053490976,34.46658312437299,34.679924896651876,34.60560904110193
2010-06-06 08:43:41.324266982,34.98588692775713,35.34772994745809,34.46659412559133,34.67993202568064,34.60562510108389
2010-06-08 08:46:34.158833292,34.985884158745336,35.347729479707624,34.46660537507501,34.67993987567746,34.60564130473447
2010-06-10 08:49:26.993399600,34.98588269863382,35.34772889426596,34.4666168921102,34.67994861014034,34.605657549452694
2010-06-12 08:52:19.827965910,34.98588288375507,35.34772798269027,34.46662869521015,34.679958346452004,34.60567373269435
2010-06-14 08:55:12.662532220,34.98588445764601,35.347726758585175,34.46664077264168,34.67996892008282,34.60568987494379
2010-06-16 08:58:05.497105700,34.98588716891457,35.34772523862209,34.46665311266459,34.67998017284389,34.60570599654193
2010-06-18 09:00:58.331672010,34.985890779338156,35.34772343952982,34.46666570396259,34.67999195680589,34.60572211591865
2010-06-20 09:03:51.166238320,34.98589506386357,35.3477213780946,34.466678535643354,34.68000413429905,34.60573824959283
2010-06-22 09:06:44.000804630,34.9858998106071,35.347719071160036,34.466691597238494,34.68001657791314,34.60575441217229
2010-06-24 09:09:36.835370940,34.98590482085442,35.34771653562716,34.466704878703574,34.680029170497534,34.605770616353816
2010-06-26 09:12:29.669937250,34.9859099090607,35.34771378845439,34.4667183704181,34.6800418051611,34.60578687292318
2010-06-28 09:15:22.504503560,34.985914902850496,35.34771084665756,34.466732063185525,34.68005438527232,34.60580319075512
2010-06-30 09:18:15.339069868,34.985919643017844,35.34770772730991,34.466745948233246,34.68006682445921,34.605819576813325
2010-07-02 09:21:08.173636178,34.9859239835262,35.347704447542064,34.466760017212614,34.680079046609336,34.605836036150464
2010-07-04 09:24:01.008202488,34.98592779150845,35.347701024542054,34.46677426219891,34.680090985869846,34.60585257190819
2010-07-06 09:26:53.842768798,34.98593094726695,35.347697475555336,34.46678867569138,34.68010258664742,34.6058691853171
2010-07-08 09:29:46.677335108,34.98593334427347,35.34769381788474,34.46680325061322,34.68011380360832,34.605885875696764
2010-07-10 09:32:39.511908588,34.98593488916923,35.347690068890515,34.46681798031154,34.68012460167835,34.605902640455724
2010-07-12 09:35:32.346474898,34.98593550176488,35.34768624599031,34.46683285855742,34.680134956042885,34.605919475091504
2010-07-14 09:38:25.181041208,34.98593511504052,35.34768236665918,34.46684787954589,34.68014485214684,34.60593637319058
2010-07-16 09:41:18.015607518,34.98593367514568,35.34767844842956,34.466863037895905,34.6801542856947,34.60595332642839
2010-07-18 09:44:10.850173828,34.985931141399334,35.34767450889134,34.466878328650395,34.68016326265052,34.605970324569356
2010-07-20 09:47:03.684740138,34.9859274862899,35.34767056569174,34.46689374727621,34.680171799237876,34.605987355466866
2010-07-22 09:49:56.519306448,34.98592269547524,35.34766663653546,34.466909289664166,34.68017992193995,34.60600440506327
2010-07-24 09:52:49.353872758,34.98591676778262,35.34766273918453,34.466924952129006,34.68018766749945,34.60602145738989
2010-07-26 09:55:42.188439068,34.98590971520879,35.34765889145844,34.46694073140944,34.68019508291865,34.60603849456702
2010-07-28 09:58:35.023005374,34.98590156291992,35.347655111234054,34.4669566246681,34.68020222545939,34.60605549680391
2010-07-30 10:01:27.857571684,34.985892349251614,35.34765141644564,34.46697262949158,34.680209162643045,34.6060724423988
2010-08-01 10:04:20.692137992,34.98588212570892,35.34764782508488,34.466988743890425,34.68021597225058,34.60608930773887
2010-08-03 10:07:13.526711476,34.98587095696633,35.34764435520085,34.467004966299115,34.6802227423225,34.606106067300296
2010-08-05 10:10:06.361277784,34.98585910463588,35.3476410734406,34.46702133445711,34.68022979754211,34.606122594803026
2010-08-07 10:12:59.195844096,34.98584694222794,35.34763797316797,34.46703788178637,34.68023746817473,34.60613876743408
2010-08-09 10:15:52.030410404,34.98583461845117,35.34763493142334,34.4670545797113,34.68024573289709,34.60615461727753
2010-08-11 10:18:44.864976716,34.985822272505914,35.347631830683504,34.46707140063595,34.68025456617397,34.60617017625935
2010-08-13 10:21:37.699543024,34.985810035295344,35.347628559346816,34.46708831824405,34.68026393995957,34.60618547539695
2010-08-15 10:24:30.534109336,34.98579802942548,35.34762501173317,34.46710530749902,34.680273823697554,34.60620054479916
2010-08-17 10:27:23.368675640,34.9857863692052,35.34762108808401,34.467122344643954,34.68028418432099,34.60621541366624
2010-08-19 10:30:16.203241952,34.985775160646206,35.34761669456232,34.46713940720165,34.68029498625243,34.60623011028986
2010-08-21 10:33:09.037808260,34.985764501463066,35.34761174325264,34.46715647397457,34.68030619140382,34.606244662053115
2010-08-23 10:36:01.872374572,34.985754481073165,35.34760615216106,34.46717352504488,34.680317759176596,34.60625909543054
2010-08-25 10:38:54.706940880,34.98574518059676,35.3475998452152,34.46719054177441,34.680329646461594,34.606273435988065
2010-08-27 10:41:47.541514364,34.98573667285694,35.347592752264234,34.4672075068047,34.6803418076391,34.60628770838306
2010-08-29 10:44:40.376080672,34.98572902237963,35.34758480907889,34.46722440405695,34.68035419457887,34.60630193636431
2010-08-31 10:47:33.210646984,34.98572228539363,35.34757595735144,34.46724121873206,34.68036675664005,34.60631614277203
2010-09-02 10:50:26.045213292,34.98571650983054,35.3475661446957,34.46725793731061,34.68037944067126,34.606330349537856
2010-09-04 10:53:18.879779604,34.98571173532484,35.34755532464703,34.46727454755288,34.68039219101056,34.60634457768483
2010-09-06 10:56:11.714345908,34.98570799321384,35.34754345666234,34.46729103849881,34.680404949485435,34.60635884732745
2010-09-08 10:59:04.548912220,34.9857053065377,35.347530506120094,34.46730740046803,34.68041765541282,34.60637317767159
2010-09-10 11:01:57.383478528,34.98570369003942,35.34751644432029,34.46732362505987,34.680430245599084,34.6063875870146
2010-09-12 11:04:50.218044840,34.985703150164845,35.34750124848448,34.467339705153336,34.68044265434005,34.60640209274521
2010-09-14 11:07:43.052611148,34.98570368506267,35.347484901755756,34.467355634907115,34.68045481342096,34.6064167113436
2010-09-16 11:10:35.887177460,34.98570528458442,35.34746739319877,34.467371409759586,34.680466652116515,34.60643145838134
2010-09-18 11:13:28.721743768,34.985707930284484,35.34744871779971,34.46738702642881,34.68047809719086,34.60644634852146
2010-09-20 11:16:21.556317252,34.985711595420085,35.34742887646631,34.46740248291254,34.680489072897544,34.60646139551839
2010-09-22 11:19:14.390883560,34.985716244951284,35.34740787602786,34.46741777848819,34.6804995009796,34.60647661221798
2010-09-24 11:22:07.225449872,34.98572183554101,35.347385729235185,34.467432913712884,34.680509300669485,34.606492010557524
2010-09-26 11:25:00.060016180,34.985728315555,35.34736245476067,34.46744789042343,34.68051838868909,34.60650760156572
2010-09-28 11:27:52.894582488,34.98573562752249,35.34733817310769,34.46746274321297,34.68052678927745,34.606523328825446
2010-09-30 11:30:45.729148796,34.985743725678965,35.34731321533132,34.467477572499654,34.680534785504314,34.60653899432229
2010-10-02 11:33:38.563715108,34.98575257355885,35.34728773352477,34.46749241729685,34.68054248146009,34.606554525785405
2010-10-04 11:36:31.398281416,34.98576213905246,35.3472618578032,34.467507309469184,34.680549963457125,34.60656986492278
2010-10-06 11:39:24.232847728,34.98577239441768,35.34723570663965,34.46752227718701,34.68055731138892,34.606584960197154
2010-10-08 11:42:17.067414036,34.98578331627992,35.34720938686516,34.46753734492641,34.68056459873007,34.606599766825966
2010-10-10 11:45:09.901980348,34.985794885632146,35.34718299366865,34.467552533469224,34.680571892536335,34.60661424678141
2010-10-12 11:48:02.736553828,34.98580708783487,35.347156610597004,34.467567859903006,34.68057925344459,34.60662836879038
2010-10-14 11:50:55.571120140,34.985819912616165,35.347130309555034,34.467583337621065,34.68058673567286,34.606642108334505
2010-10-16 11:53:48.405686448,34.985833354071616,35.34710415080548,34.467598976322435,34.68059438702028,34.606655447650134
2010-10-18 11:56:41.240252756,34.985847410664384,35.347078182969014,34.46761478201189,34.68060224886714,34.606668375728354
2010-10-20 11:59:34.074819064,34.98586208522517,35.34705244302426,34.467630756999945,34.680610356174846,34.60668088831496
2010-10-22 12:02:26.909385376,34.985877384952225,35.34702695630775,34.46764689990285,34.68061873748595,34.60669298791049
2010-10-24 12:05:19.743951684,34.98589332141133,35.347001736513974,34.4676632056426,34.680627414924125,34.6067046837702
2010-10-26 12:08:12.578517996,34.98590991053583,35.34697678569535,34.46767966544691,34.680636404194196,34.606715991904046
2010-10-28 12:11:05.413084304,34.98592717262662,35.346952094262214,34.46769626684924,34.6806457145821,34.60672693507675
2010-10-30 12:13:58.247650616,34.985945132352114,35.346927640982855,34.4677129936888,34.68065534895492,34.606737542807736
2010-11-01 12:16:51.082216924,34.98596381874831,35.34690339298349,34.46772982611051,34.68066530376086,34.60674785137116
2010-11-03 12:19:43.916783236,34.98598326521872,35.34687930574827,34.467746740565055,34.68067556902928,34.6067579037959
2010-11-05 12:22:36.751356716,34.98600350953443,35.34685532311927,34.467763709808835,34.680686128370645,34.60676774986556
2010-11-07 12:25:29.585923024,34.98602459383405,35.346831377296525,34.46778070290401,34.680696958976576,34.606777446118464
2010-11-09 12:28:22.420489332,34.986046564623756,35.34680738883797,34.46779768521846,34.68070803161981,34.606787055847676
2010-11-11 12:31:15.255055644,34.98606947277725,35.34678326665951,34.46781461842579,34.680719310654226,34.60679664910097
2010-11-13 12:34:08.089621952,34.9860933735358,35.34675890803495,34.46783146050539,34.68073075401483,34.606806302680845
2010-11-15 12:37:00.924188264,34.98611832650822,35.34673419859605,34.467848165742325,34.68074231321778,34.606816100144535
2010-11-17 12:39:53.758754572,34.98614439567085,35.346709012332504,34.46786468472744,34.680753933360336,34.606826131804
2010-11-19 12:42:46.593320884,34.98617163146935,35.34668324582878,34.46788097035415,34.680765581370096,34.60683647210317
2010-11-21 12:45:39.427887192,34.9861999616947,35.34665700567683,34.46789703747503,34.68077731098782,34.60684706113344
2010-11-23 12:48:32.262453504,34.986229303895534,35.34663038684311,34.4679129324479,34.68078905191566,34.606857852767604
2010-11-25 12:51:25.097019812,34.98625958268934,35.346603467867126,34.46792869672256,34.680800724704945,34.60686881074852
2010-11-27 12:54:17.931586124,34.98629072416629,35.3465763232069,34.46794436694089,34.68081225783315,34.6068799001207
2010-11-29 12:57:10.766159600,34.98632265588916,35.34654902323887,34.46795997493688,34.680823587703856,34.606891087230295
2010-12-01 13:00:03.600725912,34.98635530689342,35.346521634257996,34.46797554773659,34.680834658646766,34.60690233972509
2010-12-03 13:02:56.435292220,34.986388607687175,35.346494218477666,34.467991107558184,34.6808454229177,34.60691362655451
2010-12-05 13:05:49.269858532,34.98642249025117,35.34646683402975,34.46800667181191,34.68085584069862,34.606924917969614
2010-12-07 13:08:42.104424840,34.986456888038816,35.34643953496458,34.46802225310009,34.680865880097585,34.60693618552312
2010-12-09 13:11:34.938991152,34.98649173597616,35.34641237125097,34.468037859217155,34.6808755171488,34.60694740206936
2010-12-11 13:14:27.773557460,34.9865269704619,35.346385388776184,34.46805349314962,34.680884735812576,34.60695854176432
2010-12-13 13:17:20.608123772,34.986562529367404,35.34635862934598,34.46806915307608,34.68089352797534,34.60696958006563
2010-12-15 13:20:13.442690080,34.98659835203667,35.346332130684544,34.468084832367225,34.68090189344967,34.60698049373254
2010-12-17 13:23:06.277256392,34.98663437928635,35.34630592643456,34.46810051958584,34.68090983997424,34.606991260825964
2010-12-19 13:25:59.111822700,34.98667055340575,35.34628004615718,34.46811619848678,34.68091738321385,34.607001860708436
2010-12-21 13:28:51.946389012,34.986706818156826,35.346254515332014,34.468131848017016,34.680924546759435,34.60701227404413
2010-12-23 13:31:44.780962488,34.986743118774186,35.34622935535714,34.468147442315576,34.68093136212803,34.607022482798875
2010-12-25 13:34:37.615528800,34.98677940196507,35.3462045835491,34.46816295071361,34.680937868762804,34.60703247024012
2010-12-27 13:37:30.450095108,34.98681561590941,35.34618021314292,34.46817833773433,34.68094411403306,34.60704222093697
2010-12-29 13:40:23.284661420,34.98685171025973,35.34615625329208,34.468193563093045,34.68095015323421,34.607051720760154
2010-12-31 13:43:16.119227728,34.986887636141255,35.34613270906854,34.46820858169716,34.68095604958778,34.607060956882044
2011-01-02 13:46:08.953794039,34.98692334615184,35.346109581462706,34.46822334364617,34.68096187424143,34.60706991777667
2011-01-04 13:49:01.788360349,34.98695879436198,35.34608686738348,34.46823779423164,34.680967706268945,34.607078593219676
2011-01-06 13:51:54.622926658,34.986993936314846,35.3460645596582,34.46825187393724,34.68097363267023,34.60708697428836
2011-01-08 13:54:47.457492968,34.987028729026235,35.34604264703272,34.46826551843873,34.6809797483713,34.60709505336165
2011-01-10 13:57:40.292059278,34.987063101275865,35.346021122998785,34.46827865937247,34.68098616066328,34.60710277774414
2011-01-12 14:00:33.126625588,34.98709687673817,35.34600001578881,34.46829125044201,34.6809929650269,34.60710991851245
2011-01-14 14:03:25.961191898,34.98713011395436,35.34597929321605,34.46830327653925,34.68100016790142,34.607116593698564
2011-01-16 14:06:18.795765378,34.98716290526346,35.34595891330651,34.46831472658287,34.681007764631225,34.60712297008137
2011-01-18 14:09:11.630331687,34.98719533758155,35.345938835170074,34.46832559181608,34.6810157493454,34.60712920325192
2011-01-20 14:12:04.464897997,34.987227492401736,35.34591901900043,34.46833586580676,34.68102411495776,34.6071354376134
2011-01-22 14:14:57.299464307,34.98725944579418,35.345899426075164,34.468345544447324,34.68103285316684,34.607141806381165
2011-01-24 14:17:50.134030617,34.98729126840608,35.34588001875565,34.46835462595481,34.6810419544559,34.6071484315827
2011-01-26 14:20:42.968596927,34.98732302546169,35.345860760487156,34.46836311087085,34.68105140809291,34.60715542405768
2011-01-28 14:23:35.803163237,34.9873547767623,35.345841615798754,34.468371002061666,34.681061202130586,34.607162883457896
2011-01-30 14:26:28.637729546,34.98738657668624,35.34582255030339,34.46837830471809,34.68107132340632,34.607170898247304
2011-02-01 14:29:21.472295856,34.98741847418888,35.345803530697836,34.46838502635552,34.68108175754228,34.60717954570202
2011-02-03 14:32:14.306862166,34.987450512802646,35.345784524762735,34.46839117681398,34.68109248894531,34.6071888919103
2011-02-05 14:35:07.141428475,34.987482730637005,35.345765501362536,34.46839676825808,34.681103500807,34.607198991772556
2011-02-07 14:37:59.975994785,34.98751516037846,35.34574643044557,34.46840181517702,34.681114775103644,34.60720988900137
2011-02-09 14:40:52.810568265,34.987547829290556,35.34572728304399,34.4684063343846,34.68112629259628,34.60722161612145
2011-02-11 14:43:45.645134575,34.98758075921389,35.3457080312738,34.46841034501922,34.68113803283065,34.60723419446966
2011-02-13 14:46:38.479700885,34.9876139665661,35.345688648334864,34.46841386854388,34.68114997413722,34.60724763419504
2011-02-15 14:49:31.314267195,34.987647462341876,35.345669108510855,34.468416928746144,34.68116209363118,34.607261934258766
2011-02-17 14:52:24.148833505,34.98768125211293,35.345649387169324,34.46841955173822,34.681174367212435,34.60727708243415
2011-02-19 14:55:16.983399815,34.987715336028025,35.34562946076166,34.468421765956876,34.68118676956561,34.607293055306684
2011-02-21 14:58:09.817966124,34.987749708812984,35.34560930682308,34.46842360216348,34.68119927416007,34.607309818274004
2011-02-23 15:01:02.652532434,34.987784359770664,35.34558890397267,34.468425093444026,34.681211853249884,34.607327325545896
2011-02-25 15:03:55.487098744,34.98781927278095,35.34556823191334,34.46842627520906,34.68122447787384,34.60734552014429
2011-02-27 15:06:48.321665053,34.98785442630079,35.34554727143186,34.46842718519376,34.68123711785545,34.607364333903284
2011-03-01 15:09:41.156231363,34.987889793364175,35.345526004398835,34.46842786345787,34.68124974180296,34.607383687469124
2011-03-03 15:12:33.990797673,34.98792534158213,35.34550441376873,34.46842835238576,34.681262317109315,34.60740349030019
2011-03-05 15:15:26.825371154,34.987961033142724,35.34548248357983,34.46842869668637,34.6812748099522,34.60742364066706
2011-03-07 15:18:19.659937463,34.98799682481107,35.34546019895428,34.46842894339324,34.68128718529401,34.6074440256524
2011-03-09 15:21:12.494503773,34.98803266792933,35.345437546098076,34.46842914186453,34.68129940688187,34.60746452115108
2011-03-11 15:24:05.329070083,34.98806852163891,35.345414490143845,34.468429342343086,34.681311445298405,34.607484980449755
2011-03-13 15:26:58.163636392,34.98810448413051,35.34539076578598,34.468429567890546,34.681323370967185,34.60750515688835
2011-03-15 15:29:50.998202702,34.988140446910236,35.345366474420125,34.46842983481776,34.681335157882955,34.607525055816396
2011-03-17 15:32:43.832769012,34.98817623776699,35.34534182987683,34.46843016308076,34.68134674353448,34.60754475277809
2011-03-19 15:35:36.667335321,34.98821169512535,35.345317031364466,34.468430571909444,34.681358070448695,34.60756432027977
2011-03-21 15:38:29.501901631,34.98824666804552,35.3452922634693,34.468431079807544,34.68136908619069,34.60758382778989
2011-03-23 15:41:22.336467941,34.98828101622337,35.34526769615541,34.46843170455266,34.68137974336371,34.607603341739015
2011-03-25 15:44:15.171034250,34.98831460999041,35.34524348476477,34.46843246319625,34.68138999960918,34.60762292551984
2011-03-27 15:47:08.005600560,34.98834733031382,35.345219770017195,34.46843337206363,34.68139981760667,34.60764263948719
2011-03-29 15:50:00.840174041,34.98837906879642,35.345196678010346,34.46843444675397,34.68140916507392,34.60766254095799
2011-03-31 15:52:53.674740351,34.988409727676675,35.345174320219755,34.4684357021403,34.68141801476685,34.607682684211284
2011-04-02 15:55:46.509306660,34.98843921982872,35.345152793498805,34.4684371523695,34.681426344479505,34.60770312048826
2011-04-04 15:58:39.343872970,34.98846746876233,35.34513218007873,34.46843881086233,34.68143413704413,34.6077238979922
2011-04-06 16:01:32.178439280,34.98849440862294,35.345112547568625,34.46844069031338,34.681441380331115,34.60774506188853
2011-04-08 16:04:25.013005590,34.98851998419162,35.34509394895545,34.46844280269111,34.681448067249015,34.60776665430478
2011-04-10 16:07:17.847571900,34.98854415088512,35.345076422604,34.468445159237824,34.68145419574455,34.60778871433061
2011-04-12 16:10:10.682138208,34.988566874755804,35.34505999225695,34.468447770469716,34.6814597688026,34.607811278017785
2011-04-14 16:13:03.516704518,34.98858813249173,35.345044667034806,34.4684506461768,34.68146479444621,34.607834378380204
2011-04-16 16:15:56.351270828,34.98860791141657,35.34503044143595,34.46845379542297,34.68146928573658,34.6078580453939
2011-04-18 16:18:49.185837138,34.98862620948968,35.34501729533662,34.46845722654597,34.68147326077309,34.60788230599698
2011-04-20 16:21:42.020410618,34.98864303530605,35.345005193990886,34.4684609471574,34.68147674269327,34.607907184089726
2011-04-22 16:24:34.854976928,34.98865840809631,35.34499408803072,34.468464964142726,34.68147975967281,34.6079327005345
2011-04-24 16:27:27.689543238,34.98867235772678,35.34498391346589,34.468469283661264,34.681482344925584,34.60795887315581
2011-04-26 16:30:20.524109548,34.98868492469939,35.34497459168408,34.46847391114618,34.68148453670359,34.60798571674026
2011-04-28 16:33:13.358675858,34.988696160151754,35.34496602945078,34.4684788513045,34.68148637829704,34.6080132430366
2011-04-30 16:36:06.193242168,34.98870612585712,35.344958118909375,34.46848410811714,34.68148791803426,34.60804146075569
2011-05-02 16:38:59.027808476,34.988714894224394,35.34495073758108,34.46848968483882,34.681489209281764,34.608070375570506
2011-05-04 16:41:51.862374786,34.98872254829813,35.34494374836498,34.46849558399815,34.68149031044423,34.60809999011614
2011-05-06 16:44:44.696941096,34.988729181758536,35.344936999538014,34.468501807397594,34.681491284964494,34.60813030398982
2011-05-08 16:47:37.531507406,34.98873489892148,35.34493032475497,34.46850835611347,34.68149220132355,34.60816131375088
2011-05-10 16:50:30.366073716,34.988739811383574,35.34492353983796,34.468515230103456,34.681493132831875,34.60819301379658
2011-05-12 16:53:23.200640026,34.98874384790524,35.344916309057076,34.468522409701315,34.68149413345102,34.608225432336674
2011-05-14 16:56:16.035213506,34.988747088768214,35.3449085765753,34.46852990298388,34.68149523086966,34.60825851631349
2011-05-16 16:59:08.869779816,34.98874974342846,35.344900443120665,34.46853773468764,34.681496452448584,34.60829217162931
2011-05-18 17:02:01.704346126,34.9887520064897,35.34489200249589,34.46854592730698,34.681497822970805,34.60832630862584
2011-05-20 17:04:54.538912436,34.98875405770343,35.34488334157835,34.468554501094225,34.68149936464152,34.60836084208428
2011-05-22 17:07:47.373478746,34.988756061968935,35.3448745403201,34.46856347405963,34.68150109708815,34.60839569122527
2011-05-24 17:10:40.208045054,34.98875816933322,35.344865671747854,34.46857286197137,34.681503037360336,34.60843077970888
2011-05-26 17:13:33.042611364,34.98876051499108,35.34485680196301,34.46858267835552,34.6815051999299,34.608466035634684
2011-05-28 17:16:25.877177674,34.98876321928508,35.34484799014162,34.468592934496115,34.68150759669089,34.60850139154167
2011-05-30 17:19:18.711743984,34.988766387705546,35.34483928853442,34.4686036394351,34.68151023695957,34.60853678440832
2011-06-01 17:22:11.546310294,34.98877011089057,35.3448307424668,34.468614799972336,34.681513127474396,34.60857215565254
2011-06-03 17:25:04.380876604,34.988774464626005,35.34482239033882,34.46862642066561,34.681516272396046,34.608607451131704
2011-06-05 17:27:57.215442912,34.98877950984547,35.344814263625224,34.46863850383064,34.681519673307406,34.60864262114264
2011-06-07 17:30:50.050016394,34.98878529263037,35.34480638687541,34.468651049541066,34.681523329213555,34.60867762042165
2011-06-09 17:33:42.884582704,34.98879184420984,35.34479877771346,34.468664055628444,34.681527236541804,34.60871240814447
2011-06-11 17:36:35.719149014,34.98879918096081,35.344791446838116,34.468677517682266,34.68153138914166,34.60874694792629
2011-06-13 17:39:28.553715322,34.98880730440797,35.34478439802278,34.46869142904994,34.68153577828485,34.60878120782178
2011-06-15 17:42:21.388281632,34.98881620122377,35.344777628115544,34.46870578083681,34.68154039266529,34.608815160325044
2011-06-17 17:45:14.222847942,34.98882584322842,35.34477112703915,34.46872056190612,34.68154521839912,34.608848782369655
2011-06-19 17:48:07.057414252,34.98883618738991,35.34476487779103,34.46873575887905,34.68155023902469,34.608882055328635
2011-06-21 17:50:59.891980562,34.98884717582399,35.34475885644326,34.46875135613472,34.68155543550256,34.60891496501447
2011-06-23 17:53:52.726546872,34.988858735794174,35.344753032142606,34.46876733581014,34.681560786215485,34.60894750167909
2011-06-25 17:56:45.561113180,34.98887077971175,35.34474736711049,34.46878367780029,34.681566266968446,34.60897966001389
2011-06-27 17:59:38.395679490,34.98888320513576,35.344741816643015,34.46880035975802,34.68157185098862,34.60901143914972
2011-06-29 18:02:31.230245800,34.988895894773016,35.344736329110944,34.46881735709415,34.6815775089254,34.60904284265688
2011-07-01 18:05:24.064819282,34.98890871647809,35.34473084595971,34.4688346429774,34.6815832088504,34.60907387854515
2011-07-03 18:08:16.899385590,34.988921523253346,35.344725301709424,34.46885218833442,34.68158891625741,34.609104559263734
2011-07-05 18:11:09.733951900,34.9889340235313,35.34471939265583,34.46886994460955,34.68159461185219,34.60913487383536
2011-07-07 18:14:02.568518210,34.98894591347501,35.34471277041202,34.46888785956362,34.68160028669742,34.60916483828215
2011-07-09 18:16:55.403084520,34.98895713563106,35.34470549282592,34.46890591248127,34.681605908686954,34.60919453362
2011-07-11 18:19:48.237650830,34.98896764239411,35.344697620615676,34.46892408406498,34.681611448649676,34.609224035416815
2011-07-13 18:22:41.072217140,34.98897739360489,35.34468921320533,34.4689423561228,34.681616880639744,34.609253413179
2011-07-15 18:25:33.906783450,34.98898635655028,35.34468032872487,34.46896071156837,34.681622181936525,34.60928273035142
2011-07-17 18:28:26.741349760,34.98899450596324,35.34467102401021,34.468979134420906,34.68162733304465,34.60931204431741
2011-07-19 18:31:19.575916070,34.98900182402287,35.34466135460318,34.468997609805186,34.68163231769401,34.6093414063988
2011-07-21 18:34:12.410482380,34.98900830035435,35.34465137475154,34.469016123951576,34.6816371228397,34.60937086185586
2011-07-23 18:37:05.245048686,34.98901393202898,35.34464113740897,34.46903466419604,34.681641738662094,34.60940044988735
2011-07-25 18:39:58.079622168,34.98901872356419,35.34463069423507,34.46905321898007,34.6816461585668,34.60943020363052
2011-07-27 18:42:50.914188478,34.98902268692349,35.34462009559538,34.469071777850786,34.68165037918466,34.60946015016105
2011-07-29 18:45:43.748754788,34.98902584151653,35.34460939056136,34.46909033146086,34.68165440037178,34.609490310493136
2011-07-31 18:48:36.583321100,34.98902821419904,35.344598626910376,34.46910887156855,34.68165822520948,34.60952069957943
2011-08-02 18:51:29.417887408,34.989029839272874,35.34458785112574,34.46912739103768,34.68166186000437,34.60955132631105
2011-08-04 18:54:22.252453720,34.98903075848602,35.34457710839667,34.46914588383766,34.68166531428825,34.6095821935176
2011-08-06 18:57:15.087020028,34.989031021032524,35.34456644261834,34.46916434504349,34.68166860081822,34.60961329796715
2011-08-08 19:00:07.921586340,34.9890306835526,35.34455589639181,34.469182770835715,34.681671735576586,34.60964463036624
2011-08-10 19:03:00.756152648,34.98902981013253,35.344545511024094,34.46920115850049,34.6816747377709,34.609676175359894
2011-08-12 19:05:53.590718956,34.989028472304724,35.34453532652812,34.46921950642953,34.68167762983398,34.60970791153159
2011-08-14 19:08:46.425285264,34.9890267490477,35.344525381622724,34.46923781412014,34.681680437423864,34.609739811403315
2011-08-16 19:11:39.259851576,34.989024726786084,35.34451571373269,34.469256082175185,34.68168318942386,34.60977184143548
2011-08-18 19:14:32.094425056,34.98902249939062,35.344506358988724,34.46927431230312,34.68168591794249,34.60980396202701
2011-08-20 19:17:24.928991368,34.98902016817815,35.34449735222745,34.46929250731798,34.681688658313554,34.60983612751528
2011-08-22 19:20:17.763557676,34.98901784191164,35.344488726991415,34.46931067113937,34.68169144909607,34.60986828617615
2011-08-24 19:23:10.598123988,34.989015636800154,35.34448051552909,34.469328808792476,34.68169433207431,34.60990038022395
2011-08-26 19:26:03.432690296,34.98901367649887,35.34447274879488,34.46934692640806,34.68169735225779,34.60993234581148
2011-08-28 19:28:56.267256608,34.989012050844295,35.34446534758345,34.46936503001252,34.68170057619338,34.60996406973159
2011-08-30 19:31:49.101822916,34.98901069473571,35.344457865399065,34.46938311484486,34.68170412217184,34.609995292685255
2011-09-01 19:34:41.936389224,34.989009618620564,35.34445013198385,34.46940117037311,34.681708044989165,34.61002587313637
2011-09-03 19:37:34.770955532,34.98900884236369,35.34444202354629,34.469419186318675,34.681712386454805,34.61005569440997
2011-09-05 19:40:27.605521844,34.98900838395713,35.34443343027299,34.469437152678935,34.68171718142941,34.61008465162372
2011-09-07 19:43:20.440088152,34.989008259520105,35.34442425632866,34.46945505972723,34.68172245782485,34.61011265168791
2011-09-09 19:46:13.274654464,34.989008483299024,35.344414419856115,34.469472898012874,34.6817282366042,34.61013961330548
2011-09-11 19:49:06.109227944,34.989009067667496,35.344403852976285,34.46949065836113,34.681734531781764,34.610165466971964
2011-09-13 19:51:58.943794256,34.98901002312628,35.34439250178822,34.46950833187324,34.68174135042304,34.61019015497554
2011-09-15 19:54:51.778360564,34.989011358303365,35.34438032636908,34.46952590992643,34.68174869264476,34.61021363139704
2011-09-17 19:57:44.612926876,34.98901307995391,35.34436730077414,34.46954338417387,34.681756551614846,34.610235862109874
2011-09-19 20:00:37.447493184,34.98901519296024,35.344353413036785,34.46956074654469,34.681764913552456,34.61025682478013
2011-09-21 20:03:30.282059496,34.98901770033189,35.3443386651685,34.469577989244,34.681773757727946,34.6102765088665
2011-09-23 20:06:23.116625800,34.98902060320559,35.34432307315891,34.4695951047529,34.68178305646288,34.610294915620294
2011-09-25 20:09:15.951192112,34.98902390084524,35.34430666697573,34.46961208582841,34.68179277513007,34.61031205808548
2011-09-27 20:12:08.785758420,34.98902759064192,35.344289490564805,34.46962892550355,34.68180287215349,34.61032796109864
2011-09-29 20:15:01.620324732,34.98903166811391,35.34427160185007,34.469645617087295,34.681813299008354,34.610342661288975
2011-10-01 20:17:54.454891040,34.98903612690668,35.344253072733586,34.469662154164595,34.681824000221106,34.61035620707833
2011-10-03 20:20:47.289457352,34.989040958792884,35.344233989095535,34.469678530596354,34.68183491336937,34.61036865868117
2011-10-05 20:23:40.124030832,34.989046153672355,35.3442144507942,34.46969474051946,34.681845969082,34.6103800881046
2011-10-07 20:26:32.958597144,34.989051699572116,35.344194571665966,34.469710778346744,34.68185709103906,34.61039057914833
2011-10-09 20:29:25.793163452,34.98905758264638,35.344174479525364,34.46972663876703,34.68186819597184,34.610400227404725
2011-10-11 20:32:18.627729764,34.98906378717655,35.34415431616501,34.46974231674509,34.681879193662816,34.61040914025877
2011-10-13 20:35:11.462296068,34.9890702955712,35.34413423735563,34.46975780752167,34.6818899869457,34.61041743688807
2011-10-15 20:38:04.296862380,34.989077088366116,35.34411441284609,34.46977310661349,34.681900471705404,34.61042524826287
2011-10-17 20:40:57.131428688,34.98908414422424,35.34409502636334,34.46978820981322,34.681910536878064,34.61043271714603
2011-10-19 20:43:49.965995000,34.98909144008209,35.344076270052355,34.46980311208974,34.681920068202764,34.61043999353883
2011-10-21 20:46:42.800561308,34.98909898338629,35.34405811816525,34.46981779883276,34.681929083113594,34.61044706309723
2011-10-23 20:49:35.635127620,34.98910685069097,35.34404042574978,34.469832321837586,34.68193763620249,34.61045384958229
2011-10-25 20:52:28.469693928,34.989115123049764,35.34402309288933,34.46984674921736,34.681945749228156,34.61046031777387
2011-10-27 20:55:21.304267412,34.98912387602319,35.34400602743949,34.46986114299953,34.681953443694965,34.61046643719326
2011-10-29 20:58:14.138833720,34.9891331796787,35.343989145028026,34.46987555912586,34.68196074085298,34.610472182103166
2011-10-31 21:01:06.973400032,34.98914309859064,35.34397236905491,34.469890047452466,34.68196766169793,34.61047753150771
2011-11-02 21:03:59.807966336,34.98915369184026,35.34395563069229,34.46990465174975,34.68197422697123,34.610482469152444
2011-11-04 21:06:52.642532648,34.989165013015736,35.34393886888451,34.46991940970247,34.68198045715996,34.610486983524325
2011-11-06 21:09:45.477098956,34.98917711021215,35.343922030348104,34.469934352909696,34.68198637249688,34.61049106785175
2011-11-08 21:12:38.311665268,34.98919002603147,35.34390506957179,34.469949506884824,34.681991992960434,34.610494720104505
2011-11-10 21:15:31.146231576,34.98920379758261,35.34388794881649,34.46996489105557,34.68199733827474,34.61049794299383
2011-11-12 21:18:23.980797888,34.989218456481375,35.34387063811529,34.46998051876398,34.68200242790958,34.61050074397236
2011-11-14 21:21:16.815364196,34.98923402885046,35.34385311527349,34.469996397266435,34.68200728108044,34.61050313523416
2011-11-16 21:24:09.649930508,34.98925053531951,35.34383536586857,34.47001252773362,34.68201191674844,34.61050513371472
2011-11-18 21:27:02.484496816,34.989267991025045,35.34381738325021,34.47002890525055,34.68201635362043,34.61050676109093
2011-11-20 21:29:55.319070300,34.98928640561051,35.34379916854025,34.47004551881658,34.68202061014889,34.61050804378113
2011-11-22 21:32:48.153636608,34.98930578322625,35.34378073063276,34.47006235134537,34.682024704532004,34.610509012945045
2011-11-24 21:35:40.988202916,34.98932612252953,35.34376208619397,34.47007937966492,34.68202865471361,34.610509704483846
2011-11-26 21:38:33.822769224,34.98934741668452,35.34374325966231,34.47009657451753,34.68203247838325,34.61051015904012
2011-11-28 21:41:26.657335536,34.989369653362296,35.3437242832484,34.47011390055986,34.68203619297613,34.61051042199785
2011-11-30 21:44:19.491901844,34.98939281474084,35.34370519693504,34.47013131636287,34.68203981567311,34.61051054348248
2011-12-02 21:47:12.326468156,34.98941687750505,35.343686048477245,34.47014877441185,34.682043363400766,34.61051057836083
2011-12-04 21:50:05.161034464,34.989441812846735,35.343666893402194,34.47016622110641,34.682046852831334,34.61051058624117
2011-12-06 21:52:57.995600776,34.98946758646461,35.34364779500927,34.470183596760506,34.68205030038271,34.61051063147318
2011-12-08 21:55:50.830167084,34.98949419846815,35.3436288473352,34.470200831427334,34.6820537104186,34.61051079544781
2011-12-10 21:58:43.664733396,34.9895218048716,35.34361021991807,34.4702178508059,34.68205703859732,34.61051119684529
2011-12-12 22:01:36.499299704,34.98955028724232,35.343591888541944,34.47023463639201,34.6820603194942,34.610511844498745
2011-12-14 22:04:29.333873184,34.98957948886081,35.34357380170634,34.470251177399724,34.68206359852455,34.610512731320696
2011-12-16 22:07:22.168439492,34.98960926283699,35.34355591094015,34.4702674637511,34.68206691783174,34.610513850938474
2011-12-18 22:10:15.003005804,34.98963947211015,35.34353817080162,34.47028348607611,34.68207031628721,34.61051519769428
2011-12-20 22:13:07.837572112,34.98966998944895,35.34352053887837,34.470299235712744,34.68207382949046,34.61051676664515
2011-12-22 22:16:00.672138424,34.989700697451454,35.343502975787395,34.47031470470691,34.68207748976906,34.61051855356294
2011-12-24 22:18:53.506704732,34.98973148854511,35.34348544517504,34.4703298858125,34.68208132617861,34.61052055493436
2011-12-26 22:21:46.341271044,34.989762264986744,35.34346791371704,34.47034477249136,34.682085364502804,34.61052276796098
2011-12-28 22:24:39.175837352,34.989792938862564,35.34345035111848,34.470359358913306,34.6820896272534,34.61052519055917
2011-12-30 22:27:32.010403664,34.98982343208819,35.34343273011382,34.470373639956115,34.68209413367018,34.61052782136018
2012-01-01 22:34:06.830846602,34.98985367640858,35.34341502646687,34.470387611205524,34.682098899721026,34.61053065971008
2012-01-03 22:44:53.563589805,34.98988361339813,35.34339721897084,34.470401268955236,34.682103938101875,34.61053370566977
2012-01-05 22:55:40.296333009,34.98991319446058,35.34337928944829,34.47041461020691,34.6821092582367,34.61053696001503
2012-01-07 23:06:27.029083403,34.98994238082907,35.343361222751135,34.47042763267018,34.68211486627757,34.61054042423645
2012-01-09 23:17:13.761826607,34.98997114356614,35.34334300676068,34.470440334762635,34.6821207651046,34.61054410053945
2012-01-11 23:28:00.494569811,34.989999463563684,35.343324632387585,34.470452715609824,34.68212695432595,34.61054799184433
2012-01-13 23:38:47.227313014,34.99002733154302,35.34330609357187,34.470464775045265,34.68213343027787,34.61055210178619
2012-01-15 23:49:33.960056218,34.99005474805481,35.34328738728294,34.47047651361043,34.68214018602467,34.610556434715
2012-01-18 00:00:20.692799422,34.990081723479136,35.34326851351957,34.47048793255477,34.68214721135869,34.61056099569556
2012-01-20 00:11:07.425542626,34.990108278025446,35.34324947530987,34.47049903383568,34.68215449280037,34.6105657905075
2012-01-22 00:21:54.158285829,34.99013444173258,35.343230278711346,34.47050982011854,34.68216201359819,34.61057082564531
2012-01-24 00:32:40.891029033,34.99016025446876,35.34321093281087,34.470520294776655,34.68216975372869,34.61057610831832
2012-01-26 00:43:27.623772237,34.9901857659316,35.343191449724664,34.47053046189134,34.68217768989648,34.610581646450676
2012-01-28 00:54:14.356515441,34.99021103564809,35.343171844598345,34.47054032625185,34.68218579553424,34.61058744868139
2012-01-30 01:05:01.089258644,34.99023613297461,35.34315213560687,34.47054989335539,34.682194040802685,34.61059352436431
2012-02-01 01:15:47.822009038,34.99026113709692,35.34313234395458,34.470559169407146,34.68220239259062,34.61059988356812
2012-02-03 01:26:34.554752242,34.99028613703018,35.343112493875175,34.47056816132026,34.682210814514896,34.610606537076336
2012-02-05 01:37:21.287495446,34.990311461891345,35.343092731528635,34.4705769059979,34.68221921748213,34.610613551502404
2012-02-07 01:48:08.020238650,34.990337538703024,35.34307327276066,34.470585433149104,34.68222748840538,34.61062103071086
2012-02-09 01:58:54.752981853,34.99036429685168,35.34305409387003,34.470593697494394,34.68223561987001,34.61062897112803
2012-02-11 02:09:41.485725057,34.99039165569011,35.34303516846903,34.47060165735449,34.68224360754052,34.61063736713782
2012-02-13 02:20:28.218468261,34.990419534878654,35.34301647265413,34.470609276140195,34.6822514479606,34.610646213430506
2012-02-15 02:31:14.951211465,34.990447854385195,35.34299798500598,34.47061652235234,34.6822591385532,34.61065550500276
2012-02-17 02:42:01.683954668,34.990476534485154,35.342979686589416,34.470623369581816,34.682266677620476,34.610665237157626
2012-02-19 02:52:48.416697873,34.9905054957615,35.34296156095346,34.47062979650957,34.68227406434382,34.61067540550455
2012-02-21 03:03:35.149441076,34.990534659104725,35.3429435941313,34.4706357869066,34.68228129878386,34.610686005959344
2012-02-23 03:14:21.882184280,34.99056394571287,35.34292577464031,34.47064132963394,34.68228838188045,34.61069703474421
2012-02-25 03:25:08.614934674,34.99059327709153,35.342908093482045,34.47064641864271,34.68229531545265,34.61070848838775
2012-02-27 03:35:55.347677877,34.99062257505382,35.34289054414226,34.47065105297405,34.68230210219877,34.61072036372493
2012-02-29 03:46:42.080421082,34.9906517617204,35.34287312259086,34.47065523675916,34.68230874569635,34.61073265789711
2012-03-02 03:57:28.813164285,34.990680759519485,35.34285582728195,34.4706589792193,34.68231525040215,34.610745368352035
2012-03-04 04:08:15.545907489,34.99070949118681,35.34283865915381,34.47066229466579,34.68232162165214,34.610758492843836
2012-03-06 04:19:02.278650693,34.99073787976567,35.34282162162891,34.47066520249998,34.682327865661556,34.610772029433015
2012-03-08 04:29:49.011393896,34.99076584860687,35.342804720613884,34.47066772721328,34.68233398952483,34.610785976486476
2012-03-10 04:40:35.744137100,34.9907933213688,35.342787964499564,34.47066989838716,34.682340001215636,34.6108003326775
2012-03-12 04:51:22.476880304,34.99082022201735,35.342771364160946,34.470671750693135,34.68234590958688,34.61081509698576
2012-03-14 05:02:09.209623507,34.990846474825965,35.34275493295723,34.47067332389277,34.68235172437067,34.61083026869729
2012-03-16 05:12:55.942366712,34.990872004375646,35.342738686731764,34.470674662837695,34.68235745617838,34.61084584740455
2012-03-18 05:23:42.675109915,34.990896735554905,35.34272264381212,34.470675817469576,34.68236311650058,34.61086183300633
2012-03-20 05:34:29.407860309,34.990920593559814,35.34270682501001,34.47067684282013,34.68236871770709,34.61087822570786
2012-03-22 05:45:16.140603513,34.99094350389399,35.342691253621354,34.470677799011156,34.68237427304694,34.61089502602072
2012-03-24 05:56:02.873346716,34.990965392368565,35.34267595542624,34.470678751254475,34.6823797966484,34.61091223476288
2012-03-26 06:06:49.606089920,34.99098618510224,35.34266095868894,34.470679769851955,34.68238530351896,34.6109298530587
2012-03-28 06:17:36.338833124,34.99100580852123,35.34264629415791,34.47068093019554,34.682390809545346,34.61094788233893
2012-03-30 06:28:23.071576328,34.991024189359315,35.34263199506579,34.470682312767224,34.6823963314935,34.61096632434068
2012-04-01 06:39:09.804319532,34.99104126247334,35.34261810514082,34.47068400964415,34.68240188762855,34.610985180475375
2012-04-03 06:49:56.537062735,34.99105731525015,35.3426049959044,34.47068637485911,34.68240750854435,34.611004438930124
2012-04-05 07:00:43.269805939,34.99107252477529,35.342592822889486,34.47068956704569,34.682413170137494,34.61102413815685
2012-04-07 07:11:30.002549144,34.99108689505143,35.342581542847434,34.47069357764649,34.68241882860782,34.61104433366863
2012-04-09 07:22:16.735292347,34.99110043266128,35.34257111139273,34.47069839472896,34.68242444274704,34.61106507604403
2012-04-11 07:33:03.468035551,34.99111314676756,35.34256148300291,34.47070400298534,34.682429973938696,34.61108641092708
2012-04-13 07:43:50.200785944,34.99112504911305,35.34255261101862,34.47071038373271,34.68243538615821,34.611108379027286
2012-04-15 07:54:36.933529148,34.99113615402052,35.34254444764357,34.47071751491294,34.682440645972854,34.61113101611963
2012-04-17 08:05:23.666272352,34.9911464783928,35.34253694394458,34.47072537109276,34.682445722541765,34.61115435304458
2012-04-19 08:16:10.399015556,34.99115604171272,35.34253004985153,34.47073392346369,34.682450587615925,34.611178415708075
2012-04-21 08:26:57.131758758,34.99116486604316,35.34252371415741,34.47074313984207,34.682455215538184,34.61120322508151
2012-04-23 08:37:43.864501962,34.99117297602701,35.34251788451827,34.47075298466907,34.68245958324325,34.61122879720179
2012-04-25 08:48:30.597245166,34.99118039888719,35.34251250745328,34.470763419010666,34.68246367025769,34.611255143171256
2012-04-27 08:59:17.329988370,34.99118716442666,35.342507528344655,34.470774400557666,34.68246745869992,34.61128226915776
2012-04-29 09:10:04.062731574,34.9911933050284,35.342502891437725,34.47078588362569,34.68247093328022,34.6113101763946
2012-05-01 09:20:50.795474778,34.99119885565541,35.34249853984089,34.47079781915517,34.68247408130073,34.61133886118058
2012-05-03 09:31:37.528217982,34.991203853850735,35.34249441552564,34.47081015471138,34.68247689265546,34.61136831487995
2012-05-05 09:42:24.260968376,34.99120833973742,35.34249045932657,34.47082283448437,34.68247935983024,34.611398523922446
2012-05-07 09:53:10.993711580,34.991212356018565,35.34248661094132,34.47083579928906,34.682481477902805,34.611429469803284
2012-05-09 10:03:57.726454784,34.99121594797729,35.34248280893065,34.47084898656515,34.682483244542716,34.61146112908315
2012-05-11 10:14:44.459197986,34.99121916347672,35.34247899071839,34.47086233037717,34.6824846600114,34.61149347338821
2012-05-13 10:25:31.191941190,34.99122205296005,35.342475092591464,34.47087576141448,34.682485727162145,34.6115264694101
2012-05-15 10:36:17.924684394,34.99122466945045,35.34247104969987,34.470889206991245,34.682486451440106,34.61156007890594
2012-05-17 10:47:04.657427598,34.991227068551176,35.342466796056705,34.47090259104645,34.682486840882284,34.61159425869831
2012-05-19 10:57:51.390170802,34.99122930844546,35.342462264538135,34.470915834143916,34.68248690611753,34.611628960675276
2012-05-21 11:08:38.122914006,34.99123144989659,35.34245738688343,34.47092885347225,34.68248666036658,34.61166413179038
2012-05-23 11:19:24.855657208,34.99123355624787,35.34245209369494,34.47094156284491,34.682486119442,34.61169971406263
2012-05-25 11:30:11.588400412,34.99123569342264,35.342446314438085,34.47095387270014,34.68248530174822,34.61173564457653
2012-05-27 11:40:58.321143616,34.991237930086044,35.342439977799444,34.47096569044302,34.68248422837496,34.61177185540252
2012-05-29 11:51:45.053894012,34.99124044286222,35.34243323474571,34.470977129896276,34.68248298497406,34.61180821746744
2012-05-31 12:02:31.786637214,34.99124346664376,35.3424263404689,34.470988391231465,34.682481697514,34.61184455541468
2012-06-02 12:13:18.519380418,34.99124716109545,35.342419416132394,34.47099954723063,34.68248045438618,34.61188072925243
2012-06-04 12:24:05.252123622,34.991251660839644,35.34241257198933,34.47101066435697,34.68247933474828,34.61191661383991
2012-06-06 12:34:51.984866826,34.99125707545624,35.342405907382584,34.471021802754876,34.68247840852428,34.611952098887286
2012-06-08 12:45:38.717610030,34.99126348948271,35.34239951074476,34.471033016249926,34.682477736404465,34.61198708895573
2012-06-10 12:56:25.450353234,34.991270962414085,35.34239345959821,34.471044352348876,34.68247736984538,34.61202150345739
2012-06-12 13:07:12.183096436,34.99127952870295,35.342387820555025,34.471055852239665,34.682477351069885,34.612055276655404
2012-06-14 13:17:58.915839640,34.991289197759436,35.34238264931702,34.47106755079142,34.68247771306713,34.61208835766388
2012-06-16 13:28:45.648582844,34.99129995395126,35.34237799067577,34.47107947655443,34.68247847959254,34.61212071044792
2012-06-18 13:39:32.381326048,34.9913117566037,35.34237387851257,34.4710916517602,34.682479665167854,34.61215231382361
2012-06-20 13:50:19.114069252,34.99132453999956,35.34237033579846,34.47110409232138,34.68248127508109,34.61218316145801
2012-06-22 14:01:05.846819646,34.99133821337924,35.34236737459424,34.47111680783184,34.682483305386555,34.61221326186919
2012-06-24 14:11:52.579562850,34.99135266094067,35.3423649960504,34.4711298015666,34.68248574290486,34.61224263842616
2012-06-26 14:22:39.312306054,34.99136774183936,35.34236319040722,34.47114307048188,34.68248856522289,34.612271329348964
2012-06-28 14:33:26.045049258,34.99138329018839,35.34236193699468,34.47115660521507,34.682491740693834,34.61229938770859
2012-06-30 14:44:12.777792462,34.99139911505836,35.34236120423252,34.471170390084765,34.682495228437176,34.61232688142703
2012-07-02 14:54:59.510535664,34.99141500047746,35.34236094963021,34.47118440309072,34.68249897833868,34.61235389327725
2012-07-04 15:05:46.243278868,34.99143070543145,35.34236111978697,34.47119861591387,34.6825029310504,34.61238052088322
2012-07-06 15:16:32.976022072,34.991445963863605,35.342361650391744,34.47121299391636,34.6825070179907,34.61240687671986
2012-07-08 15:27:19.708765276,34.99146048467481,35.342362466223214,34.47122749614149,34.682511161344216,34.61243308811311
2012-07-10 15:38:06.441508480,34.99147395172348,35.34236348114982,34.471242075313754,34.68251527406189,34.61245929723985
2012-07-12 15:48:53.174251684,34.991486013493166,35.34236460553714,34.47125667871931,34.68251926586762,34.6124856553425
2012-07-14 15:59:39.906994886,34.991496344404254,35.34236585089133,34.47127128364527,34.682523139660844,34.61251219782253
2012-07-16 16:10:26.639745280,34.991505128382926,35.342367173454576,34.47128590823454,34.68252687946127,34.612538911131516
2012-07-18 16:21:13.372488484,34.991512638063405,35.342368499050465,34.4713005715837,34.68253044902863,34.61256579381993
2012-07-20 16:32:00.105231688,34.991519131036156,35.34236975727506,34.47131529158592,34.68253381646386,34.61259284151149
2012-07-22 16:42:46.837974892,34.99152484984787,35.34237088149687,34.47133008493095,34.68253695420909,34.6126200469031
2012-07-24 16:53:33.570718094,34.99153002200149,35.34237180885686,34.47134496710512,34.68253983904768,34.61264739976492
2012-07-26 17:04:20.303461298,34.991534859956204,35.34237248026846,34.471359952391325,34.68254245210416,34.612674886940276
2012-07-28 17:15:07.036204500,34.99153956112742,35.342372840417546,34.47137505386904,34.682544778844296,34.61270249234576
2012-07-30 17:25:53.768947704,34.991544307886805,35.34237283776246,34.471390283414316,34.68254680907505,34.612730196971164
2012-08-01 17:36:40.501690912,34.99154926756226,35.342372424534005,34.471405651699776,34.68254853694457,34.6127579788795
2012-08-03 17:47:27.234434116,34.99155459243793,35.342371556735415,34.47142116819462,34.68254996094225,34.612785813207
2012-08-05 17:58:13.967177320,34.99156041975419,35.34237019414242,34.47143684116462,34.68255108389864,34.6128136721631
2012-08-07 18:09:00.699920524,34.991566871707654,35.342368300303164,34.47145267767213,34.682551912985524,34.61284152503048
2012-08-09 18:19:47.432670916,34.9915740554512,35.34236584253828,34.471468683576084,34.6825524597159,34.612869338165034
2012-08-11 18:30:34.165414120,34.99158206309393,35.34236279194084,34.47148486353197,34.682552739943944,34.61289707499585
2012-08-13 18:41:20.898157324,34.99159097170117,35.34235912337639,34.471501220991875,34.68255277386505,34.61292469602526
2012-08-15 18:52:07.630900528,34.99160084329452,35.34235481548292,34.47151775820445,34.682552586015824,34.612952158828804
2012-08-17 19:02:54.363643732,34.99161172485179,35.34234985067087,34.47153447621492,34.682552205274064,34.61297941805525
2012-08-19 19:13:41.096386936,34.991623648307055,35.34234421512315,34.47155137486509,34.68255166485878,34.61300642542656
2012-08-21 19:24:27.829130140,34.99163663055061,35.34233789879512,34.47156845279334,34.682551002330186,34.61303312973794
2012-08-23 19:35:14.561873344,34.991650673429,35.3423308954146,34.47158570743463,34.6825502595897,34.61305947685782
2012-08-25 19:46:01.294616548,34.99166576374501,35.34232320248187,34.47160313502047,34.68254948287995,34.613085409727816
2012-08-27 19:56:48.027359752,34.9916818085397,35.342314824901045,34.47162072597542,34.682548721826734,34.61311087773926
2012-08-29 20:07:34.760102952,34.99169833216742,35.342305795438996,34.47163843971745,34.68254803388192,34.61313587249267
2012-08-31 20:18:21.492846156,34.99171493857991,35.342296148020196,34.47165623609895,34.68254748758123,34.613160365872176
2012-09-02 20:29:08.225596552,34.99173129544551,35.342285912693534,34.47167407876902,34.6825471457726,34.613184328799825
2012-09-04 20:39:54.958339756,34.99174711021134,35.3422751166722,34.4716919337297,34.682547064436065,34.613207735504055
2012-09-06 20:50:41.691082960,34.991762130103346,35.342263784333696,34.47170976933596,34.68254729268375,34.61323056351968
2012-09-08 21:01:28.423826160,34.99177614212622,35.34225193721982,34.471727556295725,34.68254787275989,34.61325279368788
2012-09-10 21:12:15.156569364,34.99178897306349,35.342239594036684,34.471745267669874,34.682548840040816,34.61327441015622
2012-09-12 21:23:01.889312568,34.99180048947746,35.34222677065468,34.47176287887221,34.68255022303495,34.613295400378654
2012-09-14 21:33:48.622055772,34.99181059770924,35.34221348010854,34.4717803676695,34.682552043382834,34.613315755115515
2012-09-16 21:44:35.354798976,34.99181924387871,35.34219973259727,34.471797714181434,34.68255431585709,34.61333546843349
2012-09-18 21:55:22.087542180,34.99182641388457,35.3421855354842,34.471814900880666,34.68255704836243,34.61335453770567
2012-09-20 22:06:08.820285384,34.991832133404294,35.342170893296945,34.471831912592776,34.682560241935704,34.61337296361152
2012-09-22 22:16:55.553028588,34.99183646789417,35.34215580772744,34.4718487364963,34.68256389074582,34.61339075013686
2012-09-24 22:27:42.285771796,34.99183952258927,35.34214027763192,34.47186536212272,34.6825679820938,34.613407904573926
2012-09-26 22:38:29.018522188,34.99184144250345,35.34212429903092,34.47188178135645,34.68257249641278,34.61342443752131
2012-09-28 22:49:15.751265392,34.991842412429385,35.34210786510929,34.47189798843487,34.682577407267964,34.613440362883985
2012-09-30 23:00:02.484008596,34.99184265693852,35.34209096621617,34.47191397994827,34.682582681356685,34.6134556978733
2012-10-02 23:10:49.216751800,34.99184244038112,35.34207358986501,34.47192975483992,34.68258827850836,34.61347046300699
2012-10-04 23:21:35.949495004,34.99184206688621,35.34205572073356,34.47194531440601,34.682594151684505,34.61348468210917
2012-10-06 23:32:22.682238208,34.99184188036164,35.34203734066389,34.47196066229567,34.68260024697874,34.61349838231031
2012-10-08 23:43:09.414981408,34.99184226449403,35.342018428662364,34.47197580451102,34.682606503616775,34.6135115940473
2012-10-10 23:53:56.147724612,34.99184364274882,35.34199896089964,34.471990749407055,34.682612853956435,34.61352435106338
2012-10-13 00:04:42.880467816,34.99184647837023,35.341978910710694,34.47200550769177,34.682619223487634,34.61353669040817
2012-10-15 00:15:29.613211020,34.99185123816204,35.341958251118534,34.47202008428476,34.68262553225293,34.61354865867542
2012-10-17 00:26:16.345954224,34.991857950257796,35.341936991984525,34.47203444700914,34.682631747501404,34.613560306667196
2012-10-19 00:37:03.078697428,34.99186648013698,35.34191516563149,34.47204864079024,34.682637899915896,34.61357157942357
2012-10-21 00:47:49.811447820,34.99187672075173,35.341892803566296,34.47206272256796,34.68264402025527,34.61358241251072
2012-10-23 00:58:36.544191024,34.99188856714226,35.34186993728281,34.472076745209066,34.682650134967254,34.6135927488171
2012-10-25 01:09:23.276934228,34.99190191643677,35.341846598261895,34.47209075750712,34.682656266188495,34.61360253855341
2012-10-27 01:20:10.009677432,34.991916667851505,35.34182281797145,34.47210480418252,34.682662431744475,34.61361173925264
2012-10-29 01:30:56.742420636,34.99193272269073,35.341798627866325,34.472118925882484,34.682668645149604,34.61362031577006
2012-10-31 01:41:43.475163840,34.99194998434675,35.341774059388435,34.472133159181055,34.68267491560712,34.613628240283205
2012-11-02 01:52:30.207907044,34.99196835829989,35.34174914396665,34.472147536579115,34.682681248009196,34.61363549229187
2012-11-04 02:03:16.940650248,34.991987752118504,35.34172391301688,34.47216208650434,34.68268764293684,34.61364205861813
2012-11-06 02:14:03.673393452,34.99200807545897,35.34169839794202,34.472176833311266,34.68269409665996,34.61364793340635
2012-11-08 02:24:50.406136656,34.992029240065705,35.341672630131974,34.47219179728122,34.68270060113735,34.61365311812314
2012-11-10 02:35:37.138879856,34.992051159771144,35.34164664096366,34.47220699462238,34.68270714401667,34.6136576215574
2012-11-12 02:46:23.871630252,34.99207375049575,35.341620461800986,34.472222437469746,34.68271370863447,34.6136614598203
2012-11-14 02:57:10.604373460,34.99209693024802,35.34159412399488,34.472238133885114,34.682720274016184,34.61366465634527
2012-11-16 03:07:57.337116664,34.99212061912447,35.341567658883264,34.47225408785714,34.68272681487611,34.613667241888024
2012-11-18 03:18:44.069859868,34.99214473930966,35.34154109779107,34.47227029930128,34.682733301617446,34.613669254526556
2012-11-20 03:29:30.802603068,34.99216921507615,35.34151447203024,34.47228676405984,34.682739700332256,34.6136707396611
2012-11-22 03:40:17.535346272,34.99219397278456,35.34148781289971,34.47230347390192,34.68274597280149,34.61367175001421
2012-11-24 03:51:04.268089476,34.992218940883525,35.34146115168542,34.47232041652346,34.682752076494985,34.61367234563067
2012-11-26 04:01:51.000832680,34.9922440499097,35.34143451966033,34.47233757554723,34.68275796457144,34.61367259387756
2012-11-28 04:12:37.733575884,34.9922692337121,35.34140794794801,34.47235493037294,34.68276358528007,34.61367257019079
2012-11-30 04:23:24.466319088,34.992294589904695,35.34138145019913,34.47237243305073,34.68276881092655,34.61367244707088
2012-12-02 04:34:11.199062292,34.99232024709223,35.34135503773078,34.472390018685154,34.682773523780284,34.61367238739358
2012-12-04 04:44:57.931805496,34.992346247659306,35.341328729760335,34.47240763208514,34.6827776604949,34.613672487488714
2012-12-06 04:55:44.664555888,34.992372626679185,35.341302544085124,34.4724252207993,34.68278116940164,34.613672830114254
2012-12-08 05:06:31.397299092,34.99239941191373,35.34127649708243,34.47244273511598,34.68278401050946,34.61367348445631
2012-12-10 05:17:18.130042296,34.992426623813444,35.34125060370951,34.47246012806322,34.682786155504914,34.613674506129115
2012-12-12 05:28:04.862785500,34.992454275517446,35.341224877503564,34.47247735540873,34.682787587752266,34.61367593717506
2012-12-14 05:38:51.595528704,34.992482372853516,35.341199330581766,34.47249437565996,34.68278830229341,34.61367780606464
2012-12-16 05:49:38.328271908,34.99251091433802,35.34117397364123,34.47251115006405,34.68278830584792,34.61368012769652
2012-12-18 06:00:25.061015112,34.99253989117598,35.34114881595906,34.47252764260784,34.68278761681301,34.61368290339747
2012-12-20 06:11:11.793758316,34.99256928726104,35.34112386539228,34.47254382001786,34.682786265263566,34.6136861209224
2012-12-22 06:21:58.526501516,34.99259907917547,35.34109912837789,34.47255965176036,34.682784292952135,34.61368975445439
2012-12-24 06:32:45.259244720,34.99262923619017,35.341074609932875,34.47257511004129,34.68278175330891,34.61369376460462
2012-12-26 06:43:31.991987924,34.99265972026466,35.34105031365414,34.472590169806296,34.68277871144176,34.6136980984124
2012-12-28 06:54:18.724731128,34.99269048604712,35.341026241718566,34.47260480874072,34.6827752441362,34.61370268934521
2012-12-30 07:05:05.457481524,34.9927214808743,35.341002394883,34.472619007269614,34.682771439855415,34.61370745729864
2013-01-01 07:14:40.736153075,34.99275264477164,35.340978772484235,34.472632748557736,34.682767398740246,34.613712308596426
2013-01-03 07:17:33.570719384,34.99278391045317,35.340955372439026,34.472646018509536,34.68276323260919,34.61371713599043
2013-01-05 07:20:26.405285694,34.99281520332156,35.3409321912441,34.47265880576918,34.682759064958404,34.61372181866065
2013-01-07 07:23:19.239852004,34.99284644146811,35.340909223976126,34.472671101720515,34.68275503096171,34.61372622221524
2013-01-09 07:26:12.074418314,34.99287753567275,35.34088646429174,34.4726829004871,34.68275127747058,34.61373019869046
2013-01-11 07:29:04.908984623,34.99290838940402,35.340863904427536,34.47269419893221,34.68274796301415,34.61373358655074
2013-01-13 07:31:57.743550933,34.992938898819126,35.34084153520008,34.4727049966588,34.68274525779923,34.6137362106886
2013-01-15 07:34:50.578117243,34.992968952813044,35.34081934659525,34.47271529536735,34.68274334408673,34.61373788114338
2013-01-17 07:37:43.412683553,34.99299847822698,35.340797365724484,34.472725055579076,34.68274237069966,34.61373839305867
2013-01-19 07:40:36.247249863,34.99302752484542,35.34077556881629,34.47273428833099,34.68274224363088,34.613737899184954
2013-01-21 07:43:29.081816172,34.993056161421514,35.34075389745688,34.47274304232741,34.68274281112912,34.613736667944586
2013-01-23 07:46:21.916389653,34.99308445314515,35.34073229733909,34.47275136290138,34.6827439311882,34.61373494864252
2013-01-25 07:49:14.750955962,34.99311246164287,35.340710718262415,34.47275929201471,34.68274547154703,34.613732971466284
2013-01-27 07:52:07.585522272,34.993140244977944,35.34068911413299,34.47276686825795,34.68274730968961,34.61373094748602
2013-01-29 07:55:00.420088582,34.993167857650334,35.34066744296362,34.47277412685038,34.68274933284505,34.61372906865446
2013-01-31 07:57:53.254654892,34.99319535059668,35.34064566687373,34.47278109964006,34.68275143798753,34.61372750780692
2013-02-02 08:00:46.089221202,34.993222771190354,35.340623752089414,34.47278781510376,34.68275353183634,34.61372641866135
2013-02-04 08:03:38.923787511,34.9932501632414,35.340601668943386,34.472794298347004,34.68275553085587,34.613725935818245
2013-02-06 08:06:31.758353821,34.99327756699657,35.340579391875046,34.472800571104074,34.68275736125558,34.61372617476073
2013-02-08 08:09:24.592920131,34.99330501913931,35.3405568994304,34.472806651737976,34.68275895899004,34.61372723185451
2013-02-10 08:12:17.427486440,34.993332552789774,35.340534174262146,34.47281255524047,34.68276026975893,34.6137291843479
2013-02-12 08:15:10.262052750,34.9933601975048,35.34051120312959,34.47281829323208,34.68276124900698,34.61373209037179
2013-02-14 08:18:03.096619060,34.993387979277934,35.3404879768987,34.47282387396204,34.68276186192405,34.61373598893969
2013-02-16 08:20:55.931192540,34.99341592053943,35.340464490542104,34.47282930230836,34.682762083445084,34.61374089994768
2013-02-18 08:23:48.765758850,34.993444040156206,35.34044074313906,34.47283457977777,34.68276189825012,34.61374682417445
2013-02-20 08:26:41.600325159,34.99347235343192,35.34041673787549,34.47283970450576,34.68276130076429,34.613753743281286
2013-02-22 08:29:34.434891470,34.9935008721069,35.34039248204395,34.47284467125656,34.68276029515781,34.61376161981207
2013-02-24 08:32:27.269457780,34.99352960435818,35.34036798704364,34.47284947142315,34.682758895346005,34.61377039719328
2013-02-26 08:35:20.104024089,34.99355855479949,35.34034326838043,34.47285409302725,34.68275712498929,34.61377999973397
2013-02-28 08:38:12.938590399,34.993587724481266,35.34031834566681,34.47285852071932,34.68275501749316,34.613790332625825
2013-03-02 08:41:05.773156709,34.99361711089064,35.34029324262193,34.47286273577857,34.68275261600822,34.6138012819431
2013-03-04 08:43:58.607723018,34.993646726404656,35.34026797388792,34.47286668014657,34.68274999077394,34.61381264747612
2013-03-06 08:46:51.442289328,34.99367662633795,35.34024251881359,34.47287016796203,34.68274730527098,34.61382395235333
2013-03-08 08:49:44.276855638,34.99370672742636,35.34021694705152,34.47287323227029,34.682744652470866,34.61383509025067
2013-03-10 08:52:37.111421947,34.9937369320164,35.34019133750959,34.47287593793994,34.68274210558969,34.61384602120393
2013-03-12 08:55:29.945995428,34.99376714706818,35.340165765341375,34.47287834827139,34.68273973160295,34.613856712145235
2013-03-14 08:58:22.780561738,34.9937972841554,35.340140301946235,34.47288052499686,34.68273759124553,34.61386713690301
2013-03-16 09:01:15.615128048,34.99382725946533,35.340115014969236,34.47288252828043,34.68273573901168,34.613877276202004
2013-03-18 09:04:08.449694357,34.99385699379882,35.34008996830118,34.47288441671799,34.68273422315507,34.61388711766328
2013-03-20 09:07:01.284260667,34.99388641257034,35.34006522207861,34.47288624733725,34.68273308568875,34.613896655804226
2013-03-22 09:09:54.118826977,34.993915445807914,35.34004083268381,34.47288807559778,34.68273236238515,34.61390589203856
2013-03-24 09:12:46.953393286,34.99394402815316,35.3400168527448,34.47288995539094,34.68273208277611,34.613914834676294
2013-03-26 09:15:39.787959596,34.99397209886128,35.33999333113533,34.47289193903995,34.68273227015283,34.613923498923775
2013-03-28 09:18:32.622525906,34.99399960180107,35.33997031297489,34.47289407729984,34.682732941565924,34.61393190688367
2013-03-30 09:21:25.457092216,34.9940264854549,35.3399478396287,34.47289641935748,34.68273410782539,34.61394008755496
2013-04-01 09:24:18.291658525,34.99405270291874,35.33992594870772,34.472899012831576,34.68273577350062,34.61394807683295
2013-04-03 09:27:11.126224835,34.99407821190213,35.339904674068656,34.47290190377263,34.68273793692037,34.613955917509244
2013-04-05 09:30:03.960798316,34.9941029747282,35.339884045813925,34.47290513666301,34.68274059017283,34.6139636592718
2013-04-07 09:32:56.795364626,34.99412695833367,35.33986409029171,34.472908754416885,34.68274371910553,34.613971358704866
2013-04-09 09:35:49.629930936,34.99415013426886,35.33984483009591,34.47291279838028,34.68274730332544,34.613979079289024
2013-04-11 09:38:42.464497244,34.99417247869763,35.33982628406616,34.47291730833102,34.682751316198875,34.61398689140116
2013-04-13 09:41:35.299063554,34.99419397239747,35.33980846728785,34.47292232247878,34.682755724851575,34.61399487231451
2013-04-15 09:44:28.133629864,34.99421460075944,35.33979139109208,34.47292787746506,34.68276049016865,34.61400310619858
2013-04-17 09:47:20.968196174,34.99423435378819,35.339775063055704,34.472934008363175,34.682765566794586,34.61401168411924
2013-04-19 09:50:13.802762484,34.99425322610193,35.3397594870013,34.47294074867829,34.6827709031333,34.61402070403866
2013-04-21 09:53:06.637328794,34.9942712169325,35.339744662997205,34.47294813034738,34.68277644134807,34.61403027081532
2013-04-23 09:55:59.471895102,34.9942883301253,35.33973058735746,34.472956183739264,34.68278211736156,34.61404049620405
2013-04-25 09:58:52.306461412,34.994304574139306,35.33971725264186,34.47296493765458,34.682787860855846,34.61405149885596
2013-04-27 10:01:45.141027722,34.99431996204709,35.339704647655935,34.4729744193258,34.68279359527237,34.61406340431851
2013-04-29 10:04:37.975601204,34.99433454965365,35.339692732439055,34.472984607559795,34.682799206244106,34.61407630800783
2013-05-01 10:07:30.810167512,34.99434856278198,35.33968135610543,34.472995277970405,34.68280448869841,34.61409011421593
2013-05-03 10:10:23.644733822,34.99436211396208,35.339670443774324,34.473006347982654,34.68280940180418,34.61410478764737
2013-05-05 10:13:16.479300132,34.994375290886126,35.33965993722099,34.473017762889455,34.68281392978826,34.614120307144674
2013-05-07 10:16:09.313866442,34.9943881754603,35.33964978228983,34.47302947219886,34.68281806230152,34.6141366496688
2013-05-09 10:19:02.148432752,34.994400843804925,35.33963992889441,34.473041429634016,34.68282179441891,34.61415379029922
2013-05-11 10:21:54.982999062,34.99441336625435,35.33963033101742,34.473053593133216,34.682825126639436,34.61417170223385
2013-05-13 10:24:47.817565372,34.99442580735702,35.33962094671071,34.47306592484985,34.682828064886145,34.61419035678911
2013-05-15 10:27:40.652131680,34.99443822587544,35.33961173809528,34.47307839115242,34.68283062050616,34.61420972339989
2013-05-17 10:30:33.486697990,34.99445067478622,35.33960267136127,34.47309096262456,34.682832810270654,34.61422976961955
2013-05-19 10:33:26.321264300,34.994463201280006,35.33959371676799,34.473103614065025,34.68283465637486,34.614250461119944
2013-05-21 10:36:19.155837782,34.99447584676154,35.33958484864387,34.47311632448768,34.68283618643807,34.61427176169139
2013-05-23 10:39:11.990404090,34.99448864684964,35.3395760453865,34.473129077121484,34.68283743350362,34.614293633242696
2013-05-25 10:42:04.824970400,34.994501631377176,35.33956728946263,34.47314185941056,34.68283843603893,34.61431603580114
2013-05-27 10:44:57.659536710,34.99451482439112,35.33955856740813,34.473154663014114,34.68283923793545,34.61433892751248
2013-05-29 10:47:50.494103020,34.9945282441525,35.339549869828055,34.473167483806485,34.68283988850871,34.61436226464094
2013-05-31 10:50:43.328669330,34.99454190313642,35.33954119139657,34.47318032187711,34.68284044249828,34.61438600156925
2013-06-02 10:53:36.163235640,34.99455580803207,35.33953253085702,34.47319318153057,34.68284096006781,34.6144100907986
2013-06-04 10:56:28.997801948,34.9945699597427,35.33952389102188,34.47320607128654,34.68284150680498,34.61443448294865
2013-06-06 10:59:21.832368258,34.99458435338564,35.33951527877277,34.473219003879834,34.68284215372154,34.614459126757566
2013-06-08 11:02:14.666934568,34.994598978292295,35.33950670506048,34.47323199626036,34.682842977253316,34.61448396908197
2013-06-10 11:05:07.501500878,34.99461381800814,35.339498184904926,34.47324506959316,34.682844059260155,34.61450895489695
2013-06-12 11:08:00.336067188,34.994628850292735,35.339489737395176,34.47325824925839,34.682845487026,34.61453402729611
2013-06-14 11:10:53.170640668,34.99464404711969,35.33948138568947,34.47327156485132,34.68284735325883,34.614559127491496
2013-06-16 11:13:46.005206978,34.99465937467672,35.33947315701515,34.47328505018235,34.682849756090675,34.61458419481366
2013-06-18 11:16:38.839773288,34.9946747933656,35.33946508266875,34.473298743276956,34.682852799077644,34.61460916671162
2013-06-20 11:19:31.674339598,34.99469025780216,35.339457198015936,34.47331268637579,34.682856591199894,34.614633978752856
2013-06-22 11:22:24.508905908,34.99470571907404,35.33944954051771,34.47332692379615,34.68286124169549,34.6146585668291
2013-06-24 11:25:17.343472216,34.99472120472483,35.3394420838503,34.47334142179329,34.68286663281206,34.61468296498521
2013-06-26 11:28:10.178038526,34.9947367283535,35.339434822143055,34.473356146854094,34.68287255772238,34.61470724779343
2013-06-28 11:31:03.012604836,34.99475227129207,35.339427774426,34.47337109329237,34.682878872703526,34.61473146338838
2013-06-30 11:33:55.847171146,34.99476781421741,35.33942095496696,34.4733862552766,34.68288544535931,34.61475565520199
2013-07-02 11:36:48.681737456,34.99478333715116,35.33941437327157,34.473401626829876,34.68289215462028,34.614779861963534
2013-07-04 11:39:41.516303766,34.994798819459795,35.33940803408328,34.47341720182993,34.68289889074372,34.61480411769963
2013-07-06 11:42:34.350870076,34.99481423985457,35.339401937383315,34.473432974009135,34.68290555531367,34.61482845173421
2013-07-08 11:45:27.185443556,34.99482957639157,35.33939607839074,34.47344893695449,34.68291206124086,34.61485288868855
2013-07-10 11:48:20.020009866,34.99484480647166,35.33939044756241,34.473465084107644,34.68291833276281,34.61487744848127
2013-07-12 11:51:12.854576176,34.994859906840546,35.33938503059298,34.47348140876487,34.682924305443755,34.61490214632831
2013-07-14 11:54:05.689142484,34.994874853588705,35.339379808414925,34.47349790407707,34.682929926174666,34.614926992742944
2013-07-16 11:56:58.523708794,34.99488962215144,35.33937475719851,34.4735145630498,34.682935153173254,34.61495199353579
2013-07-18 11:59:51.358275104,34.994904187308855,35.33936984835183,34.47353137854323,34.682939955983976,34.61497714981479
2013-07-20 12:02:44.192841414,34.994918523185866,35.339365048520754,34.473548343272185,34.682944315478004,34.615002457985234
2013-07-22 12:05:37.027407724,34.99493260325218,35.33936031958898,34.47356544980612,34.68294822385327,34.61502790974972
2013-07-24 12:08:29.861974034,34.99494640032233,35.339355618678,34.4735826905691,34.682951684634446,34.61505349210822
2013-07-26 12:11:22.696540344,34.994959886555634,35.33935089814712,34.473600057839874,34.68295471267292,34.61507918735799
2013-07-28 12:14:15.531106656,34.99497303345624,35.339346105593435,34.473617543751786,34.68295733414683,34.61510497309367
2013-07-30 12:17:08.365672964,34.99498581187308,35.33934118385188,34.47363514029282,34.68295958656105,34.6151308222072
2013-08-01 12:20:01.200246444,34.994998191999905,35.33933607099516,34.473652839305615,34.68296151874719,34.615156702887866
2013-08-03 12:22:54.034812752,34.99501014337527,35.3393307003338,34.47367063248743,34.68296319086361,34.61518257862228
2013-08-05 12:25:46.869379064,34.995021634882534,35.339325000416125,34.47368851139017,34.68296467439539,34.61520840819441
2013-08-07 12:28:39.703945372,34.995032634749855,35.339318895028285,34.47370646742036,34.68296605215436,34.61523414568554
2013-08-09 12:31:32.538511684,34.99504311055022,35.33931230319421,34.47372449183916,34.68296741827908,34.61525974047428
2013-08-11 12:34:25.373077992,34.9950530292014,35.33930513917566,34.47374257576239,34.682968878234846,34.6152851372366
2013-08-13 12:37:18.207644304,34.99506235696598,35.33929731247217,34.47376071016048,34.6829705488137,34.615310275945774
2013-08-15 12:40:11.042210612,34.99507101230542,35.339288742419036,34.47377888706269,34.68297257424044,34.61533509813085
2013-08-17 12:43:03.876776924,34.995078924405036,35.33927942481087,34.473797100751504,34.682975007368505,34.61535959676739
2013-08-19 12:45:56.711343232,34.99508623586574,35.33926937255407,34.47381534269424,34.68297773614451,34.61538379176426
2013-08-21 12:48:49.545909544,34.99509309054266,35.33925859890751,34.47383360434584,34.68298065202984,34.615407702071906
2013-08-23 12:51:42.380475852,34.99509962321885,35.33924711833024,34.4738518773381,34.68298365626448,34.61543134545529
2013-08-25 12:54:35.215049332,34.99510595960532,35.33923494648152,34.47387015347964,34.682986659867,34.615454738493874
2013-08-27 12:57:28.049615640,34.99511221634099,35.33922210022077,34.47388842475589,34.68298958363455,34.615477896581616
2013-08-29 13:00:20.884181952,34.99511850099274,35.339208597607644,34.473906683329155,34.68299235814288,34.61550083392697
2013-08-31 13:03:13.718748260,34.995124912055374,35.33919445790194,34.47392492153854,34.68299492374632,34.615523563552905
2013-09-02 13:06:06.553314572,34.995131538951625,35.33917970156368,34.473943131899986,34.6829972305778,34.61554609729687
2013-09-04 13:08:59.387880880,34.99513846203218,35.33916435025306,34.473961307106286,34.68299923854882,34.615568445810844
2013-09-06 13:11:52.222447192,34.99514575257565,35.33914842683047,34.47397944002704,34.68300091734947,34.61559061856128
2013-09-08 13:14:45.057013500,34.995153472788594,35.33913195535651,34.47399752370868,34.683002246448446,34.61561262382913
2013-09-10 13:17:37.891579812,34.99516167580549,35.33911496109193,34.47401555137451,34.683003215093024,34.615634468709864
2013-09-12 13:20:30.726146120,34.99517040568877,35.3390974704977,34.474033516424605,34.683003822309054,34.61565615911345
2013-09-14 13:23:23.560712428,34.99517969742878,35.339079511234985,34.474051412435934,34.68300407690099,34.61567769976435
2013-09-16 13:26:16.395278736,34.99518957694382,35.33906111216512,34.47406923316225,34.68300399745187,34.615699094201524
2013-09-18 13:29:09.229852220,34.99520006108013,35.33904230334964,34.47408697253416,34.68300361232332,34.61572034477844
2013-09-20 13:32:02.064418528,34.99521115761188,35.339023116050285,34.4741046246591,34.683002959655546,34.61574145266306
2013-09-22 13:34:54.898984840,34.99522286524115,35.33900358272896,34.47412218382134,34.68300208736735,34.61576241783784
2013-09-24 13:37:47.733551148,34.99523517359801,35.33898373704776,34.47413964448199,34.683001053156126,34.61578323909977
2013-09-26 13:40:40.568117460,34.995248063240425,35.33896361386901,34.47415700127896,34.68299992449784,34.615803914060294
2013-09-28 13:43:33.402683768,34.995261505654305,35.33894324925518,34.47417424902704,34.682998778647075,34.61582443914539
2013-09-30 13:46:26.237250080,34.995275463253506,35.338922680468954,34.474191382717805,34.68299770263697,34.61584480959552
2013-10-02 13:49:19.071816388,34.995289889379805,35.338901945973205,34.47420839751969,34.682996793279266,34.61586501946566
2013-10-04 13:52:11.906382696,34.995304728302926,35.33888108543099,34.474225288777966,34.68299615716429,34.615885061625264
2013-10-06 13:55:04.740949004,34.99531991522053,35.33886013970557,34.474242052014716,34.68299591066096,34.61590492775831
2013-10-08 13:57:57.575515316,34.99533537625821,35.33883915086036,34.47425868292887,34.682996179916785,34.615924608363265
2013-10-10 14:00:50.410081624,34.99535102508472,35.33881816210985,34.474275175154496,34.68299710595335,34.61594410359308
2013-10-12 14:03:43.244655108,34.99536672467849,35.33879720546911,34.47429148318858,34.68299889817578,34.615963610536966
2013-10-14 14:06:36.079221416,34.995382467118816,35.33877628548132,34.47430762058488,34.68300155797725,34.61598306215362
2013-10-16 14:09:28.913787728,34.99539828907609,35.33875540224624,34.47432362551129,34.68300501523858,34.61600227852606
2013-10-18 14:12:21.748354036,34.995414224921504,35.33873455507068,34.47433953377237,34.68300920049028,34.61602109447804
2013-10-20 14:15:14.582920348,34.99543030672702,35.33871374246849,34.47435537880932,34.68301404491256,34.61603935957405
2013-10-22 14:18:07.417486656,34.99544656426539,35.33869296216057,34.474371191700016,34.683019480335275,34.61605693811932
2013-10-24 14:21:00.252052964,34.99546302501016,35.33867221107483,34.47438700115897,34.68302543923796,34.61607370915981
2013-10-26 14:23:53.086619272,34.99547971413563,35.33865148534624,34.474402833537376,34.68303185474985,34.616089566482195
2013-10-28 14:26:45.921185584,34.99549665451692,35.33863078031681,34.47441871282306,34.68303866064982,34.61610441861393
2013-10-30 14:29:38.755751892,34.995513866729915,35.33861009053558,34.47443466064051,34.68304579136646,34.61611818882316
2013-11-01 14:32:31.590318204,34.995531369051285,35.33858940975864,34.474450696250884,34.683053181978,34.616130815118794
2013-11-03 14:35:24.424884512,34.99554917745849,35.3385687309491,34.474466836551976,34.68306076821237,34.61614225025046
2013-11-05 14:38:17.259457996,34.99556730562978,35.338548046277126,34.47448309607825,34.683068486447176,34.61615246170853
2013-11-07 14:41:10.094024304,34.995585764944174,35.33852734711992,34.474499487000834,34.68307627370968,34.61616143172411
2013-11-09 14:44:02.928590616,34.99560456448148,35.33850662406172,34.47451601912749,34.68308406767683,34.61616915726903
2013-11-11 14:46:55.763156924,34.995623711022304,35.338485866893805,34.47453269990265,34.683091806675264,34.616175650055865
2013-11-13 14:49:48.597723236,34.99564320904802,35.33846506461449,34.47454953440741,34.68309942968128,34.61618093653792
2013-11-15 14:52:41.432289540,34.99566306074079,35.33844420542912,34.474566525359506,34.68310687632085,34.61618505790925
2013-11-17 14:55:34.266855852,34.99568326598357,35.3384232767501,34.47458367311334,34.68311408686964,34.61618807010461
2013-11-19 14:58:27.101422160,34.99570382236009,35.33840226519686,34.47460097565996,34.68312100225297,34.616190043799534
2013-11-21 15:01:19.935988472,34.99572472515487,35.33838115659588,34.47461842862709,34.68312756404585,34.61619106441026
2013-11-23 15:04:12.770554780,34.995745967353216,35.338359935980655,34.474636025279096,34.68313371447296,34.61619123209376
2013-11-25 15:07:05.605121092,34.9957675396412,35.33833858759175,34.474653756517,34.683139396408656,34.616190661747765
2013-11-27 15:09:58.439694572,34.99578943040571,35.33831709487674,34.47467161087849,34.683144553376984,34.61618948301072
2013-11-29 15:12:51.274260884,34.9958116257344,35.33829544049026,34.4746895745379,34.683149129551644,34.616187840261816
2013-12-01 15:15:44.108827192,34.995834109415696,35.33827360629398,34.47470763130622,34.683153069756024,34.61618589262096
2013-12-03 15:18:36.943393504,34.99585686293883,35.3382515733566,34.47472576263111,34.68315631946319,34.61618381394882
2013-12-05 15:21:29.777959808,34.995879728630136,35.338229256378085,34.47474393555652,34.68315884351248,34.616182008879775
2013-12-07 15:24:22.612526120,34.99590252747193,35.33820658870797,34.47476210292097,34.68316067046676,34.61618090955796
2013-12-09 15:27:15.447092428,34.99592532947644,35.33818364252554,34.474780232520324,34.68316183680814,34.61618053728504
2013-12-11 15:30:08.281658740,34.99594820284614,35.33816048862957,34.47479829307842,34.683162379296455,34.61618090289063
2013-12-13 15:33:01.116225048,34.995971211143015,35.33813719496278,34.47481625404409,34.68316233510576,34.61618201124227
2013-12-15 15:35:53.950791360,34.99599441328859,35.338113826611874,34.4748340855912,34.68316174182432,34.616183861245425
2013-12-17 15:38:46.785357668,34.99601786356389,35.3380904458075,34.474851758618584,34.68316063745458,34.61618644584348
2013-12-19 15:41:39.619923980,34.996041611609485,35.33806711192426,34.47486924475011,34.68315906041321,34.61618975201775
2013-12-21 15:44:32.454497460,34.99606570242545,35.33804388148072,34.474886516334635,34.683157049531076,34.61619376078749
2013-12-23 15:47:25.289063772,34.99609017637139,35.33802080813941,34.47490354644602,34.683154644053246,34.61619844720985
2013-12-25 15:50:18.123630076,34.996115069166436,35.33799794270681,34.47492030888314,34.683151883639006,34.616203780379934
2013-12-27 15:53:10.958196388,34.99614041188923,35.33797533313335,34.47493677816986,34.68314880836183,34.61620972343075
2013-12-29 15:56:03.792762696,34.99616623097795,35.33795302451344,34.474952929555066,34.68314545870939,34.61621623353326
2013-12-31 15:58:56.627329008,34.99619254823029,35.337931059085435,34.47496873901263,34.683141875583594,34.616223261896316
2014-01-02 16:01:49.461895317,34.99621938080346,35.33790947623165,34.47498418324144,34.68313810030052,34.616230753766715
2014-01-04 16:04:42.296461627,34.9962467412142,35.33788831247835,34.47499923966539,34.68313417459046,34.616238648429196
2014-01-06 16:07:35.131027937,34.99627463733877,35.33786760149578,34.47501388643336,34.68313014059792,34.616246879206386
2014-01-08 16:10:27.965594246,34.996303072412964,35.33784737409812,34.47502810241926,34.683126040881604,34.61625537345887
2014-01-10 16:13:20.800160556,34.99633204503208,35.33782765824352,34.47504186722198,34.68312191841441,34.61626405258514
2014-01-12 16:16:13.634726866,34.99636154915094,35.33780847903409,34.475055161165436,34.68311781658346,34.61627283202162
2014-01-14 16:19:06.469300346,34.9963915740839,35.337789858715894,34.47506796529853,34.683113779190066,34.61628162124267
2014-01-16 16:21:59.303866656,34.99642210450484,35.337771816678945,34.47508026139517,34.683109850449746,34.61629032376055
2014-01-18 16:24:52.138432966,34.996453120447136,35.33775436945724,34.47509203195429,34.68310607499222,34.61629883712548
2014-01-20 16:27:44.972999275,34.99648459730372,35.3377375307287,34.4751032601998,34.68310249786142,34.61630705292556
2014-01-22 16:30:37.807565585,34.99651650582703,35.33772131131524,34.475113930080624,34.68309916451547,34.61631485678687
2014-01-24 16:33:30.642131895,34.996548812129035,35.337705719182715,34.4751240262707,34.68309612082671,34.616322128373376
2014-01-26 16:36:23.476698204,34.996581477681204,35.337690759440925,34.47513353416895,34.68309341308168,34.61632874138698
2014-01-28 16:39:16.311264515,34.996614394667404,35.337676406327645,34.47514242925462,34.6830910786482,34.61633460752399
2014-01-30 16:42:09.145830824,34.99664712178323,35.33766246415448,34.47515064977839,34.68308909194984,34.61633992235314
2014-02-01 16:45:01.980397134,34.99667947862754,35.33764881313849,34.47515820231359,34.683087440285185,34.6163448030542
2014-02-03 16:47:54.814963444,34.9967113512855,35.337635360039464,34.47516510667229,34.68308611628614,34.61634933521061
2014-02-05 16:50:47.649529753,34.996742640221726,35.33762201806916,34.47517138568041,34.68308511191916,34.61635360189365
2014-02-07 16:53:40.484103234,34.99677326028036,35.337608706891366,34.47517706517767,34.683084418485215,34.6163576836624
2014-02-09 16:56:33.318669543,34.996803140685,35.33759535262186,34.4751821740176,34.68308402661981,34.61636165856373
2014-02-11 16:59:26.153235853,34.99683222503879,35.33758188782842,34.475186744067564,34.683083926292966,34.61636560213232
2014-02-13 17:02:18.987802163,34.99686047132432,35.33756825153082,34.475190810208744,34.68308410680926,34.61636958739064
2014-02-15 17:05:11.822368473,34.99688785190368,35.337554389200854,34.47519441033614,34.68308455680777,34.616373684848995
2014-02-17 17:08:04.656934783,34.99691435351848,35.3375402527623,34.47519758535854,34.683085264262125,34.61637796250545
2014-02-19 17:10:57.491501093,34.99693997728979,35.337525800590946,34.4752003791986,34.68308621648047,34.61638248584591
2014-02-21 17:13:50.326067402,34.9969647387182,35.337510997514585,34.47520283879275,34.68308740010548,34.61638731784405
2014-02-23 17:16:43.160633712,34.996988667683766,35.337495814813,34.475205014091266,34.68308880111436,34.616392518961376
2014-02-25 17:19:35.995200022,34.99701180844607,35.33748023021799,34.47520695805822,34.683090404818856,34.61639814714718
2014-02-27 17:22:28.829766331,34.99703421964414,35.337464227913344,34.47520872667153,34.683092195865214,34.61640425783857
2014-03-01 17:25:21.664332641,34.99705597429656,35.33744779853487,34.4752103789229,34.68309415823425,34.61641090396043
2014-03-03 17:28:14.498906122,34.99707715980134,35.33743093917034,34.47521197681788,34.68309627524127,34.61641813592548
2014-03-05 17:31:07.333472432,34.997097877936035,35.337413653359576,34.47521358537581,34.68309852953613,34.616426001634224
2014-03-07 17:34:00.168038741,34.99711824485766,35.33739595109437,34.47521527262987,34.68310090310322,34.61643454647496
2014-03-09 17:36:53.002605051,34.99713839110274,35.33737784881853,34.475217109627046,34.68310337726144,34.61644381332382
2014-03-11 17:39:45.837171361,34.99715846158729,35.33735936942785,34.47521917042815,34.68310593266423,34.61645384254471
2014-03-13 17:42:38.671737670,34.99717861560681,35.33734054227015,34.4752215321078,34.68310854929956,34.61646467198935
2014-03-15 17:45:31.506303980,34.997199026836306,35.33732140314523,34.47522427475446,34.68311120648993,34.61647633699725
2014-03-17 17:48:24.340870290,34.99721988333027,35.3373019943049,34.47522748147036,34.68311388289237,34.61648887039574
2014-03-19 17:51:17.175436599,34.99724138752268,35.337282364452975,34.475231238371606,34.683116556498426,34.61650230249996
2014-03-21 17:54:10.010002909,34.997263679228006,35.337262550837174,34.47523561308171,34.68311920278041,34.616516671649265
2014-03-23 17:57:02.844569219,34.99728655810114,35.33724253984937,34.4752405568902,34.68312182019553,34.6165319369274
2014-03-25 17:59:55.679135529,34.99730987354441,35.337222359257474,34.4752460123545,34.68312444163109,34.616547916863254
2014-03-27 18:02:48.513709009,34.99733349597794,35.3372020425525,34.47525192865208,34.68312709668696,34.61656443749925
2014-03-29 18:05:41.348275319,34.99735730331892,35.337181624699134,34.475258258695966,34.683129809937384,34.6165813397405
2014-03-31 18:08:34.182841629,34.99738118098165,35.33716114213576,34.4752649591348,34.68313260093096,34.61659847935478
2014-04-02 18:11:27.017407939,34.99740502187748,35.33714063277442,34.47527199035279,34.68313548419063,34.616615726972555
2014-04-04 18:14:19.851974248,34.997428726414896,35.33712013600083,34.475279316469724,34.68313846921368,34.616632968086975
2014-04-06 18:17:12.686540558,34.997452202499424,35.33709969267438,34.475286905340994,34.68314156047177,34.61665010305386
2014-04-08 18:20:05.521106867,34.99747536553371,35.33707934512815,34.47529472855755,34.683144757410886,34.6166670470917
2014-04-10 18:22:58.355673177,34.99749813841748,35.33705913716888,34.47530276144595,34.6831480544514,34.616683730281686
2014-04-12 18:25:51.190239487,34.99752045154753,35.337039114076994,34.47531098306832,34.683151440988,34.616700097567666
2014-04-14 18:28:44.024805797,34.99754224281776,35.33701932260659,34.47531937622238,34.68315490138974,34.61671610875617
2014-04-16 18:31:36.859372108,34.99756345761916,35.33699981098543,34.47532792744142,34.68315841500004,34.616731738516435
2014-04-18 18:34:29.693938418,34.99758404883979,35.33698062891498,34.47533662699433,34.683161956136644,34.616746976380334
2014-04-20 18:37:22.528511896,34.997603976864816,35.33696182757035,34.47534546888557,34.68316549409168,34.61676182674244
2014-04-22 18:40:15.363078206,34.99762320957648,35.33694345960034,34.47535445085519,34.68316899313161,34.61677630886001
2014-04-24 18:43:08.197644516,34.99764172235412,35.33692557912743,34.47536357437884,34.68317241249724,34.616790456852975
2014-04-26 18:46:01.032210826,34.99765949807414,35.336908241747764,34.475372844667724,34.68317570640375,34.616804319703945
2014-04-28 18:48:53.866777136,34.99767652711006,35.33689150453117,34.475382270668646,34.68317882404065,34.61681796125819
2014-04-30 18:51:46.701343446,34.99769280733246,35.336875426021145,34.475391865064,34.683181709571826,34.61683146022369
2014-05-02 18:54:39.535909756,34.99770834410904,35.33686006623487,34.47540164427174,34.68318430213549,34.616844910171096
2014-05-04 18:57:32.370476066,34.99772315030455,35.336845486663194,34.475411628445435,34.68318653584422,34.61685841953371
2014-05-06 19:00:25.205042376,34.997737246280856,35.33683175027065,34.47542184147422,34.68318833978495,34.616872111607556
2014-05-08 19:03:18.039608686,34.997750655586884,35.3368189232091,34.47543231158261,34.68318963785787,34.61688612293405
2014-05-10 19:06:10.874174994,34.997763223841076,35.336807133146436,34.47544308966609,34.68319035673696,34.61690050952047
2014-05-12 19:09:03.708741304,34.99777497405877,35.33679639790551,34.47545418426815,34.68319047143226,34.61691532343642
2014-05-14 19:11:56.543314784,34.99778605641608,35.33678667350911,34.47546558198506,34.683189973057274,34.61693064695566
2014-05-16 19:14:49.377881094,34.997796611364436,35.33677791529317,34.4754772697996,34.68318885649994,34.61694655381214
2014-05-18 19:17:42.212447402,34.99780676963061,35.33677007790679,34.475489235080985,34.68318712042262,34.61696310920007
2014-05-20 19:20:35.047013714,34.997816652216684,35.33676311531223,34.47550146558496,34.68318476726211,34.61698036977387
2014-05-22 19:23:27.881580024,34.99782637040011,35.3367569807849,34.47551394945371,34.68318180322965,34.61699838364819
2014-05-24 19:26:20.716146334,34.99783602573365,35.336751626913376,34.47552667521591,34.68317823831089,34.61701719039791
2014-05-26 19:29:13.550712644,34.99784571004537,35.33674700559939,34.475539631786724,34.68317408626592,34.61703682105812
2014-05-28 19:32:06.385278954,34.997855505438714,35.33674306805785,34.47555280846777,34.68316936462928,34.61705729812416
2014-05-30 19:34:59.219845262,34.99786548429243,35.3367397648168,34.47556619494716,34.6831640947099,34.61707863555157
2014-06-01 19:37:52.054411572,34.99787570926061,35.33673704571744,34.47557978129949,34.68315830159119,34.61710083875614
2014-06-03 19:40:44.888977882,34.997886233272666,35.33673485991416,34.47559355798582,34.683152014130954,34.617123904613855
2014-06-05 19:43:37.723551362,34.99789709953334,35.33673315587448,34.47560751585369,34.683145264961446,34.61714782146097
2014-06-07 19:46:30.558117670,34.99790834152272,35.336731881379094,34.47562164613713,34.683138090489344,34.61717256909391
2014-06-09 19:49:23.392683980,34.9979199829962,35.33673098352185,34.47563594045663,34.68313053089575,34.61719811876938
2014-06-11 19:52:16.227250292,34.99793203798453,35.33673040870976,34.475650390819176,34.68312263013623,34.61722443320427
2014-06-13 19:55:09.061816602,34.99794451079379,35.33673010266299,34.475664989618224,34.683114435940745,34.61725146657573
2014-06-15 19:58:01.896382912,34.99795739600537,35.33673001041487,34.47567972963371,34.6831059998137,34.61727916452109
2014-06-17 20:00:54.730949222,34.99797067847601,35.33673007631188,34.47569460403204,34.68309737703393,34.617307464137966
2014-06-19 20:03:47.565515530,34.997984333337776,35.336730244013665,34.47570960636611,34.68308862665471,34.617336293984145
2014-06-21 20:06:40.400081840,34.997998325998054,35.336730456493044,34.47572473057528,34.68307981150374,34.61736557407767
2014-06-23 20:09:33.234648150,34.998012612139576,35.33673065603596,34.4757399709854,34.68307099818314,34.61739521589679
2014-06-25 20:12:26.069214460,34.998027137720406,35.33673078424156,34.47575532230881,34.683062257069494,34.61742512238001
2014-06-27 20:15:18.903780770,34.99804183897393,35.3367307820221,34.475770779644286,34.683053662313775,34.61745518792603
2014-06-29 20:18:11.738354248,34.99805664240886,35.33673058960305,34.47578633847713,34.68304529184142,34.617485298393795
2014-07-01 20:21:04.572920558,34.998071464809264,35.336730146522996,34.47580199467909,34.68303722735228,34.61751533110245
2014-07-03 20:23:57.407486870,34.99808621323451,35.336729391633696,34.475817744508404,34.68302955432065,34.61754515483141
2014-07-05 20:26:50.242053180,34.99810068208324,35.336728292201165,34.475833590420855,34.68302239451093,34.61757455172431
2014-07-07 20:29:43.076619490,34.99811439241394,35.33672691289336,34.47584955684078,34.68301592792423,34.61760312987793
2014-07-09 20:32:35.911185800,34.99812736368621,35.336725209152924,34.475865648396805,34.683010138806594,34.61763092000879
2014-07-11 20:35:28.745752108,34.998139670305854,35.33672312609294,34.475881866285505,34.68300499111469,34.617657995818476
2014-07-13 20:38:21.580318418,34.99815138389013,35.33672061329745,34.47589821105954,34.683000448715234,34.617684427814346
2014-07-15 20:41:14.414884728,34.998162573267706,35.33671762482142,34.47591468262765,34.68299647538491,34.61771028330956
2014-07-17 20:44:07.249451038,34.9981733044787,35.33671411919079,34.47593128025474,34.68299303481044,34.617735626423084
2014-07-19 20:47:00.084017348,34.99818364077465,35.33671005940243,34.47594800256175,34.68299009058854,34.61776051807968
2014-07-21 20:49:52.918583658,34.99819364261854,35.336705412924154,34.47596484752578,34.68298760622596,34.617785016009904
2014-07-23 20:52:45.753157138,34.99820336768477,35.33670015169474,34.47598181247999,34.68298554513942,34.617809174750114
2014-07-25 20:55:38.587723446,34.998212870859206,35.3366942521239,34.47599889411368,34.682983870655676,34.61783304564247
2014-07-27 20:58:31.422289756,34.99822220423911,35.336687695092294,34.47601608847223,34.6829825460115,34.617856676834926
2014-07-29 21:01:24.256856064,34.998231417133205,35.336680465951524,34.476033390957134,34.68298153435365,34.617880113281245
2014-07-31 21:04:17.091422376,34.998240556061624,35.33667255452416,34.476050796325985,34.68298079873891,34.61790339674097
2014-08-02 21:07:09.925988684,34.99824966475596,35.336663955103674,34.476068298692496,34.68298030213406,34.61792656577946
2014-08-04 21:10:02.760554996,34.99825878415921,35.33665466645454,34.476085891526466,34.682980007415914,34.617949655767866
2014-08-06 21:12:55.595121304,34.99826795242583,35.33664469181215,34.4761035676538,34.68297987737127,34.61797269888314
2014-08-08 21:15:48.429687616,34.99827720492169,35.33663403888282,34.47612131925652,34.68297987469694,34.61799572410803
2014-08-10 21:18:41.264253924,34.99828657422412,35.33662271984387,34.476139137872735,34.682979961999756,34.61801875723108
2014-08-12 21:21:34.098820236,34.99829609012185,35.336610751343514,34.47615701439667,34.68298010179655,34.618041820846635
2014-08-14 21:24:26.933386544,34.99830577961505,35.33659815450093,34.47617493907865,34.68298025651417,34.61806493435485
2014-08-16 21:27:19.767960024,34.99831566691536,35.336584954906264,34.47619290152512,34.68298038848947,34.61808811396166
2014-08-18 21:30:12.602526332,34.998325773445806,35.336571182620574,34.47621089069859,34.68298045996931,34.61811137267882
2014-08-20 21:33:05.437092644,34.99833611784087,35.33655687217588,34.47622889491771,34.682980433110565,34.618134720323866
2014-08-22 21:35:58.271658952,34.998346715946475,35.336542062575155,34.47624690185723,34.68298026998011,34.61815816352013
2014-08-24 21:38:51.106225264,34.998357580819956,35.336526797292315,34.47626489854798,34.68297993255485,34.61818170569676
2014-08-26 21:41:43.940791572,34.99836872273009,35.33651112427222,34.476282871376924,34.682979382721676,34.618205347088704
2014-08-28 21:44:36.775357884,34.99838014915711,35.336495095930665,34.47630080608712,34.6829785822775,34.61822908473668
2014-08-30 21:47:29.609924192,34.998391864763505,35.33647876916628,34.4763186877767,34.68297749293656,34.61825291246153
2014-09-01 21:50:22.444490504,34.998403540224984,35.3364623289979,34.47633649130928,34.68297617081525,34.6182765238895
2014-09-03 21:53:15.279056812,34.99841482253588,35.33644592836953,34.47635419836685,34.68297472196743,34.61829957281414
2014-09-05 21:56:08.113623124,34.998425667828954,35.33642958315453,34.47637180388982,34.68297318603098,34.61832198185539
2014-09-07 21:59:00.948189432,34.998436041736674,35.336413304420965,34.47638930378902,34.68297160071117,34.61834368278464
2014-09-09 22:01:53.782762912,34.9984459193912,35.33639709843158,34.47640669494565,34.68297000178065,34.61836461652472
2014-09-11 22:04:46.617329220,34.9984552854244,35.33638096664381,34.4764239752113,34.68296842307946,34.61838473314991
2014-09-13 22:07:39.451895532,34.99846413396782,35.33636490570979,34.47644114340793,34.68296689651501,34.61840399188592
2014-09-15 22:10:32.286461840,34.99847246865272,35.33634890747635,34.476458199327915,34.68296545206209,34.618422361109914
2014-09-17 22:13:25.121028152,34.998480302610055,35.336332958985004,34.47647514373398,34.6829641177629,34.618439818350495
2014-09-19 22:16:17.955594460,34.998487658470474,35.33631704247197,34.47649197835926,34.682962919726975,34.61845635028773
2014-09-21 22:19:10.790160772,34.99849456836432,35.33630113536815,34.47650870590728,34.68296188213127,34.61847195275311
2014-09-23 22:22:03.624727080,34.99850107392164,35.336285210299145,34.476525330051906,34.68296102722011,34.61848663072957
2014-09-25 22:24:56.459293392,34.99850722627217,35.336269235085254,34.476541855437446,34.6829603753052,34.6185003983515
2014-09-27 22:27:49.293859700,34.99851308604536,35.33625317274145,34.47655828767856,34.68295994476562,34.618513278904736
2014-09-29 22:30:42.128426008,34.99851872337033,35.33623698147742,34.4765746333603,34.68295975204785,34.61852530482654
2014-10-01 22:33:34.962992316,34.998524217875925,35.33622061469753,34.4765909000381,34.68295981166573,34.61853651770564
2014-10-03 22:36:27.797565800,34.99852965869068,35.33620402100085,34.47660709623778,34.682960136200506,34.61854696828221
2014-10-05 22:39:20.632132108,34.998535144442805,35.336187144181146,34.47662323145555,34.68296073630078,34.618556716447834
2014-10-07 22:42:13.466698420,34.99854078326024,35.336169923226855,34.476639316158,34.68296162068255,34.61856583124558
2014-10-09 22:45:06.301264728,34.9985466927706,35.336152292321124,34.47665536178211,34.682962796129196,34.618574390869945
2014-10-11 22:47:59.135831040,34.99855300010121,35.336134180841796,34.47667138073523,34.68296426749148,34.618582482666866
2014-10-13 22:50:51.970397348,34.998559841879086,35.3361155133614,34.47668738639513,34.682966037687535,34.618590203133735
2014-10-15 22:53:44.804963660,34.99856736423094,35.33609620964716,34.47670339310992,34.6829681077029,34.61859765791937
2014-10-17 22:56:37.639529968,34.99857572278318,35.33607618466099,34.47671941619812,34.68297047659046,34.61860496182407
2014-10-19 22:59:30.474096280,34.998585082661926,35.336055348559505,34.47673547194864,34.68297314147052,34.61861223879953
2014-10-21 23:02:23.308662584,34.99859561849297,35.33603360669401,34.47675157762077,34.682976097530734,34.61861962194892
2014-10-23 23:05:16.143228896,34.99860744711123,35.33601090881398,34.476767745101455,34.68297933308987,34.61862720311796
2014-10-25 23:08:08.977795208,34.998620372265535,35.33598743574189,34.476783956843796,34.68298281087035,34.618634841651826
2014-10-27 23:11:01.812368688,34.99863437127227,35.33596324352723,34.4768002117282,34.68298650369783,34.618642528955434
2014-10-29 23:13:54.646934996,34.998649443869645,35.33593837396429,34.4768165108043,34.68299038341251,34.61865027525721
2014-10-31 23:16:47.481501308,34.998665576887014,35.33591288042625,34.47683285396024,34.68299441827723,34.61865808314161
2014-11-02 23:19:40.316067616,34.99868274424479,35.33588682786515,34.47684923992268,34.68299857297755,34.61866594754911
2014-11-04 23:22:33.150633928,34.99870090695453,35.335860292811944,34.476865666256806,34.68300280862171,34.61867385577618
2014-11-06 23:25:25.985200236,34.99872001311887,35.33583336337644,34.47688212936632,34.683007082740616,34.61868178747531
2014-11-08 23:28:18.819766548,34.99873999793156,35.335806139247346,34.47689862449342,34.68301134928787,34.618689714655005
2014-11-10 23:31:11.654332852,34.99876078367745,35.335778731692244,34.47691514571885,34.68301555863977,34.618697601679784
2014-11-12 23:34:04.488899164,34.9987822797325,35.3357512635576,34.47693168596185,34.68301965759527,34.61870540527016
2014-11-14 23:36:57.323465472,34.99880438256378,35.335723869268755,34.47694823698018,34.68302358937604,34.618713074502686
2014-11-16 23:39:50.158031784,34.99882697572946,35.33569669482995,34.47696478937012,34.68302729362642,34.61872055080991
2014-11-18 23:42:42.992598096,34.998849929878794,35.33566989782429,34.47698133256647,34.683030706413426,34.61872776798039
2014-11-20 23:45:35.827171576,34.99887310275217,35.33564364741377,34.47699785484254,34.68303376022678,34.61873465215871
2014-11-22 23:48:28.661737884,34.998896339181066,35.33561812433927,34.47701434331015,34.68303638397886,34.618741121845446
2014-11-24 23:51:21.496304196,34.998919471088065,35.33559352092055,34.47703078391966,34.68303850300476,34.618747087897205
2014-11-26 23:54:14.330870504,34.998942317486865,35.335570041056236,34.47704716145992,34.68304003906223,34.618752453526604
2014-11-28 23:57:07.165436816,34.99896468448226,35.33554790022386,34.477063459558316,34.68304091033173,34.61875711430226
2014-12-01 00:00:00.000003120,34.99898636527014,35.33552732547983,34.47707966068074,34.68304103141637,34.61876095814881
